chembl_id,name,smiles,first_approval
CHEMBL2,Prazosin,COc1cc2nc(N3CCN(C(=O)c4ccco4)CC3)nc(N)c2cc1OC,1976.0
CHEMBL3,Nicotine,CN1CCC[C@H]1c1cccnc1,1984.0
CHEMBL4,Ofloxacin,CC1COc2c(N3CCN(C)CC3)c(F)cc3c(=O)c(C(=O)O)cn1c23,1990.0
CHEMBL5,Nalidixic Acid,CCn1cc(C(=O)O)c(=O)c2ccc(C)nc21,1964.0
CHEMBL6,Indomethacin,COc1ccc2c(c1)c(CC(=O)O)c(C)n2C(=O)c1ccc(Cl)cc1,1965.0
CHEMBL403,Sulbactam,CC1(C)[C@H](C(=O)O)N2C(=O)C[C@H]2S1(=O)=O,1986.0
CHEMBL404,Tazobactam,C[C@]1(Cn2ccnn2)[C@H](C(=O)O)N2C(=O)C[C@H]2S1(=O)=O,1993.0
CHEMBL8,Ciprofloxacin,O=C(O)c1cn(C2CC2)c2cc(N3CCNCC3)c(F)cc2c1=O,1987.0
CHEMBL9,Norfloxacin,CCn1cc(C(=O)O)c(=O)c2cc(F)c(N3CCNCC3)cc21,1986.0
CHEMBL405,Amphetamine,CC(N)Cc1ccccc1,1955.0
CHEMBL6622,Isosorbide Dinitrate,O=[N+]([O-])O[C@H]1CO[C@H]2[C@@H]1OC[C@H]2O[N+](=O)[O-],1986.0
CHEMBL6437,Mianserin,CN1CCN2c3ccccc3Cc3ccccc3C2C1,
CHEMBL11,Imipramine,CN(C)CCCN1c2ccccc2CCc2ccccc21,1959.0
CHEMBL406,Indapamide,CC1Cc2ccccc2N1NC(=O)c1ccc(Cl)c(S(N)(=O)=O)c1,1983.0
CHEMBL407,Flumazenil,CCOC(=O)c1ncn2c1CN(C)C(=O)c1cc(F)ccc1-2,1991.0
CHEMBL408,Troglitazone,Cc1c(C)c2c(c(C)c1O)CCC(C)(COc1ccc(CC3SC(=O)NC3=O)cc1)O2,1997.0
CHEMBL409,Bicalutamide,CC(O)(CS(=O)(=O)c1ccc(F)cc1)C(=O)Nc1ccc(C#N)c(C(F)(F)F)c1,1995.0
CHEMBL12,Diazepam,CN1C(=O)CN=C(c2ccccc2)c2cc(Cl)ccc21,1963.0
CHEMBL13,Metoprolol,COCCc1ccc(OCC(O)CNC(C)C)cc1,1978.0
CHEMBL411,Diethylstilbestrol,CC/C(=C(/CC)c1ccc(O)cc1)c1ccc(O)cc1,1973.0
CHEMBL267936,Mecamylamine,CNC1(C)C2CCC(C2)C1(C)C,1956.0
CHEMBL14,Carbachol,C[N+](C)(C)CCOC(N)=O.[Cl-],1972.0
CHEMBL16,Phenytoin,O=C1NC(=O)C(c2ccccc2)(c2ccccc2)N1,1953.0
CHEMBL413,Sirolimus,CO[C@H]1C[C@@H]2CC[C@@H](C)[C@@](O)(O2)C(=O)C(=O)N2CCCC[C@H]2C(=O)O[C@H]([C@H](C)C[C@@H]2CC[C@@H](O)[C@H](OC)C2)CC(=O)[C@H](C)/C=C(\C)[C@@H](O)[C@@H](OC)C(=O)[C@H](C)C[C@H](C)/C=C/C=C/C=C/1C,1999.0
CHEMBL269732,Tacrolimus Anhydrous,C=CC[C@@H]1/C=C(\C)C[C@H](C)C[C@H](OC)[C@H]2O[C@@](O)(C(=O)C(=O)N3CCCC[C@H]3C(=O)O[C@H](/C(C)=C/[C@@H]3CC[C@@H](O)[C@H](OC)C3)[C@H](C)[C@@H](O)CC1=O)[C@H](C)C[C@@H]2OC,1994.0
CHEMBL415,Clomipramine,CN(C)CCCN1c2ccccc2CCc2ccc(Cl)cc21,1989.0
CHEMBL416,Methoxsalen,COc1c2occc2cc2ccc(=O)oc12,1954.0
CHEMBL17,Dichlorphenamide,NS(=O)(=O)c1cc(Cl)c(Cl)c(S(N)(=O)=O)c1,1958.0
CHEMBL18,Ethoxzolamide,CCOc1ccc2nc(S(N)(=O)=O)sc2c1,1982.0
CHEMBL417,Epirubicin,COc1cccc2c1C(=O)c1c(O)c3c(c(O)c1C2=O)C[C@@](O)(C(=O)CO)C[C@@H]3O[C@H]1C[C@H](N)[C@@H](O)[C@H](C)O1,1999.0
CHEMBL19,Methazolamide,CC(=O)/N=c1/sc(S(N)(=O)=O)nn1C,1959.0
CHEMBL20,Acetazolamide,CC(=O)Nc1nnc(S(N)(=O)=O)s1,1953.0
CHEMBL419,Mafenide,NCc1ccc(S(N)(=O)=O)cc1,1969.0
CHEMBL21,Sulfanilamide,Nc1ccc(S(N)(=O)=O)cc1,1985.0
CHEMBL420,Guanabenz,N=C(N)N/N=C/c1c(Cl)cccc1Cl,1982.0
CHEMBL22,Trimethoprim,COc1cc(Cc2cnc(N)nc2N)cc(OC)c1OC,1973.0
CHEMBL6966,Verapamil,COc1ccc(CCN(C)CCCC(C#N)(c2ccc(OC)c(OC)c2)C(C)C)cc1OC,1981.0
CHEMBL421,Sulfasalazine,O=C(O)c1cc(/N=N/c2ccc(S(=O)(=O)Nc3ccccn3)cc2)ccc1O,1950.0
CHEMBL6466,Coumarin,O=c1ccc2ccccc2o1,
CHEMBL23,Diltiazem,COc1ccc([C@@H]2Sc3ccccc3N(CCN(C)C)C(=O)[C@@H]2OC(C)=O)cc1,1982.0
CHEMBL24,Atenolol,CC(C)NCC(O)COc1ccc(CC(N)=O)cc1,1981.0
CHEMBL25,Aspirin,CC(=O)Oc1ccccc1C(=O)O,1950.0
CHEMBL422,Trifluoperazine,CN1CCN(CCCN2c3ccccc3Sc3ccc(C(F)(F)F)cc32)CC1,1959.0
CHEMBL26,Sulpiride,CCN1CCCC1CNC(=O)c1cc(S(N)(=O)=O)ccc1OC,
CHEMBL423,Betaxolol,CC(C)NCC(O)COc1ccc(CCOCC2CC2)cc1,1985.0
CHEMBL424,Salicylic Acid,O=C(O)c1ccccc1O,
CHEMBL425,Olsalazine,O=C(O)c1cc(/N=N/c2ccc(O)c(C(=O)O)c2)ccc1O,1990.0
CHEMBL27,Propranolol,CC(C)NCC(O)COc1cccc2ccccc12,1967.0
CHEMBL6995,Practolol,CC(=O)Nc1ccc(OCC(O)CNC(C)C)cc1,
CHEMBL427,Mechlorethamine,CN(CCCl)CCCl,1949.0
CHEMBL29,Penicillin G,CC1(C)S[C@@H]2[C@H](NC(=O)Cc3ccccc3)C(=O)N2[C@H]1C(=O)O,1947.0
CHEMBL428,Trovafloxacin,N[C@@H]1[C@H]2CN(c3nc4c(cc3F)c(=O)c(C(=O)O)cn4-c3ccc(F)cc3F)C[C@@H]12,1997.0
CHEMBL30,Cimetidine,CN/C(=N\CCSCc1nc[nH]c1C)NC#N,1977.0
CHEMBL31,Gatifloxacin,COc1c(N2CCNC(C)C2)c(F)cc2c(=O)c(C(=O)O)cn(C3CC3)c12,1999.0
CHEMBL429,Labetalol,CC(CCc1ccccc1)NCC(O)c1ccc(O)c(C(N)=O)c1,1984.0
CHEMBL32,Moxifloxacin,COc1c(N2C[C@@H]3CCCN[C@@H]3C2)c(F)cc2c(=O)c(C(=O)O)cn(C3CC3)c12,1999.0
CHEMBL33,Levofloxacin Anhydrous,C[C@H]1COc2c(N3CCN(C)CC3)c(F)cc3c(=O)c(C(=O)O)cn1c23,1996.0
CHEMBL430,Gemifloxacin,CO/N=C1\CN(c2nc3c(cc2F)c(=O)c(C(=O)O)cn3C2CC2)CC1CN,2003.0
CHEMBL431,Spirapril,CCOC(=O)[C@H](CCc1ccccc1)N[C@@H](C)C(=O)N1CC2(C[C@H]1C(=O)O)SCCS2,1994.0
CHEMBL433,Valproate Sodium,CCCC(CCC)C(=O)[O-].[Na+],1996.0
CHEMBL434,Isoproterenol,CC(C)NCC(O)c1ccc(O)c(O)c1,1956.0
CHEMBL435,Hydrochlorothiazide,NS(=O)(=O)c1cc2c(cc1Cl)NCNS2(=O)=O,1959.0
CHEMBL35,Furosemide,NS(=O)(=O)c1cc(C(=O)O)c(NCc2ccco2)cc1Cl,1966.0
CHEMBL36,Pyrimethamine,CCc1nc(N)nc(N)c1-c1ccc(Cl)cc1,1953.0
CHEMBL436,Tolrestat,COc1ccc2c(C(=S)N(C)CC(=O)O)cccc2c1C(F)(F)F,1989.0
CHEMBL437,Sulfathiazole,Nc1ccc(S(=O)(=O)Nc2nccs2)cc1,1945.0
CHEMBL438,Sulfamerazine,Cc1ccnc(NS(=O)(=O)c2ccc(N)cc2)n1,1982.0
CHEMBL439,Sulfadiazine,Nc1ccc(S(=O)(=O)Nc2ncccn2)cc1,1941.0
CHEMBL440,Thiamylal,C=CCC1(C(C)CCC)C(=O)NC(=S)NC1=O,1982.0
CHEMBL441,Thiopental,CCCC(C)C1(CC)C(=O)NC(=S)NC1=O,1982.0
CHEMBL268164,Cyclobarbital,CCC1(C2=CCCCC2)C(=O)NC(=O)NC1=O,
CHEMBL442,Ergotamine,CN1C[C@H](C(=O)N[C@]2(C)O[C@@]3(O)[C@@H]4CCCN4C(=O)[C@H](Cc4ccccc4)N3C2=O)C=C2c3cccc4[nH]cc(c34)C[C@H]21,1948.0
CHEMBL38,Tretinoin,CC1=C(/C=C/C(C)=C/C=C/C(C)=C/C(=O)O)C(C)(C)CCC1,1971.0
CHEMBL7413,Methohexital,C=CCC1(C(C)C#CCC)C(=O)NC(=O)N(C)C1=O,1960.0
CHEMBL40,Phenobarbital,CCC1(c2ccccc2)C(=O)NC(=O)NC1=O,2022.0
CHEMBL41,Fluoxetine,CNCCC(Oc1ccc(C(F)(F)F)cc1)c1ccccc1,1987.0
CHEMBL443,Sulfamethoxazole,Cc1cc(NS(=O)(=O)c2ccc(N)cc2)no1,1973.0
CHEMBL444,Barbital,CCC1(CC)C(=O)NC(=O)NC1=O,
CHEMBL42,Clozapine,CN1CCN(C2=Nc3cc(Cl)ccc3Nc3ccccc32)CC1,1989.0
CHEMBL445,Nortriptyline,CNCCC=C1c2ccccc2CCc2ccccc21,1964.0
CHEMBL446,Sulfamethazine,Cc1cc(C)nc(NS(=O)(=O)c2ccc(N)cc2)n1,1949.0
CHEMBL447,Secobarbital,C=CCC1(C(C)CCC)C(=O)NC(=O)NC1=O,1950.0
CHEMBL448,Pentobarbital,CCCC(C)C1(CC)C(=O)NC(=O)NC1=O,1973.0
CHEMBL7568,Quinacrine,CCN(CC)CCCC(C)Nc1c2ccc(Cl)cc2nc2ccc(OC)cc12,
CHEMBL267894,Amobarbital,CCC1(CCC(C)C)C(=O)NC(=O)NC1=O,
CHEMBL7728,Hexobarbital,CN1C(=O)NC(=O)C(C)(C2=CCCCC2)C1=O,
CHEMBL449,Butabarbital,CCC(C)C1(CC)C(=O)NC(=O)NC1=O,1939.0
CHEMBL7863,Aprobarbital,C=CCC1(C(C)C)C(=O)NC(=O)NC1=O,
CHEMBL450,Metharbital,CCC1(CC)C(=O)NC(=O)N(C)C1=O,1982.0
CHEMBL451,Chlordiazepoxide,CNC1=Nc2ccc(Cl)cc2C(c2ccccc2)=[N+]([O-])C1,1960.0
CHEMBL266349,Melagatran,N=C(N)c1ccc(CNC(=O)[C@@H]2CCN2C(=O)[C@H](NCC(=O)O)C2CCCCC2)cc1,2004.0
CHEMBL452,Clonazepam,O=C1CN=C(c2ccccc2Cl)c2cc([N+](=O)[O-])ccc2N1,1975.0
CHEMBL453,Sulfisoxazole,Cc1noc(NS(=O)(=O)c2ccc(N)cc2)c1C,1971.0
CHEMBL268869,Sulfamethoxypyridazine,COc1ccc(NS(=O)(=O)c2ccc(N)cc2)nn1,
CHEMBL454,Butalbital,C=CCC1(CC(C)C)C(=O)NC(=O)NC1=O,1983.0
CHEMBL455,Sulfacetamide,CC(=O)NS(=O)(=O)c1ccc(N)cc1,1945.0
CHEMBL43,Amsacrine,COc1cc(NS(C)(=O)=O)ccc1Nc1c2ccccc2nc2ccccc12,1987.0
CHEMBL456,Ethacrynic Acid,C=C(CC)C(=O)c1ccc(OCC(=O)O)c(Cl)c1Cl,1967.0
CHEMBL267744,Ticrynafen,O=C(O)COc1ccc(C(=O)c2cccs2)c(Cl)c1Cl,1979.0
CHEMBL457,Gemfibrozil,Cc1ccc(C)c(OCCCC(C)(C)C(=O)O)c1,1981.0
CHEMBL45,Melatonin,COc1ccc2[nH]cc(CCNC(C)=O)c2c1,2007.0
CHEMBL46,Ondansetron,Cc1nccn1CC1CCc2c(c3ccccc3n2C)C1=O,1991.0
CHEMBL49,Buspirone,O=C1CC2(CCCC2)CC(=O)N1CCCCN1CCN(c2ncccn2)CC1,1986.0
CHEMBL51,Ketanserin,O=C(c1ccc(F)cc1)C1CCN(CCn2c(=O)[nH]c3ccccc3c2=O)CC1,
CHEMBL459,Methyldopa,C[C@](N)(Cc1ccc(O)c(O)c1)C(=O)O,1962.0
CHEMBL460,Molindone,CCc1c(C)[nH]c2c1C(=O)C(CN1CCOCC1)CC2,1974.0
CHEMBL53,Apomorphine,CN1CCc2cccc3c2[C@H]1Cc1ccc(O)c(O)c1-3,2001.0
CHEMBL54,Haloperidol,O=C(CCCN1CCC(O)(c2ccc(Cl)cc2)CC1)c1ccc(F)cc1,1967.0
CHEMBL55,Pentamidine,N=C(N)c1ccc(OCCCCCOc2ccc(C(=N)N)cc2)cc1,1984.0
CHEMBL463,Aminohippuric Acid,Nc1ccc(C(=O)NCC(=O)O)cc1,1982.0
CHEMBL464,Etretinate,CCOC(=O)/C=C(C)/C=C/C=C(C)/C=C/c1c(C)cc(OC)c(C)c1C,1986.0
CHEMBL57,Nevirapine,Cc1ccnc2c1NC(=O)c1cccnc1N2C1CC1,1996.0
CHEMBL465,Dronabinol,CCCCCc1cc(O)c2c(c1)OC(C)(C)[C@@H]1CCC(C)=C[C@@H]21,1985.0
CHEMBL58,Mitoxantrone,O=C1c2c(O)ccc(O)c2C(=O)c2c(NCCNCCO)ccc(NCCNCCO)c21,1987.0
CHEMBL59,Dopamine,NCCc1ccc(O)c(O)c1,1974.0
CHEMBL467,Hydroxyurea,NC(=O)NO,1967.0
CHEMBL61,Podofilox,COc1cc([C@@H]2c3cc4c(cc3[C@H](O)[C@H]3COC(=O)[C@H]23)OCO4)cc(OC)c1OC,1990.0
CHEMBL64,Isoniazid,NNC(=O)c1ccncc1,1952.0
CHEMBL468,Thalidomide,O=C1CCC(N2C(=O)c3ccccc3C2=O)C(=O)N1,1956.0
CHEMBL469,Ketorolac,O=C(c1ccccc1)c1ccc2n1CCC2C(=O)O,1989.0
CHEMBL471,Sotalol,CC(C)NCC(O)c1ccc(NS(C)(=O)=O)cc1,1992.0
CHEMBL472,Glyburide,COc1ccc(Cl)cc1C(=O)NCCc1ccc(S(=O)(=O)NC(=O)NC2CCCCC2)cc1,1984.0
CHEMBL9225,Hexestrol,CC[C@H](c1ccc(O)cc1)[C@@H](CC)c1ccc(O)cc1,
CHEMBL473,Dofetilide,CN(CCOc1ccc(NS(C)(=O)=O)cc1)CCc1ccc(NS(C)(=O)=O)cc1,1999.0
CHEMBL476,Dacarbazine,CN(C)/N=N/c1[nH]cnc1C(N)=O,1975.0
CHEMBL477,Adenosine,Nc1ncnc2c1ncn2[C@@H]1O[C@H](CO)[C@@H](O)[C@H]1O,1989.0
CHEMBL479,Thioridazine,CSc1ccc2c(c1)N(CCC1CCCCN1C)c1ccccc1S2,1962.0
CHEMBL480,Lansoprazole,Cc1c(OCC(F)(F)F)ccnc1C[S+]([O-])c1nc2ccccc2[nH]1,1995.0
CHEMBL481,Irinotecan,CCc1c2c(nc3ccc(OC(=O)N4CCC(N5CCCCC5)CC4)cc13)-c1cc3c(c(=O)n1C2)COC(=O)[C@]3(O)CC,1996.0
CHEMBL70,Morphine,CN1CC[C@]23c4c5ccc(O)c4O[C@H]2[C@@H](O)C=C[C@H]3[C@H]1C5,1984.0
CHEMBL485,Codeine,COc1ccc2c3c1O[C@H]1[C@@H](O)C=C[C@H]4[C@@H](C2)N(C)CC[C@@]341,1952.0
CHEMBL71,Chlorpromazine,CN(C)CCCN1c2ccccc2Sc2ccc(Cl)cc21,1957.0
CHEMBL72,Desipramine,CNCCCN1c2ccccc2CCc2ccccc21,1964.0
CHEMBL488,Aminoglutethimide,CCC1(c2ccc(N)cc2)CCC(=O)NC1=O,1980.0
CHEMBL74,Cromolyn Sodium,O=C([O-])c1cc(=O)c2c(OCC(O)COc3cccc4oc(C(=O)[O-])cc(=O)c34)cccc2o1.[Na+].[Na+],1982.0
CHEMBL76,Chloroquine,CCN(CC)CCCC(C)Nc1ccnc2cc(Cl)ccc12,1949.0
CHEMBL490,Paroxetine,Fc1ccc([C@@H]2CCNC[C@H]2COc2ccc3c(c2)OCO3)cc1,1992.0
CHEMBL416146,Etoricoxib,Cc1ccc(-c2ncc(Cl)cc2-c2ccc(S(C)(=O)=O)cc2)cn1,
CHEMBL79,Lidocaine,CCN(CC)CC(=O)Nc1c(C)cccc1C,1948.0
CHEMBL9967,Pirenzepine,CN1CCN(CC(=O)N2c3ccccc3C(=O)Nc3cccnc32)CC1,
CHEMBL492,Etidocaine,CCCN(CC)C(CC)C(=O)Nc1c(C)cccc1C,1976.0
CHEMBL80,Naloxone,C=CCN1CC[C@]23c4c5ccc(O)c4O[C@H]2C(=O)CC[C@@]3(O)[C@H]1C5,1971.0
CHEMBL81,Raloxifene,O=C(c1ccc(OCCN2CCCCC2)cc1)c1c(-c2ccc(O)cc2)sc2cc(O)ccc12,1997.0
CHEMBL83,Tamoxifen,CC/C(=C(\c1ccccc1)c1ccc(OCCN(C)C)cc1)c1ccccc1,1977.0
CHEMBL493,Bromocriptine,CC(C)C[C@H]1C(=O)N2CCC[C@H]2[C@]2(O)O[C@](NC(=O)[C@@H]3C=C4c5cccc6[nH]c(Br)c(c56)C[C@H]4N(C)C3)(C(C)C)C(=O)N12,1978.0
CHEMBL494,Iloprost,CC#CCC(C)[C@H](O)/C=C/[C@@H]1[C@H]2C/C(=C/CCCC(=O)O)C[C@H]2C[C@H]1O,2003.0
CHEMBL84,Topotecan,CC[C@@]1(O)C(=O)OCc2c1cc1n(c2=O)Cc2cc3c(CN(C)C)c(O)ccc3nc2-1,1996.0
CHEMBL85,Risperidone,Cc1nc2n(c(=O)c1CCN1CCC(c3noc4cc(F)ccc34)CC1)CCCC2,1993.0
CHEMBL428880,Cromolyn,O=C(O)c1cc(=O)c2c(OCC(O)COc3cccc4oc(C(=O)O)cc(=O)c34)cccc2o1,1982.0
CHEMBL86,Metoclopramide,CCN(CC)CCNC(=O)c1cc(Cl)c(N)cc1OC,1979.0
CHEMBL428647,Paclitaxel,CC(=O)O[C@H]1C(=O)[C@@]2(C)[C@H]([C@H](OC(=O)c3ccccc3)[C@]3(O)C[C@H](OC(=O)[C@H](O)[C@@H](NC(=O)c4ccccc4)c4ccccc4)C(C)=C1C3(C)C)[C@]1(OC(C)=O)CO[C@@H]1C[C@@H]2O,1992.0
CHEMBL495,Alprostadil,CCCCC[C@H](O)/C=C/[C@H]1[C@H](O)CC(=O)[C@@H]1CCCCCCC(=O)O,1981.0
CHEMBL496,Hexachlorophene,Oc1c(Cl)cc(Cl)c(Cl)c1Cc1c(O)c(Cl)cc(Cl)c1Cl,1949.0
CHEMBL497,Clioquinol,Oc1c(I)cc(Cl)c2cccnc12,1934.0
CHEMBL10878,Agomelatine,COc1ccc2cccc(CCNC(C)=O)c2c1,2009.0
CHEMBL88,Cyclophosphamide Anhydrous,O=P1(N(CCCl)CCCl)NCCCO1,1959.0
CHEMBL498,Chlorpropamide,CCCNC(=O)NS(=O)(=O)c1ccc(Cl)cc1,1958.0
CHEMBL499,Timolol,CC(C)(C)NC[C@H](O)COc1nsnc1N1CCOCC1,1978.0
CHEMBL500,Pindolol,CC(C)NCC(O)COc1cccc2[nH]ccc12,1982.0
CHEMBL276832,Hydralazine,NNc1nncc2ccccc12,1953.0
CHEMBL501,Amphetamine Sulfate,CC(N)Cc1ccccc1.O=S(=O)(O)O,1960.0
CHEMBL267345,Amphotericin B,C[C@@H]1[C@H](O)[C@@H](C)/C=C/C=C/C=C/C=C/C=C/C=C/C=C/[C@H](O[C@@H]2O[C@H](C)[C@@H](O)[C@H](N)[C@@H]2O)C[C@@H]2O[C@](O)(C[C@@H](O)C[C@@H](O)[C@H](O)CC[C@@H](O)C[C@@H](O)CC(=O)O[C@H]1C)C[C@H](O)[C@H]2C(=O)O,1964.0
CHEMBL90,Histamine,NCCc1c[nH]cn1,1939.0
CHEMBL91,Miconazole,Clc1ccc(COC(Cn2ccnc2)c2ccc(Cl)cc2Cl)c(Cl)c1,1974.0
CHEMBL92,Docetaxel Anhydrous,CC(=O)O[C@@]12CO[C@@H]1C[C@H](O)[C@@]1(C)C(=O)[C@H](O)C3=C(C)[C@@H](OC(=O)[C@H](O)[C@@H](NC(=O)OC(C)(C)C)c4ccccc4)C[C@@](O)([C@@H](OC(=O)c4ccccc4)[C@H]21)C3(C)C,1995.0
CHEMBL93,Zileuton,CC(c1cc2ccccc2s1)N(O)C(N)=O,1996.0
CHEMBL94,Physostigmine,CNC(=O)Oc1ccc2c(c1)[C@]1(C)CCN(C)[C@@H]1N2C,
CHEMBL95,Tacrine,Nc1c2c(nc3ccccc13)CCCC2,1993.0
CHEMBL502,Donepezil,COc1cc2c(cc1OC)C(=O)C(CC1CCN(Cc3ccccc3)CC1)C2,1996.0
CHEMBL503,Lovastatin,CC[C@H](C)C(=O)O[C@H]1C[C@@H](C)C=C2C=C[C@H](C)[C@H](CC[C@@H]3C[C@@H](O)CC(=O)O3)[C@H]21,1987.0
CHEMBL11662,Ozagrel,O=C(O)/C=C/c1ccc(Cn2ccnc2)cc1,1988.0
CHEMBL12610,Benzydamine,CN(C)CCCOc1nn(Cc2ccccc2)c2ccccc12,
CHEMBL269644,Acetanilide,CC(=O)Nc1ccccc1,
CHEMBL504,Dimethyl Sulfoxide,C[S+](C)[O-],1978.0
CHEMBL505,Chlorpheniramine,CN(C)CCC(c1ccc(Cl)cc1)c1ccccn1,1950.0
CHEMBL506,Primaquine,COc1cc(NC(C)CCCN)c2ncccc2c1,1952.0
CHEMBL509,Meclofenamic Acid,Cc1ccc(Cl)c(Nc2ccccc2C(=O)O)c1Cl,1980.0
CHEMBL511,Pyrilamine,COc1ccc(CN(CCN(C)C)c2ccccn2)cc1,1973.0
CHEMBL12713,Sertindole,O=C1NCCN1CCN1CCC(c2cn(-c3ccc(F)cc3)c3ccc(Cl)cc23)CC1,1996.0
CHEMBL513,Carmustine,O=NN(CCCl)C(=O)NCCCl,1977.0
CHEMBL514,Lomustine,O=NN(CCCl)C(=O)NC1CCCCC1,1976.0
CHEMBL515,Chlorambucil,O=C(O)CCCc1ccc(N(CCCl)CCCl)cc1,1957.0
CHEMBL516,Cyproheptadine,CN1CCC(=C2c3ccccc3C=Cc3ccccc32)CC1,1961.0
CHEMBL12856,Inamrinone,Nc1cc(-c2ccncc2)c[nH]c1=O,1984.0
CHEMBL517,Disopyramide,CC(C)N(CCC(C(N)=O)(c1ccccc1)c1ccccn1)C(C)C,1977.0
CHEMBL98,Vorinostat,O=C(CCCCCCC(=O)Nc1ccccc1)NO,2006.0
CHEMBL521,Ibuprofen,CC(C)Cc1ccc(C(C)C(=O)O)cc1,1974.0
CHEMBL13376,Clometacin,COc1ccc2c(C(=O)c3ccc(Cl)cc3)c(C)n(CC(=O)O)c2c1,
CHEMBL13280,Flunitrazepam,CN1C(=O)CN=C(c2ccccc2F)c2cc([N+](=O)[O-])ccc21,
CHEMBL13209,Nitrazepam,O=C1CN=C(c2ccccc2)c2cc([N+](=O)[O-])ccc2N1,
CHEMBL524,Methoxamine,COc1ccc(OC)c(C(O)C(C)N)c1,1982.0
CHEMBL526,Propofol,CC(C)c1cccc(C(C)C)c1O,1989.0
CHEMBL527,Piroxicam,CN1C(C(=O)Nc2ccccn2)=C(O)c2ccccc2S1(=O)=O,1982.0
CHEMBL528,Ceftizoxime,CO/N=C(\C(=O)N[C@@H]1C(=O)N2C(C(=O)O)=CCS[C@H]12)c1csc(N)n1,1983.0
CHEMBL101,Phenylbutazone,CCCCC1C(=O)N(c2ccccc2)N(c2ccccc2)C1=O,1980.0
CHEMBL529,Azithromycin,CC[C@H]1OC(=O)[C@H](C)[C@@H](O[C@H]2C[C@@](C)(OC)[C@@H](O)[C@H](C)O2)[C@H](C)[C@@H](O[C@@H]2O[C@H](C)C[C@H](N(C)C)[C@H]2O)[C@](C)(O)C[C@@H](C)CN(C)[C@H](C)[C@@H](O)[C@]1(C)O,1991.0
CHEMBL530,Amdinocillin,CC1(C)S[C@@H]2[C@H](/N=C/N3CCCCCC3)C(=O)N2[C@H]1C(=O)O,1984.0
CHEMBL531,Pergolide,CCCN1C[C@H](CSC)C[C@@H]2c3cccc4[nH]cc(c34)C[C@H]21,1988.0
CHEMBL532,Erythromycin,CC[C@H]1OC(=O)[C@H](C)[C@@H](O[C@H]2C[C@@](C)(OC)[C@@H](O)[C@H](C)O2)[C@H](C)[C@@H](O[C@@H]2O[C@H](C)C[C@H](N(C)C)[C@H]2O)[C@](C)(O)C[C@@H](C)C(=O)[C@H](C)[C@@H](O)[C@]1(C)O,1964.0
CHEMBL533,Ibutilide,CCCCCCCN(CC)CCCC(O)c1ccc(NS(C)(=O)=O)cc1,1995.0
CHEMBL103,Progesterone,CC(=O)[C@H]1CC[C@H]2[C@@H]3CCC4=CC(=O)CC[C@]4(C)[C@H]3CC[C@]12C,1976.0
CHEMBL534,Ketotifen,CN1CCC(=C2c3ccccc3CC(=O)c3sccc32)CC1,1999.0
CHEMBL535,Sunitinib,CCN(CC)CCNC(=O)c1c(C)[nH]c(/C=C2\C(=O)Nc3ccc(F)cc32)c1C,2006.0
CHEMBL537,Hydroquinone,Oc1ccc(O)cc1,2002.0
CHEMBL539,Acetic Acid,CC(=O)O,1982.0
CHEMBL14060,Phenol,Oc1ccccc1,
CHEMBL544,Mequinol,COc1ccc(O)cc1,1999.0
CHEMBL104,Clotrimazole,Clc1ccccc1C(c1ccccc1)(c1ccccc1)n1ccnc1,1975.0
CHEMBL105,Mitomycin,CO[C@@]12[C@H](COC(N)=O)C3=C(C(=O)C(C)=C(N)C3=O)N1C[C@@H]1N[C@@H]12,1981.0
CHEMBL545,Alcohol,CCO,1982.0
CHEMBL546,Oxprenolol,C=CCOc1ccccc1OCC(O)CNC(C)C,1983.0
CHEMBL106,Fluconazole,OC(Cn1cncn1)(Cn1cncn1)c1ccc(F)cc1F,1990.0
CHEMBL547,Isotretinoin,CC1=C(/C=C/C(C)=C/C=C/C(C)=C\C(=O)O)C(C)(C)CCC1,1982.0
CHEMBL14376,Iloperidone,COc1cc(C(C)=O)ccc1OCCCN1CCC(c2noc3cc(F)ccc23)CC1,2009.0
CHEMBL548,Dinoprostone,CCCCC[C@H](O)/C=C/[C@H]1[C@H](O)CC(=O)[C@@H]1C/C=C\CCCC(=O)O,1977.0
CHEMBL278020,Neostigmine,CN(C)C(=O)Oc1cccc([N+](C)(C)C)c1,2013.0
CHEMBL14370,Reboxetine,CCOc1ccccc1OC(c1ccccc1)C1CNCCO1,1997.0
CHEMBL549,Citalopram,CN(C)CCCC1(c2ccc(F)cc2)OCc2cc(C#N)ccc21,1998.0
CHEMBL550,Pilocarpine,CC[C@@H]1C(=O)OC[C@@H]1Cc1cncn1C,1974.0
CHEMBL107,Colchicine,COc1cc2c(c(OC)c1OC)-c1ccc(OC)c(=O)cc1[C@@H](NC(C)=O)CC2,1961.0
CHEMBL553,Erlotinib,C#Cc1cccc(Nc2ncnc3cc(OCCOC)c(OCCOC)cc23)c1,2004.0
CHEMBL554,Lapatinib,CS(=O)(=O)CCNCc1ccc(-c2ccc3ncnc(Nc4ccc(OCc5cccc(F)c5)c(Cl)c4)c3c2)o1,2007.0
CHEMBL15023,Trifluperidol,O=C(CCCN1CCC(O)(c2cccc(C(F)(F)F)c2)CC1)c1ccc(F)cc1,
CHEMBL108,Carbamazepine,NC(=O)N1c2ccccc2C=Cc2ccccc21,1968.0
CHEMBL109,Valproic Acid,CCCC(CCC)C(=O)O,1978.0
CHEMBL277100,Temafloxacin,CC1CN(c2cc3c(cc2F)c(=O)c(C(=O)O)cn3-c2ccc(F)cc2F)CCN1,1992.0
CHEMBL110,Benznidazole,O=C(Cn1ccnc1[N+](=O)[O-])NCc1ccccc1,2017.0
CHEMBL556,Deferoxamine,CC(=O)N(O)CCCCCNC(=O)CCC(=O)N(O)CCCCCNC(=O)CCC(=O)N(O)CCCCCN,1968.0
CHEMBL558,Mexiletine,Cc1cccc(C)c1OCC(C)N,1985.0
CHEMBL559,Dextrothyroxine,N[C@H](Cc1cc(I)c(Oc2cc(I)c(O)c(I)c2)c(I)c1)C(=O)O,1967.0
CHEMBL111,Rimonabant,Cc1c(C(=O)NN2CCCCC2)nn(-c2ccc(Cl)cc2Cl)c1-c1ccc(Cl)cc1,2006.0
CHEMBL273575,Nomifensine,CN1Cc2c(N)cccc2C(c2ccccc2)C1,1984.0
CHEMBL561,Lomefloxacin,CCn1cc(C(=O)O)c(=O)c2cc(F)c(N3CCNC(C)C3)c(F)c21,1992.0
CHEMBL562,Griseofulvin,COC1=CC(=O)C[C@@H](C)[C@]12Oc1c(Cl)c(OC)cc(OC)c1C2=O,1962.0
CHEMBL563,Flurbiprofen,CC(C(=O)O)c1ccc(-c2ccccc2)c(F)c1,1986.0
CHEMBL564,Promazine,CN(C)CCCN1c2ccccc2Sc2ccccc21,1956.0
CHEMBL565,Clofibrate,CCOC(=O)C(C)(C)Oc1ccc(Cl)cc1,1967.0
CHEMBL112,Acetaminophen,CC(=O)Nc1ccc(O)cc1,1968.0
CHEMBL113,Caffeine,Cn1c(=O)c2c(ncn2C)n(C)c1=O,1948.0
CHEMBL16073,Phenacetin,CCOc1ccc(NC(C)=O)cc1,
CHEMBL567,Perphenazine,OCCN1CCN(CCCN2c3ccccc3Sc3ccc(Cl)cc32)CC1,1957.0
CHEMBL568,Oxazepam,O=C1Nc2ccc(Cl)cc2C(c2ccccc2)=NC1O,1965.0
CHEMBL15770,Sulindac,CC1=C(CC(=O)O)c2cc(F)ccc2/C1=C\c1ccc([S+](C)[O-])cc1,1978.0
CHEMBL15677,Fenclofenac,O=C(O)Cc1ccccc1Oc1ccc(Cl)cc1Cl,1978.0
CHEMBL276520,Indalpine,c1ccc2c(CCC3CCNCC3)c[nH]c2c1,
CHEMBL569,Procaine,CCN(CC)CCOC(=O)c1ccc(N)cc1,1954.0
CHEMBL570,Triflupromazine,CN(C)CCCN1c2ccccc2Sc2ccc(C(F)(F)F)cc21,1957.0
CHEMBL571,Ketoprofen,CC(C(=O)O)c1cccc(C(=O)c2ccccc2)c1,1986.0
CHEMBL572,Nitrofurantoin,O=C1CN(/N=C/c2ccc([N+](=O)[O-])o2)C(=O)N1,1953.0
CHEMBL15870,Indoprofen,CC(C(=O)O)c1ccc(N2Cc3ccccc3C2=O)cc1,1979.0
CHEMBL15891,Lindane,Cl[C@H]1[C@H](Cl)[C@@H](Cl)[C@@H](Cl)[C@H](Cl)[C@H]1Cl,1974.0
CHEMBL573,Niacin,O=C(O)c1cccnc1,1982.0
CHEMBL575,Methicillin,COc1cccc(OC)c1C(=O)N[C@@H]1C(=O)N2[C@@H]1SC(C)(C)[C@@H]2C(=O)O,1982.0
CHEMBL16080,Trichloroethane,CC(Cl)(Cl)Cl,
CHEMBL577,Enalaprilat Anhydrous,C[C@H](N[C@@H](CCc1ccccc1)C(=O)O)C(=O)N1CCC[C@H]1C(=O)O,1988.0
CHEMBL578,Enalapril,CCOC(=O)[C@H](CCc1ccccc1)N[C@@H](C)C(=O)N1CCC[C@H]1C(=O)O,1985.0
CHEMBL580,Lorazepam,O=C1Nc2ccc(Cl)cc2C(c2ccccc2Cl)=NC1O,1977.0
CHEMBL277062,Bromazepam,O=C1CN=C(c2ccccn2)c2cc(Br)ccc2N1,
CHEMBL277535,Bifonazole,c1ccc(-c2ccc(C(c3ccccc3)n3ccnc3)cc2)cc1,
CHEMBL582,Isopropyl Alcohol,CC(C)O,2000.0
CHEMBL583,Grepafloxacin,Cc1c(F)c(N2CCNC(C)C2)cc2c1c(=O)c(C(=O)O)cn2C1CC1,1997.0
CHEMBL114,Saquinavir,CC(C)(C)NC(=O)[C@@H]1C[C@@H]2CCCC[C@@H]2CN1C[C@@H](O)[C@H](Cc1ccccc1)NC(=O)[C@H](CC(N)=O)NC(=O)c1ccc2ccccc2n1,1995.0
CHEMBL115,Indinavir Anhydrous,CC(C)(C)NC(=O)[C@@H]1CN(Cc2cccnc2)CCN1C[C@@H](O)C[C@@H](Cc1ccccc1)C(=O)N[C@H]1c2ccccc2C[C@H]1O,1996.0
CHEMBL584,Nelfinavir,Cc1c(O)cccc1C(=O)N[C@@H](CSc1ccccc1)[C@H](O)CN1C[C@H]2CCCC[C@H]2C[C@H]1C(=O)NC(C)(C)C,1997.0
CHEMBL116,Amprenavir,CC(C)CN(C[C@@H](O)[C@H](Cc1ccccc1)NC(=O)O[C@H]1CCOC1)S(=O)(=O)c1ccc(N)cc1,1999.0
CHEMBL585,Triamterene,Nc1nc(N)c2nc(-c3ccccc3)c(N)nc2n1,1964.0
CHEMBL16476,Pronetalol,CC(C)NCC(O)c1ccc2ccccc2c1,
CHEMBL118,Celecoxib,Cc1ccc(-c2cc(C(F)(F)F)nn2-c2ccc(S(N)(=O)=O)cc2)cc1,1998.0
CHEMBL119,Trimetrexate,COc1cc(NCc2ccc3nc(N)nc(N)c3c2C)cc(OC)c1OC,1993.0
CHEMBL588,Fenoldopam,Oc1ccc(C2CNCCc3c2cc(O)c(O)c3Cl)cc1,1997.0
CHEMBL589,Ropinirole,CCCN(CCC)CCc1cccc2c1CC(=O)N2,1997.0
CHEMBL590,Menadione,CC1=CC(=O)c2ccccc2C1=O,1982.0
CHEMBL591,Ethchlorvynol,C#CC(O)(/C=C/Cl)CC,1961.0
CHEMBL17157,Terfenadine,CC(C)(C)c1ccc(C(O)CCCN2CCC(C(O)(c3ccccc3)c3ccccc3)CC2)cc1,1985.0
CHEMBL592,Levorphanol,CN1CC[C@]23CCCC[C@H]2[C@H]1Cc1ccc(O)cc13,1991.0
CHEMBL593,Delavirdine,CC(C)Nc1cccnc1N1CCN(C(=O)c2cc3cc(NS(C)(=O)=O)ccc3[nH]2)CC1,1997.0
CHEMBL594,Emedastine,CCOCCn1c(N2CCCN(C)CC2)nc2ccccc21,1997.0
CHEMBL595,Pioglitazone,CCc1ccc(CCOc2ccc(CC3SC(=O)NC3=O)cc2)nc1,1999.0
CHEMBL596,Fentanyl,CCC(=O)N(c1ccccc1)C1CCN(CCc2ccccc2)CC1,1968.0
CHEMBL121,Rosiglitazone,CN(CCOc1ccc(CC2SC(=O)NC2=O)cc1)c1ccccn1,1999.0
CHEMBL17879,Maralixibat Chloride,CCCCC1(CCCC)CS(=O)(=O)c2ccc(N(C)C)cc2[C@@H](c2ccc(OCc3ccc(C[N+]45CCN(CC4)CC5)cc3)cc2)[C@H]1O.[Cl-],2021.0
CHEMBL17860,Lofexidine,CC(Oc1c(Cl)cccc1Cl)C1=NCCN1,2018.0
CHEMBL597,Phentolamine,Cc1ccc(N(CC2=NCCN2)c2cccc(O)c2)cc1,1952.0
CHEMBL18442,Plerixafor,c1cc(CN2CCCNCCNCCCNCC2)ccc1CN1CCCNCCNCCCNCC1,2008.0
CHEMBL18116,Toloxatone,Cc1cccc(N2CC(CO)OC2=O)c1,1984.0
CHEMBL599,Meloxicam,Cc1cnc(NC(=O)C2=C(O)c3ccccc3S(=O)(=O)N2C)s1,2000.0
CHEMBL600,Acetylcysteine,CC(=O)N[C@@H](CS)C(=O)O,1963.0
CHEMBL601,Aminolevulinic Acid,NCC(=O)CCC(=O)O,1999.0
CHEMBL602,Cysteamine,NCCS,1994.0
CHEMBL19019,Naltrexone,O=C1CC[C@@]2(O)[C@H]3Cc4ccc(O)c5c4[C@@]2(CCN3CC2CC2)[C@H]1O5,1984.0
CHEMBL603,Zafirlukast,COc1cc(C(=O)NS(=O)(=O)c2ccccc2C)ccc1Cc1cn(C)c2ccc(NC(=O)OC3CCCC3)cc12,1996.0
CHEMBL276568,"Cefprozil Anhydrous, (E)-",C/C=C/C1=C(C(=O)O)N2C(=O)[C@@H](NC(=O)[C@H](N)c3ccc(O)cc3)[C@H]2SC1,1991.0
CHEMBL122,Rofecoxib,CS(=O)(=O)c1ccc(C2=C(c3ccccc3)C(=O)OC2)cc1,1999.0
CHEMBL19236,Moxonidine,COc1nc(C)nc(Cl)c1NC1=NCCN1,1991.0
CHEMBL605,Procainamide Hydrochloride,CCN(CC)CCNC(=O)c1ccc(N)cc1.Cl,1950.0
CHEMBL606,Misoprostol,CCCCC(C)(O)C/C=C/[C@H]1[C@H](O)CC(=O)[C@@H]1CCCCCCC(=O)OC,1988.0
CHEMBL278623,Macimorelin,CC(C)(N)C(=O)N[C@H](Cc1c[nH]c2ccccc12)C(=O)N[C@H](Cc1c[nH]c2ccccc12)NC=O,2017.0
CHEMBL607,Meperidine,CCOC(=O)C1(c2ccccc2)CCN(C)CC1,1942.0
CHEMBL282052,Methaqualone,Cc1ccccc1-n1c(C)nc2ccccc2c1=O,
CHEMBL608,Probucol,CC(C)(Sc1cc(C(C)(C)C)c(O)c(C(C)(C)C)c1)Sc1cc(C(C)(C)C)c(O)c(C(C)(C)C)c1,1977.0
CHEMBL19299,Loxoprofen,CC(C(=O)O)c1ccc(CC2CCCC2=O)cc1,
CHEMBL609,Trientine,NCCNCCNCCN,1985.0
CHEMBL19490,Zomepirac,Cc1cc(CC(=O)O)n(C)c1C(=O)c1ccc(Cl)cc1,1980.0
CHEMBL611,Terazosin,COc1cc2nc(N3CCN(C(=O)C4CCCO4)CC3)nc(N)c2cc1OC,1987.0
CHEMBL19393,Levamfetamine,C[C@@H](N)Cc1ccccc1,
CHEMBL612,Dextroamphetamine,C[C@H](N)Cc1ccccc1,1955.0
CHEMBL282724,Sitaxentan,Cc1cc2c(cc1CC(=O)c1sccc1S(=O)(=O)Nc1onc(C)c1Cl)OCO2,2006.0
CHEMBL614,Pyrazinamide,NC(=O)c1cnccn1,1971.0
CHEMBL19449,Ibudilast,CC(C)C(=O)c1c(C(C)C)nn2ccccc12,1989.0
CHEMBL282042,Saquinavir Mesylate,CC(C)(C)NC(=O)[C@@H]1C[C@@H]2CCCC[C@@H]2CN1C[C@@H](O)[C@H](Cc1ccccc1)NC(=O)[C@H](CC(N)=O)NC(=O)c1ccc2ccccc2n1.CS(=O)(=O)O,1995.0
CHEMBL20883,Tegafur,O=c1[nH]c(=O)n(C2CCCO2)cc1F,
CHEMBL615,Penicillin V,CC1(C)S[C@@H]2[C@H](NC(=O)COc3ccccc3)C(=O)N2[C@H]1C(=O)O,1958.0
CHEMBL617,Cephalothin,CC(=O)OCC1=C(C(=O)O)N2C(=O)[C@@H](NC(=O)Cc3cccs3)[C@H]2SC1,1974.0
CHEMBL125,Miltefosine,CCCCCCCCCCCCCCCCOP(=O)([O-])OCC[N+](C)(C)C,2014.0
CHEMBL126,Linezolid,CC(=O)NC[C@H]1CN(c2ccc(N3CCOCC3)c(F)c2)C(=O)O1,2000.0
CHEMBL620,Clidinium,C[N+]12CCC(CC1)C(OC(=O)C(O)(c1ccccc1)c1ccccc1)C2,1982.0
CHEMBL127,Meropenem,C[C@@H](O)[C@H]1C(=O)N2C(C(=O)O)=C(S[C@@H]3CN[C@H](C(=O)N(C)C)C3)[C@H](C)[C@H]12,1996.0
CHEMBL621,Trazodone,O=c1n(CCCN2CCN(c3cccc(Cl)c3)CC2)nc2ccccn12,1981.0
CHEMBL622,Etodolac,CCc1cccc2c3c([nH]c12)C(CC)(CC(=O)O)OCC3,1991.0
CHEMBL21333,Pranlukast,O=C(Nc1cccc2c(=O)cc(-c3nnn[nH]3)oc12)c1ccc(OCCCCc2ccccc2)cc1,1995.0
CHEMBL623,Nefazodone,CCc1nn(CCCN2CCN(c3cccc(Cl)c3)CC2)c(=O)n1CCOc1ccccc1,1994.0
CHEMBL625,Thiabendazole,c1ccc2[nH]c(-c3cscn3)nc2c1,1967.0
CHEMBL21536,Xanomeline,CCCCCCOc1nsnc1C1=CCCN(C)C1,2024.0
CHEMBL626,Naftifine,CN(C/C=C/c1ccccc1)Cc1cccc2ccccc12,1988.0
CHEMBL22097,Lormetazepam,CN1C(=O)C(O)N=C(c2ccccc2Cl)c2cc(Cl)ccc21,
CHEMBL628,Pentoxifylline,CC(=O)CCCCn1c(=O)c2c(ncn2C)n(C)c1=O,1984.0
CHEMBL629,Amitriptyline,CN(C)CCC=C1c2ccccc2CCc2ccccc21,1961.0
CHEMBL21869,Dibromsalan,O=C(Nc1ccc(Br)cc1)c1cc(Br)ccc1O,
CHEMBL24944,Tribromsalan,O=C(Nc1ccc(Br)cc1)c1cc(Br)cc(Br)c1O,
CHEMBL128,Sumatriptan,CNS(=O)(=O)Cc1ccc2[nH]cc(CCN(C)C)c2c1,1992.0
CHEMBL631,Propafenone,CCCNCC(O)COc1ccccc1C(=O)CCc1ccccc1,1989.0
CHEMBL632,Betamethasone,C[C@H]1C[C@H]2[C@@H]3CCC4=CC(=O)C=C[C@]4(C)[C@@]3(F)[C@@H](O)C[C@]2(C)[C@@]1(O)C(=O)CO,1961.0
CHEMBL633,Amiodarone,CCCCc1oc2ccccc2c1C(=O)c1cc(I)c(OCCN(CC)CC)c(I)c1,1985.0
CHEMBL634,Alfentanil,CCC(=O)N(c1ccccc1)C1(COC)CCN(CCn2nnn(CC)c2=O)CC1,1986.0
CHEMBL635,Prednisone,C[C@]12C=CC(=O)C=C1CC[C@@H]1[C@@H]2C(=O)C[C@@]2(C)[C@H]1CC[C@]2(O)C(=O)CO,1955.0
CHEMBL636,Rivastigmine,CCN(C)C(=O)Oc1cccc([C@H](C)N(C)C)c1,1998.0
CHEMBL637,Venlafaxine,COc1ccc(C(CN(C)C)C2(O)CCCCC2)cc1,1993.0
CHEMBL129,Zidovudine,Cc1cn([C@H]2C[C@H](N=[N+]=[N-])[C@@H](CO)O2)c(=O)[nH]c1=O,1987.0
CHEMBL638,Voriconazole,C[C@@H](c1ncncc1F)[C@](O)(Cn1cncn1)c1ccc(F)cc1F,2002.0
CHEMBL639,Azelastine,CN1CCCC(n2nc(Cc3ccc(Cl)cc3)c3ccccc3c2=O)CC1,1996.0
CHEMBL130,Chloramphenicol,O=C(N[C@H](CO)[C@H](O)c1ccc([N+](=O)[O-])cc1)C(Cl)Cl,1950.0
CHEMBL640,Procainamide,CCN(CC)CCNC(=O)c1ccc(N)cc1,1950.0
CHEMBL641,Atomoxetine,CNCC[C@@H](Oc1ccccc1C)c1ccccc1,2002.0
CHEMBL642,Acebutolol,CCCC(=O)Nc1ccc(OCC(O)CNC(C)C)c(C(C)=O)c1,1984.0
CHEMBL643,Promethazine,CC(CN1c2ccccc2Sc2ccccc21)N(C)C,1951.0
CHEMBL131,Prednisolone,C[C@]12C=CC(=O)C=C1CC[C@@H]1[C@@H]2[C@@H](O)C[C@@]2(C)[C@H]1CC[C@]2(O)C(=O)CO,1955.0
CHEMBL644,Trimipramine,CC(CN(C)C)CN1c2ccccc2CCc2ccccc21,1979.0
CHEMBL645,Bisoprolol,CC(C)NCC(O)COc1ccc(COCCOC(C)C)cc1,1992.0
CHEMBL646,Triazolam,Cc1nnc2n1-c1ccc(Cl)cc1C(c1ccccc1Cl)=NC2,1978.0
CHEMBL647,Apraclonidine,Nc1cc(Cl)c(N=C2NCCN2)c(Cl)c1,1987.0
CHEMBL648,Cyclizine,CN1CCN(C(c2ccccc2)c2ccccc2)CC1,1982.0
CHEMBL434394,Nebivolol,OC(CNCC(O)C1CCc2cc(F)ccc2O1)C1CCc2cc(F)ccc2O1,2007.0
CHEMBL650,Methylprednisolone,C[C@H]1C[C@@H]2[C@H]([C@@H](O)C[C@@]3(C)[C@H]2CC[C@]3(O)C(=O)CO)[C@@]2(C)C=CC(=O)C=C12,1957.0
CHEMBL651,Methadone,CCC(=O)C(CC(C)N(C)C)(c1ccccc1)c1ccccc1,1947.0
CHEMBL652,Flecainide,O=C(NCC1CCCCN1)c1cc(OCC(F)(F)F)ccc1OCC(F)(F)F,1985.0
CHEMBL134,Clonidine,Clc1cccc(Cl)c1NC1=NCCN1,1974.0
CHEMBL654,Mirtazapine,CN1CCN2c3ncccc3Cc3ccccc3C2C1,1996.0
CHEMBL655,Midazolam,Cc1ncc2n1-c1ccc(Cl)cc1C(c1ccccc1F)=NC2,1985.0
CHEMBL22242,Remoxipride,CCN1CCC[C@H]1CNC(=O)c1c(OC)ccc(Br)c1OC,1990.0
CHEMBL656,Oxycodone,COc1ccc2c3c1O[C@H]1C(=O)CC[C@@]4(O)[C@@H](C2)N(C)CC[C@]314,1950.0
CHEMBL135,Estradiol,C[C@]12CC[C@@H]3c4ccc(O)cc4CC[C@H]3[C@@H]1CC[C@@H]2O,1975.0
CHEMBL657,Diphenhydramine,CN(C)CCOC(c1ccccc1)c1ccccc1,1946.0
CHEMBL658,Sufentanil,CCC(=O)N(c1ccccc1)C1(COC)CCN(CCc2cccs2)CC1,1984.0
CHEMBL659,Galantamine,COc1ccc2c3c1O[C@H]1C[C@@H](O)C=C[C@@]31CCN(C)C2,2001.0
CHEMBL660,Amantadine,NC12CC3CC(CC(C3)C1)C2,1968.0
CHEMBL661,Alprazolam,Cc1nnc2n1-c1ccc(Cl)cc1C(c1ccccc1)=NC2,1981.0
CHEMBL21731,Maprotiline,CNCCCC12CCC(c3ccccc31)c1ccccc12,1980.0
CHEMBL666,Foscarnet,O=C(O)P(=O)(O)O,1991.0
CHEMBL667,Acetylcholine,CC(=O)OCC[N+](C)(C)C,1973.0
CHEMBL137,Metronidazole,Cc1ncc([N+](=O)[O-])n1CCO,1963.0
CHEMBL668,Protriptyline,CNCCCC1c2ccccc2C=Cc2ccccc21,1967.0
CHEMBL669,Cyclobenzaprine,CN(C)CCC=C1c2ccccc2C=Cc2ccccc21,1977.0
CHEMBL671,Thiotepa,S=P(N1CC1)(N1CC1)N1CC1,1959.0
CHEMBL672,Fenofibrate,CC(C)OC(=O)C(C)(C)Oc1ccc(C(=O)c2ccc(Cl)cc2)cc1,1993.0
CHEMBL673,Pargyline,C#CCN(C)Cc1ccccc1,1982.0
CHEMBL25105,Hexamidine,N=C(N)c1ccc(OCCCCCCOc2ccc(C(=N)N)cc2)cc1,
CHEMBL675,Alendronate Sodium,NCCCC(O)(P(=O)([O-])O)P(=O)(O)O.[Na+],1995.0
CHEMBL677,Levonordefrin,C[C@H](N)[C@H](O)c1ccc(O)c(O)c1,1960.0
CHEMBL679,Epinephrine,CNC[C@H](O)c1ccc(O)c(O)c1,1965.0
CHEMBL680,Cefaclor Anhydrous,N[C@@H](C(=O)N[C@@H]1C(=O)N2C(C(=O)O)=C(Cl)CS[C@H]12)c1ccccc1,1979.0
CHEMBL681,Etomidate,CCOC(=O)c1cncn1[C@H](C)c1ccccc1,1982.0
CHEMBL682,Amodiaquine,CCN(CC)Cc1cc(Nc2ccnc3cc(Cl)ccc23)ccc1O,1982.0
CHEMBL684,Diethylcarbamazine,CCN(CC)C(=O)N1CCN(C)CC1,1950.0
CHEMBL685,Mebendazole,COC(=O)Nc1nc2cc(C(=O)c3ccccc3)ccc2[nH]1,1974.0
CHEMBL139,Diclofenac,O=C(O)Cc1ccccc1Nc1c(Cl)cccc1Cl,1988.0
CHEMBL686,Mefenamic Acid,Cc1cccc(Nc2ccccc2C(=O)O)c1C,1967.0
CHEMBL688,Fentanyl Citrate,CCC(=O)N(c1ccccc1)C1CCN(CCc2ccccc2)CC1.O=C(O)CC(O)(CC(=O)O)C(=O)O,1968.0
CHEMBL689,Mannitol,OC[C@@H](O)[C@@H](O)[C@H](O)[C@H](O)CO,1982.0
CHEMBL690,Pravastatin Sodium,CC[C@H](C)C(=O)O[C@H]1C[C@H](O)C=C2C=C[C@H](C)[C@H](CC[C@@H](O)C[C@@H](O)CC(=O)[O-])[C@H]21.[Na+],1991.0
CHEMBL24072,Prenylamine,CC(Cc1ccccc1)NCCC(c1ccccc1)c1ccccc1,
CHEMBL691,Ethinyl Estradiol,C#C[C@]1(O)CC[C@H]2[C@@H]3CCc4cc(O)ccc4[C@H]3CC[C@@]21C,1982.0
CHEMBL284348,Dalfampridine,Nc1ccncc1,2010.0
CHEMBL692,Glycerin,OCC(O)CO,1982.0
CHEMBL695,Trimethadione,CN1C(=O)OC(C)(C)C1=O,1946.0
CHEMBL696,Ethosuximide,CCC1(C)CC(=O)NC1=O,1960.0
CHEMBL697,Methsuximide,CN1C(=O)CC(C)(c2ccccc2)C1=O,1957.0
CHEMBL698,Tetracaine,CCCCNc1ccc(C(=O)OCCN(C)C)cc1,2005.0
CHEMBL24441,Betahistine,CNCCc1ccccn1,
CHEMBL700,Sulfapyridine,Nc1ccc(S(=O)(=O)Nc2ccccn2)cc1,1939.0
CHEMBL701,Baclofen,NCC(CC(=O)O)c1ccc(Cl)cc1,1977.0
CHEMBL702,Piperacillin,CCN1CCN(C(=O)N[C@@H](C(=O)N[C@@H]2C(=O)N3[C@@H]2SC(C)(C)[C@@H]3C(=O)O)c2ccccc2)C(=O)C1=O,1981.0
CHEMBL703,Suxamethonium,C[N+](C)(C)CCOC(=O)CCC(=O)OCC[N+](C)(C)C,1952.0
CHEMBL704,Mesalamine,Nc1ccc(O)c(C(=O)O)c1,1987.0
CHEMBL705,Alitretinoin,CC1=C(/C=C/C(C)=C\C=C\C(C)=C\C(=O)O)C(C)(C)CCC1,1999.0
CHEMBL706,Cetyl Alcohol,CCCCCCCCCCCCCCCCO,1990.0
CHEMBL24778,Silodosin,C[C@H](Cc1cc2c(c(C(N)=O)c1)N(CCCO)CC2)NCCOc1ccccc1OCC(F)(F)F,2008.0
CHEMBL707,Doxazosin,COc1cc2nc(N3CCN(C(=O)C4COc5ccccc5O4)CC3)nc(N)c2cc1OC,1990.0
CHEMBL279516,Indoramin,O=C(NC1CCN(CCc2c[nH]c3ccccc23)CC1)c1ccccc1,
CHEMBL24828,Vandetanib,COc1cc2/c(=N/c3ccc(Br)cc3F)nc[nH]c2cc1OCC1CCN(C)CC1,2011.0
CHEMBL278819,Minaprine,Cc1cc(-c2ccccc2)nnc1NCCN1CCOCC1,
CHEMBL25202,Tamibarotene,CC1(C)CCC(C)(C)c2cc(NC(=O)c3ccc(C(=O)O)cc3)ccc21,
CHEMBL708,Ziprasidone,O=C1Cc2cc(CCN3CCN(c4nsc5ccccc45)CC3)c(Cl)cc2N1,2001.0
CHEMBL709,Alfuzosin,COc1cc2nc(N(C)CCCNC(=O)C3CCCO3)nc(N)c2cc1OC,2003.0
CHEMBL710,Finasteride,CC(C)(C)NC(=O)[C@H]1CC[C@H]2[C@@H]3CC[C@H]4NC(=O)C=C[C@]4(C)[C@H]3CC[C@]12C,1992.0
CHEMBL711,Phenindione,O=C1c2ccccc2C(=O)C1c1ccccc1,1982.0
CHEMBL712,Anisindione,COc1ccc(C2C(=O)c3ccccc3C2=O)cc1,1957.0
CHEMBL24924,Fluindione,O=C1c2ccccc2C(=O)C1c1ccc(F)cc1,
CHEMBL713,Entecavir Anhydrous,C=C1[C@H](CO)[C@@H](O)C[C@@H]1n1cnc2c(=O)[nH]c(N)nc21,2005.0
CHEMBL141,Lamivudine,Nc1ccn([C@@H]2CS[C@H](CO)O2)c(=O)n1,1995.0
CHEMBL714,Albuterol,CC(C)(C)NCC(O)c1ccc(O)c(CO)c1,1981.0
CHEMBL715,Olanzapine,Cc1cc2c(s1)Nc1ccccc1N=C2N1CCN(C)CC1,1996.0
CHEMBL716,Quetiapine,OCCOCCN1CCN(C2=Nc3ccccc3Sc3ccccc32)CC1,1997.0
CHEMBL28333,Medazepam,CN1CCN=C(c2ccccc2)c2cc(Cl)ccc21,
CHEMBL717,Medroxyprogesterone Acetate,CC(=O)O[C@]1(C(C)=O)CC[C@H]2[C@@H]3C[C@H](C)C4=CC(=O)CC[C@]4(C)[C@H]3CC[C@@]21C,1959.0
CHEMBL28218,Bromperidol,O=C(CCCN1CCC(O)(c2ccc(Br)cc2)CC1)c1ccc(F)cc1,
CHEMBL719,Mupirocin,C/C(=C\C(=O)OCCCCCCCCC(=O)O)C[C@@H]1OC[C@H](C[C@@H]2O[C@H]2[C@@H](C)[C@H](C)O)[C@@H](O)[C@H]1O,1987.0
CHEMBL720,Benzyl Alcohol,OCc1ccccc1,2009.0
CHEMBL28318,Propyphenazone,Cc1c(C(C)C)c(=O)n(-c2ccccc2)n1C,
CHEMBL27810,Celiprolol,CCN(CC)C(=O)Nc1ccc(OCC(O)CNC(C)(C)C)c(C(C)=O)c1,
CHEMBL434200,Tertatolol,CC(C)(C)NCC(O)COc1cccc2c1SCCC2,
CHEMBL723,Carvedilol,COc1ccccc1OCCNCC(O)COc1cccc2[nH]c3ccccc3c12,1995.0
CHEMBL726,Fluphenazine,OCCN1CCN(CCCN2c3ccccc3Sc3ccc(C(F)(F)F)cc32)CC1,1959.0
CHEMBL727,Thioguanine,Nc1nc2[nH]cnc2c(=S)[nH]1,1966.0
CHEMBL27193,Dilevalol,C[C@H](CCc1ccccc1)NC[C@H](O)c1ccc(O)c(C(N)=O)c1,1990.0
CHEMBL728,Prochlorperazine,CN1CCN(CCCN2c3ccccc3Sc3ccc(Cl)cc32)CC1,1956.0
CHEMBL729,Lopinavir,Cc1cccc(C)c1OCC(=O)N[C@@H](Cc1ccccc1)[C@@H](O)C[C@H](Cc1ccccc1)NC(=O)[C@H](C(C)C)N1CCCNC1=O,2000.0
CHEMBL730,Nitroglycerin,O=[N+]([O-])OCC(CO[N+](=O)[O-])O[N+](=O)[O-],1981.0
CHEMBL734,Acetohydroxamic Acid,CC(=O)NO,1983.0
CHEMBL284906,Nicorandil,O=C(NCCO[N+](=O)[O-])c1cccnc1,
CHEMBL282121,Mebeverine,CCN(CCCCOC(=O)c1ccc(OC)c(OC)c1)C(C)Cc1ccc(OC)cc1,
CHEMBL738,Thiopental Sodium,CCCC(C)C1(CC)C(=O)[N-]C(=S)NC1=O.[Na+],1982.0
CHEMBL30219,Methohexital Sodium,C=CCC1(C(C)C#CCC)C(=O)N=C([O-])N(C)C1=O.[Na+],1960.0
CHEMBL741,Lamotrigine,Nc1nnc(-c2cccc(Cl)c2Cl)c(N)n1,1994.0
CHEMBL742,Ketamine,CNC1(c2ccccc2Cl)CCCCC1=O,1970.0
CHEMBL744,Riluzole,Nc1nc2ccc(OC(F)(F)F)cc2s1,1995.0
CHEMBL746,Nedocromil,CCCc1c2oc(C(=O)O)cc(=O)c2cc2c(=O)cc(C(=O)O)n(CC)c12,1992.0
CHEMBL748,Pralidoxime Chloride,C[n+]1ccccc1/C=N/O.[Cl-],1964.0
CHEMBL750,Zonisamide,NS(=O)(=O)Cc1noc2ccccc12,2000.0
CHEMBL752,Adenosine Phosphate,Nc1ncnc2c1ncn2[C@@H]1O[C@H](COP(=O)(O)O)[C@@H](O)[C@H]1O,
CHEMBL753,Phenoxybenzamine,CC(COc1ccccc1)N(CCCl)Cc1ccccc1,1953.0
CHEMBL754,Foscarnet Sodium,O=C([O-])P(=O)([O-])[O-].[Na+].[Na+].[Na+],1991.0
CHEMBL760,Anagrelide,O=C1CN2Cc3c(ccc(Cl)c3Cl)N=C2N1,1997.0
CHEMBL761,Naphazoline,c1ccc2c(CC3=NCCN3)cccc2c1,1971.0
CHEMBL762,Oxymetazoline,Cc1cc(C(C)(C)C)c(O)c(C)c1CC1=NCCN1,1986.0
CHEMBL765,Guanethidine,N=C(N)NCCN1CCCCCCC1,1960.0
CHEMBL766,Cilastatin,CC1(C)C[C@@H]1C(=O)N/C(=C\CCCCSC[C@H](N)C(=O)O)C(=O)O,1985.0
CHEMBL768,Esmolol,COC(=O)CCc1ccc(OCC(O)CNC(C)C)cc1,1986.0
CHEMBL770,Tolazoline,c1ccc(CC2=NCCN2)cc1,1985.0
CHEMBL771,Cycloserine,N[C@@H]1CONC1=O,1964.0
CHEMBL148,Imipenem Anhydrous,C[C@@H](O)[C@H]1C(=O)N2C(C(=O)O)=C(SCCNC=N)C[C@H]12,1985.0
CHEMBL772,Reserpine,COC(=O)[C@H]1[C@H]2C[C@@H]3c4[nH]c5cc(OC)ccc5c4CCN3C[C@H]2C[C@@H](OC(=O)c2cc(OC)c(OC)c(OC)c2)[C@@H]1OC,1960.0
CHEMBL773,Glycine,NCC(=O)O,1982.0
CHEMBL776,Metaproterenol,CC(C)NCC(O)c1cc(O)cc(O)c1,1973.0
CHEMBL777,Clavulanic Acid,O=C(O)[C@H]1/C(=C/CO)O[C@@H]2CC(=O)N21,1984.0
CHEMBL778,Dexmedetomidine,Cc1cccc([C@H](C)c2c[nH]cn2)c1C,1999.0
CHEMBL779,Tadalafil,CN1CC(=O)N2[C@H](c3ccc4c(c3)OCO4)c3[nH]c4ccccc4c3C[C@@H]2C1=O,2002.0
CHEMBL33986,Butorphanol,Oc1ccc2c(c1)[C@@]13CCCC[C@@]1(O)[C@@H](C2)N(CC1CCC1)CC3,1978.0
CHEMBL780,Pentetic Acid,O=C(O)CN(CCN(CC(=O)O)CC(=O)O)CCN(CC(=O)O)CC(=O)O,2004.0
CHEMBL781,Mazindol,OC1(c2ccc(Cl)cc2)c2ccccc2C2=NCCN21,1973.0
CHEMBL290106,Bithionol,Oc1c(Cl)cc(Cl)cc1Sc1cc(Cl)cc(Cl)c1O,
CHEMBL782,Tolbutamide,CCCCNC(=O)NS(=O)(=O)c1ccc(C)cc1,1961.0
CHEMBL783,Nateglinide,CC(C)[C@H]1CC[C@H](C(=O)N[C@H](Cc2ccccc2)C(=O)O)CC1,2000.0
CHEMBL32479,Brotizolam,Cc1nnc2n1-c1sc(Br)cc1C(c1ccccc1Cl)=NC2,1984.0
CHEMBL786,Tamoxifen Citrate,CC/C(=C(\c1ccccc1)c1ccc(OCCN(C)C)cc1)c1ccccc1.O=C(O)CC(O)(CC(=O)O)C(=O)O,1977.0
CHEMBL787,Montelukast,CC(C)(O)c1ccccc1CC[C@@H](SCC1(CC(=O)O)CC1)c1cccc(/C=C/c2ccc3ccc(Cl)cc3n2)c1,1998.0
CHEMBL788,Idoxuridine,O=c1[nH]c(=O)n([C@H]2C[C@H](O)[C@@H](CO)O2)cc1I,1963.0
CHEMBL36506,Novobiocin,CO[C@@H]1[C@@H](OC(N)=O)[C@@H](O)[C@H](Oc2ccc3c(O)c(NC(=O)c4ccc(O)c(CC=C(C)C)c4)c(=O)oc3c2C)OC1(C)C,1964.0
CHEMBL152,Cidofovir Anhydrous,Nc1ccn(C[C@@H](CO)OCP(=O)(O)O)c(=O)n1,1996.0
CHEMBL790,Chlorhexidine,N=C(NCCCCCCNC(=N)NC(=N)Nc1ccc(Cl)cc1)NC(=N)Nc1ccc(Cl)cc1,1976.0
CHEMBL32800,Fenoterol,CC(Cc1ccc(O)cc1)NCC(O)c1cc(O)cc(O)c1,
CHEMBL796,Methylphenidate,COC(=O)C(c1ccccc1)C1CCCCN1,1955.0
CHEMBL285674,Estazolam,Clc1ccc2c(c1)C(c1ccccc1)=NCc1nncn1-2,1990.0
CHEMBL797,Phensuximide,CN1C(=O)CC(c2ccccc2)C1=O,1982.0
CHEMBL34259,Methotrexate,CN(Cc1cnc2nc(N)nc(N)c2n1)c1ccc(C(=O)N[C@@H](CCC(=O)O)C(=O)O)cc1,1953.0
CHEMBL284092,Gepirone,CC1(C)CC(=O)N(CCCCN2CCN(c3ncccn3)CC2)C(=O)C1,2023.0
CHEMBL799,Cilostazol,O=C1CCc2cc(OCCCCc3nnnn3C3CCCCC3)ccc2N1,1999.0
CHEMBL802,Minoxidil,Nc1cc(N2CCCCC2)nc(N)[n+]1[O-],1979.0
CHEMBL154,Naproxen,COc1ccc2cc([C@H](C)C(=O)O)ccc2c1,1976.0
CHEMBL416956,Mefloquine,OC(c1cc(C(F)(F)F)nc2c(C(F)(F)F)cccc12)C1CCCCN1,1989.0
CHEMBL803,Cytarabine,Nc1ccn([C@@H]2O[C@H](CO)[C@@H](O)[C@@H]2O)c(=O)n1,1969.0
CHEMBL806,Flutamide,CC(C)C(=O)Nc1ccc([N+](=O)[O-])c(C(F)(F)F)c1,1989.0
CHEMBL807,Memantine,CC12CC3CC(C)(C1)CC(N)(C3)C2,2002.0
CHEMBL808,Econazole,Clc1ccc(COC(Cn2ccnc2)c2ccc(Cl)cc2Cl)cc1,1982.0
CHEMBL809,Sertraline,CN[C@H]1CC[C@@H](c2ccc(Cl)c(Cl)c2)c2ccccc21,1991.0
CHEMBL36715,Piracetam,NC(=O)CN1CCCC1=O,
CHEMBL810,Temozolomide,Cn1nnc2c(C(N)=O)ncn2c1=O,1999.0
CHEMBL811,Brompheniramine,CN(C)CCC(c1ccc(Br)cc1)c1ccccn1,1957.0
CHEMBL37744,Zimeldine,CN(C)C/C=C(/c1ccc(Br)cc1)c1cccnc1,
CHEMBL812,Pyridostigmine Bromide,CN(C)C(=O)Oc1ccc[n+](C)c1.[Br-],1955.0
CHEMBL813,Eprosartan,CCCCc1ncc(/C=C(\Cc2cccs2)C(=O)O)n1Cc1ccc(C(=O)O)cc1,1997.0
CHEMBL289469,Granisetron,CN1C2CCCC1CC(NC(=O)c1nn(C)c3ccccc13)C2,1993.0
CHEMBL814,Fluvoxamine,COCCCC/C(=N\OCCN)c1ccc(C(F)(F)F)cc1,1994.0
CHEMBL815,Dinoprost,CCCCC[C@H](O)/C=C/[C@@H]1[C@@H](C/C=C\CCCC(=O)O)[C@@H](O)C[C@H]1O,1982.0
CHEMBL39736,Buformin,CCCCNC(=N)NC(=N)N,
CHEMBL38827,Lumefantrine,CCCCN(CCCC)CC(O)c1cc(Cl)cc2c1-c1ccc(Cl)cc1/C2=C/c1ccc(Cl)cc1,2009.0
CHEMBL817,Tolazamide,Cc1ccc(S(=O)(=O)NC(=O)NN2CCCCCC2)cc1,1966.0
CHEMBL818,Iobenguane,N=C(N)NCc1cccc(I)c1,1994.0
CHEMBL819,Oxacillin,Cc1onc(-c2ccccc2)c1C(=O)N[C@@H]1C(=O)N2[C@@H]1SC(C)(C)[C@@H]2C(=O)O,1971.0
CHEMBL290960,Nifurtimox,CC1CS(=O)(=O)CCN1/N=C/c1ccc([N+](=O)[O-])o1,2020.0
CHEMBL820,Busulfan,CS(=O)(=O)OCCCCOS(C)(=O)=O,1954.0
CHEMBL821,Guanidine,N=C(N)N,1939.0
CHEMBL822,Terbinafine,CN(C/C=C/C#CC(C)(C)C)Cc1cccc2ccccc12,1992.0
CHEMBL826,Enoxacin,CCn1cc(C(=O)O)c(=O)c2cc(F)c(N3CCNCC3)nc21,1991.0
CHEMBL827,Dexmethylphenidate,COC(=O)[C@H](c1ccccc1)[C@H]1CCCCN1,2001.0
CHEMBL829,Methylpromazine,CC(CN(C)C)CN1c2ccccc2Sc2ccccc21,1982.0
CHEMBL43128,Primaquine Phosphate,COc1cc(NC(C)CCCN)c2ncccc2c1.O=P(O)(O)O.O=P(O)(O)O,1952.0
CHEMBL830,Eflornithine,NCCCC(N)(C(=O)O)C(F)F,1990.0
CHEMBL831,Loxapine,CN1CCN(C2=Nc3ccccc3Oc3ccc(Cl)cc32)CC1,1975.0
CHEMBL832,Sulfinpyrazone,O=C1C(CC[S+]([O-])c2ccccc2)C(=O)N(c2ccccc2)N1c1ccccc1,1959.0
CHEMBL288470,Aminopyrine,Cc1c(N(C)C)c(=O)n(-c2ccccc2)n1C,
CHEMBL833,Ticlopidine,Clc1ccccc1CN1CCc2sccc2C1,1991.0
CHEMBL290916,Edaravone,CC1=NN(c2ccccc2)C(=O)C1,2017.0
CHEMBL834,Pamidronic Acid,NCCC(O)(P(=O)(O)O)P(=O)(O)O,1991.0
CHEMBL289480,Rilmenidine,C1COC(NC(C2CC2)C2CC2)=N1,1987.0
CHEMBL836,Tamsulosin,CCOc1ccccc1OCCN[C@H](C)Cc1ccc(OC)c(S(N)(=O)=O)c1,1997.0
CHEMBL158,Aztreonam,C[C@H]1[C@H](NC(=O)/C(=N\OC(C)(C)C(=O)O)c2csc(N)n2)C(=O)N1S(=O)(=O)O,1986.0
CHEMBL44354,Ceftazidime,CC(C)(O/N=C(\C(=O)N[C@@H]1C(=O)N2C(C(=O)[O-])=C(C[n+]3ccccc3)CS[C@H]12)c1csc(N)n1)C(=O)O,1985.0
CHEMBL838,Benazepril,CCOC(=O)[C@H](CCc1ccccc1)N[C@H]1CCc2ccccc2N(CC(=O)O)C1=O,1991.0
CHEMBL41355,Ezogabine,CCOC(=O)Nc1ccc(NCc2ccc(F)cc2)cc1N,2011.0
CHEMBL288441,Bosutinib,COc1cc(Nc2c(C#N)cnc3cc(OCCCN4CCN(C)CC4)c(OC)cc23)c(Cl)cc1Cl,2012.0
CHEMBL839,Carteolol,CC(C)(C)NCC(O)COc1cccc2c1CCC(=O)N2,1988.0
CHEMBL841,Loperamide,CN(C)C(=O)C(CCN1CCC(O)(c2ccc(Cl)cc2)CC1)(c1ccccc1)c1ccccc1,1976.0
CHEMBL842,Chlorothiazide,NS(=O)(=O)c1cc2c(cc1Cl)N=CNS2(=O)=O,1958.0
CHEMBL843,Rosiglitazone Maleate,CN(CCOc1ccc(CC2SC(=O)NC2=O)cc1)c1ccccn1.O=C(O)/C=C\C(=O)O,1999.0
CHEMBL844,Brimonidine,Brc1c(NC2=NCCN2)ccc2nccnc12,1996.0
CHEMBL43452,Pomalidomide,Nc1cccc2c1C(=O)N(C1CCC(=O)NC1=O)C2=O,2013.0
CHEMBL846,Calcitriol,C=C1/C(=C\C=C2/CCC[C@]3(C)[C@@H]([C@H](C)CCCC(C)(C)O)CC[C@@H]23)C[C@@H](O)C[C@@H]1O,1978.0
CHEMBL847,Oxamniquine,CC(C)NCC1CCc2cc(CO)c([N+](=O)[O-])cc2N1,1980.0
CHEMBL848,Lenalidomide,Nc1cccc2c1CN(C1CCC(=O)NC1=O)C2=O,2005.0
CHEMBL849,Triclosan,Oc1cc(Cl)ccc1Oc1ccc(Cl)cc1Cl,1997.0
CHEMBL850,Sparfloxacin,C[C@@H]1CN(c2c(F)c(N)c3c(=O)c(C(=O)O)cn(C4CC4)c3c2F)C[C@H](C)N1,1996.0
CHEMBL852,Melphalan,N[C@@H](Cc1ccc(N(CCCl)CCCl)cc1)C(=O)O,1964.0
CHEMBL297302,Benperidol,O=C(CCCN1CCC(n2c(=O)[nH]c3ccccc32)CC1)c1ccc(F)cc1,
CHEMBL853,Zalcitabine,Nc1ccn([C@H]2CC[C@@H](CO)O2)c(=O)n1,1992.0
CHEMBL855,Triprolidine,Cc1ccc(/C(=C\CN2CCCC2)c2ccccn2)cc1,1982.0
CHEMBL45029,Mephobarbital,CCC1(c2ccccc2)C(=O)NC(=O)N(C)C1=O,
CHEMBL296419,Astemizole,COc1ccc(CCN2CCC(Nc3nc4ccccc4n3Cc3ccc(F)cc3)CC2)cc1,1988.0
CHEMBL46740,Bazedoxifene,Cc1c(-c2ccc(O)cc2)n(Cc2ccc(OCCN3CCCCCC3)cc2)c2ccc(O)cc12,2009.0
CHEMBL856,Primidone,CCC1(c2ccccc2)C(=O)NCNC1=O,1954.0
CHEMBL857,Biotin,O=C(O)CCCC[C@@H]1SC[C@@H]2NC(=O)N[C@@H]21,1985.0
CHEMBL861,Mephenytoin,CCC1(c2ccccc2)NC(=O)N(C)C1=O,1946.0
CHEMBL46917,Carbaril,CNC(=O)Oc1cccc2ccccc12,
CHEMBL862,Guanfacine,N=C(N)NC(=O)Cc1c(Cl)cccc1Cl,1986.0
CHEMBL863,Cysteine,N[C@@H](CS)C(=O)O,1986.0
CHEMBL46516,Fluspirilene,O=C1NCN(c2ccccc2)C12CCN(CCCC(c1ccc(F)cc1)c1ccc(F)cc1)CC2,
CHEMBL864,Carbinoxamine,CN(C)CCOC(c1ccc(Cl)cc1)c1ccccn1,1982.0
CHEMBL43064,Cinnarizine,C(=C/c1ccccc1)\CN1CCN(C(c2ccccc2)c2ccccc2)CC1,
CHEMBL295124,Berberine,COc1ccc2cc3[n+](cc2c1OC)CCc1cc2c(cc1-3)OCO2,
CHEMBL865,Valdecoxib,Cc1onc(-c2ccccc2)c1-c1ccc(S(N)(=O)=O)cc1,2001.0
CHEMBL296913,Parecoxib Sodium,CCC(=O)[N-]S(=O)(=O)c1ccc(-c2c(-c3ccccc3)noc2C)cc1.[Na+],2002.0
CHEMBL44884,Ethambutol,CC[C@@H](CO)NCCN[C@@H](CC)CO,1967.0
CHEMBL46058,Ethyl Chloride,CCCl,
CHEMBL44618,Chloroform,ClC(Cl)Cl,
CHEMBL866,Mycophenolic Acid,COc1c(C)c2c(c(O)c1C/C=C(\C)CCC(=O)O)C(=O)OC2,2004.0
CHEMBL44657,Etoposide,COc1cc([C@@H]2c3cc4c(cc3[C@@H](O[C@@H]3O[C@@H]5CO[C@@H](C)O[C@H]5[C@H](O)[C@H]3O)[C@H]3COC(=O)[C@H]23)OCO4)cc(OC)c1O,1983.0
CHEMBL867,Iopanoic Acid,CCC(Cc1c(I)cc(I)c(N)c1I)C(=O)O,1951.0
CHEMBL46286,Omacetaxine Mepesuccinate,COC(=O)C[C@](O)(CCCC(C)(C)O)C(=O)O[C@@H]1C(OC)=C[C@]23CCCN2CCc2cc4c(cc2[C@H]13)OCO4,2009.0
CHEMBL48449,Cantharidin,C[C@@]12C(=O)OC(=O)[C@]1(C)[C@H]1CC[C@@H]2O1,2023.0
CHEMBL262777,Vancomycin,CN[C@H](CC(C)C)C(=O)N[C@H]1C(=O)N[C@@H](CC(N)=O)C(=O)N[C@H]2C(=O)N[C@H]3C(=O)N[C@H](C(=O)N[C@H](C(=O)O)c4cc(O)cc(O)c4-c4cc3ccc4O)[C@H](O)c3ccc(c(Cl)c3)Oc3cc2cc(c3O[C@@H]2O[C@H](CO)[C@@H](O)[C@H](O)[C@H]2O[C@H]2C[C@](C)(N)[C@H](O)[C@H](C)O2)Oc2ccc(cc2Cl)[C@H]1O,1964.0
CHEMBL869,Nitrofurazone,NC(=O)N/N=C/c1ccc([N+](=O)[O-])o1,1945.0
CHEMBL870,Alendronic Acid,NCCCC(O)(P(=O)(O)O)P(=O)(O)O,1995.0
CHEMBL871,Etidronic Acid,CC(O)(P(=O)(O)O)P(=O)(O)O,1977.0
CHEMBL159,Vinblastine,CC[C@]1(O)C[C@@H]2CN(CCc3c([nH]c4ccccc34)[C@@](C(=O)OC)(c3cc4c(cc3OC)N(C)[C@H]3[C@@](O)(C(=O)OC)[C@H](OC(C)=O)[C@]5(CC)C=CCN6CC[C@]43[C@@H]65)C2)C1,1965.0
CHEMBL45816,Mibefradil,COCC(=O)O[C@]1(CCN(C)CCCc2nc3ccccc3[nH]2)CCc2cc(F)ccc2[C@@H]1C(C)C,1997.0
CHEMBL295698,Levoketoconazole,CC(=O)N1CCN(c2ccc(OC[C@@H]3CO[C@@](Cn4ccnc4)(c4ccc(Cl)cc4Cl)O3)cc2)CC1,2021.0
CHEMBL298470,Tafenoquine,COc1cc(C)c2c(Oc3cccc(C(F)(F)F)c3)c(OC)cc(NC(C)CCCN)c2n1,2018.0
CHEMBL877,Tranexamic Acid,NC[C@H]1CC[C@H](C(=O)O)CC1,1986.0
CHEMBL878,Metolazone,Cc1ccccc1N1C(=O)c2cc(S(N)(=O)=O)c(Cl)cc2NC1C,1973.0
CHEMBL880,Famciclovir,CC(=O)OCC(CCn1cnc2cnc(N)nc21)COC(C)=O,1994.0
CHEMBL885,Emtricitabine,Nc1nc(=O)n([C@@H]2CS[C@H](CO)O2)cc1F,2003.0
CHEMBL887,Rasagiline,C#CCN[C@@H]1CCc2ccccc21,2005.0
CHEMBL888,Gemcitabine,Nc1ccn([C@@H]2O[C@H](CO)[C@@H](O)C2(F)F)c(=O)n1,1996.0
CHEMBL296306,Lactulose,OC[C@H]1O[C@@H](O[C@@H]2[C@@H](CO)O[C@](O)(CO)[C@H]2O)[C@H](O)[C@@H](O)[C@H]1O,1976.0
CHEMBL48582,Safinamide Mesylate,CS(=O)(=O)O.C[C@H](NCc1ccc(OCc2cccc(F)c2)cc1)C(N)=O,2015.0
CHEMBL891,Cloxacillin,Cc1onc(-c2ccccc2Cl)c1C(=O)N[C@@H]1C(=O)N2[C@@H]1SC(C)(C)[C@@H]2C(=O)O,1974.0
CHEMBL299400,Butorphanol Tartrate,O=C(O)C(O)C(O)C(=O)O.Oc1ccc2c(c1)[C@@]13CCCC[C@@]1(O)[C@@H](C2)N(CC1CCC1)CC3,1978.0
CHEMBL893,Dicloxacillin,Cc1onc(-c2c(Cl)cccc2Cl)c1C(=O)N[C@@H]1C(=O)N2[C@@H]1SC(C)(C)[C@@H]2C(=O)O,1968.0
CHEMBL894,Bupropion,CC(NC(C)(C)C)C(=O)c1cccc(Cl)c1,1985.0
CHEMBL50588,Emetine,CC[C@H]1CN2CCc3cc(OC)c(OC)cc3[C@@H]2C[C@@H]1C[C@H]1NCCc2cc(OC)c(OC)cc21,
CHEMBL895,Nalbuphine,Oc1ccc2c3c1O[C@H]1[C@@H](O)CC[C@@]4(O)[C@@H](C2)N(CC2CCC2)CC[C@]314,1979.0
CHEMBL52440,Dextromethorphan,COc1ccc2c(c1)[C@]13CCCC[C@@H]1[C@H](C2)N(C)CC3,1982.0
CHEMBL896,Hydroxyzine,OCCOCCN1CCN(C(c2ccccc2)c2ccc(Cl)cc2)CC1,1956.0
CHEMBL897,Probenecid,CCCN(CCC)S(=O)(=O)c1ccc(C(=O)O)cc1,1951.0
CHEMBL898,Diflunisal,O=C(O)c1cc(-c2ccc(F)cc2F)ccc1O,1982.0
CHEMBL900,Orphenadrine,Cc1ccccc1C(OCCN(C)C)c1ccccc1,1957.0
CHEMBL902,Famotidine,NC(N)=Nc1nc(CSCC/C(N)=N/S(N)(=O)=O)cs1,1986.0
CHEMBL53292,Isoxicam,Cc1cc(NC(=O)C2=C(O)c3ccccc3S(=O)(=O)N2C)no1,
CHEMBL53463,Doxorubicin,COc1cccc2c1C(=O)c1c(O)c3c(c(O)c1C2=O)C[C@@](O)(C(=O)CO)C[C@@H]3O[C@H]1C[C@H](N)[C@H](O)[C@H](C)O1,1974.0
CHEMBL904,Dexmethylphenidate Hydrochloride,COC(=O)[C@H](c1ccccc1)[C@H]1CCCCN1.Cl,2001.0
CHEMBL905,Rizatriptan,CN(C)CCc1c[nH]c2ccc(Cn3cncn3)cc12,1998.0
CHEMBL908,Chlorprothixene,CN(C)CC/C=C1/c2ccccc2Sc2ccc(Cl)cc21,1967.0
CHEMBL911,Zolpidem,Cc1ccc(-c2nc3ccc(C)cn3c2CC(=O)N(C)C)cc1,1992.0
CHEMBL914,Fexofenadine,CC(C)(C(=O)O)c1ccc(C(O)CCCN2CCC(C(O)(c3ccccc3)c3ccccc3)CC2)cc1,1996.0
CHEMBL915,Nedocromil Sodium,CCCc1c2oc(C(=O)[O-])cc(=O)c2cc2c(=O)cc(C(=O)[O-])n(CC)c12.[Na+].[Na+],1992.0
CHEMBL916,Tirofiban,CCCCS(=O)(=O)N[C@@H](Cc1ccc(OCCCCC2CCNCC2)cc1)C(=O)O,1998.0
CHEMBL53418,Danthron,O=C1c2cccc(O)c2C(=O)c2c(O)cccc21,
CHEMBL917,Floxuridine,O=c1[nH]c(=O)n([C@H]2C[C@H](O)[C@@H](CO)O2)cc1F,1970.0
CHEMBL918,Phenacemide,NC(=O)NC(=O)Cc1ccccc1,1951.0
CHEMBL919,Fosphenytoin Sodium,O=C1NC(c2ccccc2)(c2ccccc2)C(=O)N1COP(=O)([O-])[O-].[Na+].[Na+],1996.0
CHEMBL920,Choline,C[N+](C)(C)CCO,2012.0
CHEMBL54349,Alpidem,CCCN(CCC)C(=O)Cc1c(-c2ccc(Cl)cc2)nc2ccc(Cl)cn12,
CHEMBL922,Adefovir Dipivoxil,CC(C)(C)C(=O)OCOP(=O)(COCCn1cnc2c(N)ncnc21)OCOC(=O)C(C)(C)C,2002.0
CHEMBL161,Ceftriaxone,CO/N=C(\C(=O)N[C@@H]1C(=O)N2C(C(=O)O)=C(CSc3nc(=O)c(O)nn3C)CS[C@H]12)c1csc(N)n1,1984.0
CHEMBL923,Risedronic Acid,O=P(O)(O)C(O)(Cc1cccnc1)P(=O)(O)O,1998.0
CHEMBL924,Zoledronic Acid Anhydrous,O=P(O)(O)C(O)(Cn1ccnc1)P(=O)(O)O,2001.0
CHEMBL264241,Anidulafungin,CCCCCOc1ccc(-c2ccc(-c3ccc(C(=O)N[C@H]4C[C@@H](O)[C@@H](O)NC(=O)[C@@H]5[C@@H](O)[C@@H](C)CN5C(=O)[C@H]([C@@H](C)O)NC(=O)[C@H]([C@H](O)[C@@H](O)c5ccc(O)cc5)NC(=O)[C@@H]5C[C@@H](O)CN5C(=O)[C@H]([C@@H](C)O)NC4=O)cc3)cc2)cc1,2006.0
CHEMBL925,Tyrosine,N[C@@H](Cc1ccc(O)cc1)C(=O)O,1982.0
CHEMBL926,Dobutamine,CC(CCc1ccc(O)cc1)NCCc1ccc(O)c(O)c1,1978.0
CHEMBL56021,Levacetylleucine,CC(=O)N[C@@H](CC(C)C)C(=O)O,2024.0
CHEMBL927,Cefdinir,C=CC1=C(C(=O)O)N2C(=O)[C@@H](NC(=O)/C(=N\O)c3csc(N)n3)[C@H]2SC1,1997.0
CHEMBL54976,Tryptophan,N[C@@H](Cc1c[nH]c2ccccc12)C(=O)O,
CHEMBL928,Dantrolene Sodium,O=C1CN(/N=C/c2ccc(-c3ccc([N+](=O)[O-])cc3)o2)C(=O)[N-]1.[Na+],1974.0
CHEMBL298734,Lonafarnib,NC(=O)N1CCC(CC(=O)N2CCC([C@H]3c4ncc(Br)cc4CCc4cc(Cl)cc(Br)c43)CC2)CC1,2020.0
CHEMBL929,Delavirdine Mesylate,CC(C)Nc1cccnc1N1CCN(C(=O)c2cc3cc(NS(C)(=O)=O)ccc3[nH]2)CC1.CS(=O)(=O)O,1997.0
CHEMBL930,Glutamine,NC(=O)CC[C@H](N)C(=O)O,2004.0
CHEMBL56367,Nimesulide,CS(=O)(=O)Nc1ccc([N+](=O)[O-])cc1Oc1ccccc1,
CHEMBL931,Halothane,FC(F)(F)C(Cl)Br,1958.0
CHEMBL932,Dipyridamole,OCCN(CCO)c1nc(N2CCCCC2)c2nc(N(CCO)CCO)nc(N3CCCCC3)c2n1,1961.0
CHEMBL934,Metyrapone,CC(C)(C(=O)c1cccnc1)c1cccnc1,1961.0
CHEMBL936,Diphenidol,OC(CCCN1CCCCC1)(c1ccccc1)c1ccccc1,1967.0
CHEMBL937,Diethylcarbamazine Citrate,CCN(CC)C(=O)N1CCN(C)CC1.O=C(O)CC(O)(CC(=O)O)C(=O)O,1950.0
CHEMBL163,Ritonavir,CC(C)c1nc(CN(C)C(=O)N[C@H](C(=O)N[C@@H](Cc2ccccc2)C[C@H](O)[C@H](Cc2ccccc2)NC(=O)OCc2cncs2)C(C)C)cs1,1996.0
CHEMBL939,Gefitinib,COc1cc2ncnc(Nc3ccc(F)c(Cl)c3)c2cc1OCCCN1CCOCC1,2003.0
CHEMBL940,Gabapentin,NCC1(CC(=O)O)CCCCC1,1993.0
CHEMBL291338,"3,3',4',5-Tetrachlorosalicylanilide",O=C(Nc1ccc(Cl)c(Cl)c1)c1cc(Cl)cc(Cl)c1O,
CHEMBL58323,Lacosamide,COC[C@@H](NC(C)=O)C(=O)NCc1ccccc1,2008.0
CHEMBL941,Imatinib,Cc1ccc(NC(=O)c2ccc(CN3CCN(C)CC3)cc2)cc1Nc1nccc(-c2cccnc2)n1,2001.0
CHEMBL56564,Tropisetron,CN1[C@@H]2CC[C@H]1C[C@@H](OC(=O)c1c[nH]c3ccccc13)C2,
CHEMBL301265,Pramipexole,CCCN[C@H]1CCc2nc(N)sc2C1,1997.0
CHEMBL942,Bisacodyl,CC(=O)Oc1ccc(C(c2ccc(OC(C)=O)cc2)c2ccccn2)cc1,2004.0
CHEMBL56337,Epalrestat,CC(/C=C1\SC(=S)N(CC(=O)O)C1=O)=C\c1ccccc1,1992.0
CHEMBL944,Chloroprocaine Hydrochloride,CCN(CC)CCOC(=O)c1ccc(N)cc1Cl.Cl,1955.0
CHEMBL945,Amiloride,N=C(N)NC(=O)c1nc(Cl)c(N)nc1N,1981.0
CHEMBL946,Azatadine,CN1CCC(=C2c3ccccc3CCc3cccnc32)CC1,1977.0
CHEMBL58510,Chloroquine Phosphate,CCN(CC)CCCC(C)Nc1ccnc2cc(Cl)ccc12.O=P(O)(O)O.O=P(O)(O)O,1949.0
CHEMBL951,Iophendylate,CCOC(=O)CCCCCCCCC(C)c1ccc(I)cc1,1982.0
CHEMBL294199,Capsaicin,COc1cc(CNC(=O)CCCC/C=C/C(C)C)ccc1O,2009.0
CHEMBL953,Entacapone,CCN(CC)C(=O)/C(C#N)=C/c1cc(O)c(O)c([N+](=O)[O-])c1,1998.0
CHEMBL61593,Cyclothiazide,NS(=O)(=O)c1cc2c(cc1Cl)NC(C1CC3C=CC1C3)NS2(=O)=O,1982.0
CHEMBL956,Suprofen,CC(C(=O)O)c1ccc(C(=O)c2cccs2)cc1,1985.0
CHEMBL957,Bosentan,COc1ccccc1Oc1c(NS(=O)(=O)c2ccc(C(C)(C)C)cc2)nc(-c2ncccn2)nc1OCCO,2001.0
CHEMBL959,Rimantadine,CC(N)C12CC3CC(CC(C3)C1)C2,1993.0
CHEMBL960,Leflunomide,Cc1oncc1C(=O)Nc1ccc(C(F)(F)F)cc1,1998.0
CHEMBL62193,Sulfadimethoxine,COc1cc(NS(=O)(=O)c2ccc(N)cc2)nc(OC)n1,
CHEMBL61006,Phenylpropanolamine,CC(N)C(O)c1ccccc1,1958.0
CHEMBL962,Epoprostenol Sodium,CCCCC[C@H](O)/C=C/[C@@H]1[C@H]2C/C(=C/CCCC(=O)[O-])O[C@H]2C[C@H]1O.[Na+],1995.0
CHEMBL963,Oxymorphone,CN1CC[C@]23c4c5ccc(O)c4O[C@H]2C(=O)CC[C@@]3(O)[C@H]1C5,1959.0
CHEMBL964,Disulfiram,CCN(CC)C(=S)SSC(=S)N(CC)CC,1951.0
CHEMBL965,Carbamoylcholine,C[N+](C)(C)CCOC(N)=O,1972.0
CHEMBL967,Temazepam,CN1C(=O)C(O)N=C(c2ccccc2)c2cc(Cl)ccc21,1981.0
CHEMBL968,Flurazepam,CCN(CC)CCN1C(=O)CN=C(c2ccccc2F)c2cc(Cl)ccc21,1970.0
CHEMBL969,Prazepam,O=C1CN=C(c2ccccc2)c2cc(Cl)ccc2N1CC1CC1,1982.0
CHEMBL970,Halazepam,O=C1CN=C(c2ccccc2)c2cc(Cl)ccc2N1CC(F)(F)F,1981.0
CHEMBL971,Pentobarbital Sodium,CCCC(C)C1(CC)C(=O)N=C([O-])NC1=O.[Na+],1973.0
CHEMBL972,Selegiline,C#CCN(C)[C@H](C)Cc1ccccc1,1989.0
CHEMBL973,Teriflunomide,C/C(O)=C(\C#N)C(=O)Nc1ccc(C(F)(F)F)cc1,2012.0
CHEMBL975,Mesna,O=S(=O)([O-])CCS.[Na+],1988.0
CHEMBL64391,Itraconazole,CCC(C)n1ncn(-c2ccc(N3CCN(c4ccc(OCC5COC(Cn6cncn6)(c6ccc(Cl)cc6Cl)O5)cc4)CC3)cc2)c1=O,1992.0
CHEMBL64894,Gentian Violet,CN(C)c1ccc(C(=C2C=CC(=[N+](C)C)C=C2)c2ccc(N(C)C)cc2)cc1.[Cl-],1982.0
CHEMBL976,Praziquantel,O=C(C1CCCCC1)N1CC(=O)N2CCc3ccccc3C2C1,1982.0
CHEMBL977,Hydrocortisone Hemisuccinate Anhydrous,C[C@]12CCC(=O)C=C1CC[C@@H]1[C@@H]2[C@@H](O)C[C@@]2(C)[C@H]1CC[C@]2(O)C(=O)COC(=O)CCC(=O)O,1955.0
CHEMBL978,Methacholine,CC(=O)OC(C)C[N+](C)(C)C,1986.0
CHEMBL979,Meprobamate,CCCC(C)(COC(N)=O)COC(N)=O,1955.0
CHEMBL980,Guaifenesin,COc1ccccc1OCC(O)CO,2002.0
CHEMBL981,Fenofibric Acid,CC(C)(Oc1ccc(C(=O)c2ccc(Cl)cc2)cc1)C(=O)O,2008.0
CHEMBL982,Nalmefene,C=C1CC[C@@]2(O)[C@H]3Cc4ccc(O)c5c4[C@@]2(CCN3CC2CC2)[C@H]1O5,1995.0
CHEMBL983,Succinylcholine Chloride,C[N+](C)(C)CCOC(=O)CCC(=O)OCC[N+](C)(C)C.[Cl-].[Cl-],1952.0
CHEMBL984,Mivacurium Chloride,COc1cc2c(cc1OC)[C@@H](Cc1cc(OC)c(OC)c(OC)c1)[N+](C)(CCCOC(=O)CC/C=C/CCC(=O)OCCC[N+]1(C)CCc3cc(OC)c(OC)cc3[C@H]1Cc1cc(OC)c(OC)c(OC)c1)CC2.[Cl-].[Cl-],1992.0
CHEMBL985,Urea,NC(N)=O,1982.0
CHEMBL65375,Tipiracil Hydrochloride,Cl.N=C1CCCN1Cc1[nH]c(=O)[nH]c(=O)c1Cl,2015.0
CHEMBL291657,Crinecerfont,C#CCN(c1nc(-c2cc(C)c(OC)cc2Cl)c(C)s1)[C@@H](CC1CC1)c1ccc(C)c(F)c1,2024.0
CHEMBL63857,Phenolphthalein,O=C1OC(c2ccc(O)cc2)(c2ccc(O)cc2)c2ccccc21,
CHEMBL986,Retinol,CC1=C(/C=C/C(C)=C/C=C/C(C)=C/CO)C(C)(C)CCC1,1982.0
CHEMBL65794,Cefpirome,CO/N=C(\C(=O)N[C@@H]1C(=O)N2C(C(=O)[O-])=C(C[n+]3cccc4c3CCC4)CS[C@H]12)c1csc(N)n1,
CHEMBL989,Fluocinolone Acetonide,CC1(C)O[C@@H]2C[C@H]3[C@@H]4C[C@H](F)C5=CC(=O)C=C[C@]5(C)[C@@]4(F)[C@@H](O)C[C@]3(C)[C@]2(C(=O)CO)O1,1963.0
CHEMBL990,Butenafine,CN(Cc1ccc(C(C)(C)C)cc1)Cc1cccc2ccccc12,1996.0
CHEMBL70246,Acefylline,Cn1c(=O)c2c(ncn2CC(=O)O)n(C)c1=O,
CHEMBL991,Stavudine,Cc1cn([C@H]2C=C[C@@H](CO)O2)c(=O)[nH]c1=O,1994.0
CHEMBL995,Losartan Potassium,CCCCc1nc(Cl)c(CO)n1Cc1ccc(-c2ccccc2-c2nnn[n-]2)cc1.[K+],1995.0
CHEMBL996,Cefoxitin,CO[C@@]1(NC(=O)Cc2cccs2)C(=O)N2C(C(=O)O)=C(COC(N)=O)CS[C@@H]21,1978.0
CHEMBL70046,Sorivudine,O=c1[nH]c(=O)n([C@@H]2O[C@H](CO)[C@@H](O)[C@@H]2O)cc1/C=C/Br,
CHEMBL997,Ibandronic Acid,CCCCCN(C)CCC(O)(P(=O)(O)O)P(=O)(O)O,1996.0
CHEMBL998,Loratadine,CCOC(=O)N1CCC(=C2c3ccc(Cl)cc3CCc3cccnc32)CC1,1993.0
CHEMBL71752,Vinpocetine,CCOC(=O)C1=C[C@]2(CC)CCCN3CCc4c(n1c1ccccc41)[C@@H]32,
CHEMBL305660,Ebastine,CC(C)(C)c1ccc(C(=O)CCCN2CCC(OC(c3ccccc3)c3ccccc3)CC2)cc1,1990.0
CHEMBL1000,Cetirizine,O=C(O)COCCN1CCN(C(c2ccccc2)c2ccc(Cl)cc2)CC1,1995.0
CHEMBL70418,Clobazam,CN1C(=O)CC(=O)N(c2ccccc2)c2cc(Cl)ccc21,2005.0
CHEMBL1002,Levosalbutamol,CC(C)(C)NC[C@H](O)c1ccc(O)c(CO)c1,1999.0
CHEMBL1003,Clavulanate Potassium,O=C([O-])[C@H]1/C(=C/CO)O[C@@H]2CC(=O)N21.[K+],1984.0
CHEMBL1004,Doxylamine,CN(C)CCOC(C)(c1ccccc1)c1ccccn1,1948.0
CHEMBL70972,Seratrodast,CC1=C(C)C(=O)C(C(CCCCCC(=O)O)c2ccccc2)=C(C)C1=O,1995.0
CHEMBL1005,Remifentanil,CCC(=O)N(c1ccccc1)C1(C(=O)OC)CCN(CCC(=O)OC)CC1,1996.0
CHEMBL70927,Deferiprone,Cc1c(O)c(=O)ccn1C,1999.0
CHEMBL1006,Amifostine,NCCCNCCSP(=O)(O)O,1995.0
CHEMBL1008,Bepridil,CC(C)COCC(CN(Cc1ccccc1)c1ccccc1)N1CCCC1,1990.0
CHEMBL1009,Levodopa,N[C@@H](Cc1ccc(O)c(O)c1)C(=O)O,1970.0
CHEMBL1010,Cefotaxime Sodium,CO/N=C(\C(=O)N[C@@H]1C(=O)N2C(C(=O)[O-])=C(COC(C)=O)CS[C@H]12)c1csc(N)n1.[Na+],1981.0
CHEMBL308954,Etravirine,Cc1cc(C#N)cc(C)c1Oc1nc(Nc2ccc(C#N)cc2)nc(N)c1Br,2008.0
CHEMBL306700,Viloxazine,CCOc1ccccc1OCC1CNCCO1,2021.0
CHEMBL1013,Loracarbef Anhydrous,N[C@@H](C(=O)N[C@@H]1C(=O)N2C(C(=O)O)=C(Cl)CC[C@H]12)c1ccccc1,1991.0
CHEMBL74632,Moxalactam,CO[C@@]1(NC(=O)C(C(=O)O)c2ccc(O)cc2)C(=O)N2C(C(=O)O)=C(CSc3nnnn3C)CO[C@@H]21,1982.0
CHEMBL312448,Xylometazoline,Cc1cc(C(C)(C)C)cc(C)c1CC1=NCCN1,
CHEMBL1014,Candesartan Cilexetil,CCOc1nc2cccc(C(=O)OC(C)OC(=O)OC3CCCCC3)c2n1Cc1ccc(-c2ccccc2-c2nn[nH]n2)cc1,1998.0
CHEMBL1015,Evans Blue Free Acid,Cc1cc(-c2ccc(/N=N/c3ccc4c(S(=O)(=O)O)cc(S(=O)(=O)O)c(N)c4c3O)c(C)c2)ccc1/N=N/c1ccc2c(S(=O)(=O)O)cc(S(=O)(=O)O)c(N)c2c1O,1982.0
CHEMBL1017,Telmisartan,CCCc1nc2c(C)cc(-c3nc4ccccc4n3C)cc2n1Cc1ccc(-c2ccccc2C(=O)O)cc1,1998.0
CHEMBL1018,Dienestrol,C/C=C(C(=C/C)/c1ccc(O)cc1)\c1ccc(O)cc1,1947.0
CHEMBL75435,Dexketoprofen,C[C@H](C(=O)O)c1cccc(C(=O)c2ccccc2)c1,1994.0
CHEMBL73234,Carbetapentane,CCN(CC)CCOCCOC(=O)C1(c2ccccc2)CCCC1,
CHEMBL1020,Tolmetin,Cc1ccc(C(=O)c2ccc(CC(=O)O)n2C)cc1,1976.0
CHEMBL1021,Nepafenac,NC(=O)Cc1cccc(C(=O)c2ccccc2)c1N,2005.0
CHEMBL75880,Perhexiline,C1CCC(C(CC2CCCCN2)C2CCCCC2)CC1,1974.0
CHEMBL1023,Bexarotene,C=C(c1ccc(C(=O)O)cc1)c1cc2c(cc1C)C(C)(C)CCC2(C)C,1999.0
CHEMBL1024,Ifosfamide,O=P1(NCCCl)OCCCN1CCCl,1988.0
CHEMBL1025,Isoflurophate,CC(C)OP(=O)(F)OC(C)C,1957.0
CHEMBL307261,Artenimol,C[C@H]1[C@@H](O)O[C@@H]2O[C@@]3(C)CC[C@H]4[C@H](C)CC[C@@H]1[C@@]24OO3,
CHEMBL1026,Fenoldopam Mesylate,CS(=O)(=O)O.Oc1ccc(C2CNCCc3c2cc(O)c(O)c3Cl)cc1,1997.0
CHEMBL1027,Tiagabine,Cc1ccsc1C(=CCCN1CCC[C@@H](C(=O)O)C1)c1sccc1C,1997.0
CHEMBL76370,Tegaserod,CCCCCNC(=N)N/N=C/c1c[nH]c2ccc(OC)cc12,2002.0
CHEMBL431770,Istradefylline,CCn1c(=O)c2c(nc(/C=C/c3ccc(OC)c(OC)c3)n2C)n(CC)c1=O,
CHEMBL1029,Miglustat,CCCCN1C[C@H](O)[C@@H](O)[C@H](O)[C@H]1CO,2002.0
CHEMBL1034,Diclofenac Sodium,O=C([O-])Cc1ccccc1Nc1c(Cl)cccc1Cl.[Na+],1988.0
CHEMBL1037,Guanadrel,N=C(N)NCC1COC2(CCCCC2)O1,1982.0
CHEMBL1040,Calcifediol Anhydrous,C=C1CC[C@H](O)C/C1=C/C=C1\CCC[C@]2(C)[C@@H]([C@H](C)CCCC(C)(C)O)CC[C@@H]12,1980.0
CHEMBL1042,Cholecalciferol,C=C1CC[C@H](O)C/C1=C/C=C1\CCC[C@]2(C)[C@@H]([C@H](C)CCCC(C)C)CC[C@@H]12,1999.0
CHEMBL1043,Dapsone,Nc1ccc(S(=O)(=O)c2ccc(N)cc2)cc1,1979.0
CHEMBL1046,Aminocaproic Acid,NCCCCCC(=O)O,1964.0
CHEMBL421701,Dithiazanine Iodide,CCN1/C(=C/C=C/C=C/c2sc3ccccc3[n+]2CC)Sc2ccccc21.[I-],
CHEMBL311498,Cianidanol,Oc1cc(O)c2c(c1)O[C@H](c1ccc(O)c(O)c1)[C@@H](O)C2,1977.0
CHEMBL420762,Mozavaptan,Cc1ccccc1C(=O)Nc1ccc(C(=O)N2CCCC(N(C)C)c3ccccc32)cc1,2006.0
CHEMBL1051,Latanoprost,CC(C)OC(=O)CCC/C=C\C[C@@H]1[C@@H](CC[C@@H](O)CCc2ccccc2)[C@H](O)C[C@@H]1O,1996.0
CHEMBL1054,Trichlormethiazide,NS(=O)(=O)c1cc2c(cc1Cl)NC(C(Cl)Cl)NS2(=O)=O,1960.0
CHEMBL1055,Chlorthalidone,NS(=O)(=O)c1cc(C2(O)NC(=O)c3ccccc32)ccc1Cl,1960.0
CHEMBL316157,Cephaloridine,O=C(Cc1cccs1)N[C@@H]1C(=O)N2C(C(=O)[O-])=C(C[n+]3ccccc3)CS[C@H]12,
CHEMBL1057,Fluorescein,O=C1OC2(c3ccc(O)cc3Oc3cc(O)ccc32)c2ccccc21,1976.0
CHEMBL1059,Pregabalin,CC(C)C[C@H](CN)CC(=O)O,2004.0
CHEMBL1060,"Sodium Phosphate, Dibasic, Anhydrous",O=P([O-])([O-])O.[Na+].[Na+],1957.0
CHEMBL1064,Simvastatin,CCC(C)(C)C(=O)O[C@H]1C[C@@H](C)C=C2C=C[C@H](C)[C@H](CC[C@@H]3C[C@@H](O)CC(=O)O3)[C@H]21,1991.0
CHEMBL83063,Ritodrine,CC(NCCc1ccc(O)cc1)C(O)c1ccc(O)cc1,1982.0
CHEMBL1065,Methysergide,CC[C@@H](CO)NC(=O)[C@@H]1C=C2c3cccc4c3c(cn4C)C[C@H]2N(C)C1,1962.0
CHEMBL1068,Oxcarbazepine,NC(=O)N1c2ccccc2CC(=O)c2ccccc21,2000.0
CHEMBL1069,Valsartan,CCCCC(=O)N(Cc1ccc(-c2ccccc2-c2nnn[nH]2)cc1)[C@H](C(=O)O)C(C)C,1996.0
CHEMBL315838,Encainide,COc1ccc(C(=O)Nc2ccccc2CCC2CCCCN2C)cc1,1986.0
CHEMBL86304,Moclobemide,O=C(NCCN1CCOCC1)c1ccc(Cl)cc1,1990.0
CHEMBL85231,Medifoxamine,CN(C)CC(Oc1ccccc1)Oc1ccccc1,
CHEMBL1070,Nabumetone,COc1ccc2cc(CCC(C)=O)ccc2c1,1991.0
CHEMBL1071,Oxaprozin,O=C(O)CCc1nc(-c2ccccc2)c(-c2ccccc2)o1,1992.0
CHEMBL314437,Meptazinol,CCC1(c2cccc(O)c2)CCCCN(C)C1,
CHEMBL86715,Procyclidine,OC(CCN1CCCC1)(c1ccccc1)C1CCCCC1,1955.0
CHEMBL1072,Bumetanide,CCCCNc1cc(C(=O)O)cc(S(N)(=O)=O)c1Oc1ccccc1,1983.0
CHEMBL1073,Glipizide,Cc1cnc(C(=O)NCCc2ccc(S(=O)(=O)NC(=O)NC3CCCCC3)cc2)cn1,1984.0
CHEMBL87708,Lofepramine,CN(CCCN1c2ccccc2CCc2ccccc21)CC(=O)c1ccc(Cl)cc1,
CHEMBL87493,Fenfluramine,CCNC(C)Cc1cccc(C(F)(F)F)c1,1963.0
CHEMBL315795,Clomethiazole,Cc1ncsc1CCCl,
CHEMBL315985,Eslicarbazepine,NC(=O)N1c2ccccc2C[C@H](O)c2ccccc21,
CHEMBL1075,Moricizine,CCOC(=O)Nc1ccc2c(c1)N(C(=O)CCN1CCOCC1)c1ccccc1S2,1990.0
CHEMBL87992,Eslicarbazepine Acetate,CC(=O)O[C@H]1Cc2ccccc2N(C(N)=O)c2ccccc21,2009.0
CHEMBL1077,Bromfenac,Nc1c(CC(=O)O)cccc1C(=O)c1ccc(Br)cc1,1997.0
CHEMBL1079,Tizanidine,Clc1ccc2nsnc2c1NC1=NCCN1,1996.0
CHEMBL89598,Vigabatrin,C=CC(N)CCC(=O)O,2009.0
CHEMBL90555,Vincristine,CC[C@]1(O)C[C@H]2CN(CCc3c([nH]c4ccccc34)[C@@](C(=O)OC)(c3cc4c(cc3OC)N(C=O)[C@H]3[C@@](O)(C(=O)OC)[C@H](OC(C)=O)[C@]5(CC)C=CCN6CC[C@]43[C@@H]65)C2)C1,1963.0
CHEMBL1082,Amoxicillin,CC1(C)S[C@@H]2[C@H](NC(=O)[C@H](N)c3ccc(O)cc3)C(=O)N2[C@H]1C(=O)O,1974.0
CHEMBL313972,Masoprocol,C[C@H](Cc1ccc(O)c(O)c1)[C@@H](C)Cc1ccc(O)c(O)c1,1992.0
CHEMBL314854,Fingolimod,CCCCCCCCc1ccc(CCC(N)(CO)CO)cc1,2010.0
CHEMBL91397,Rupatadine,Cc1cncc(CN2CCC(=C3c4ccc(Cl)cc4CCc4cccnc43)CC2)c1,
CHEMBL1085,Acetophenazine,CC(=O)c1ccc2c(c1)N(CCCN1CCN(CCO)CC1)c1ccccc1S2,1961.0
CHEMBL1086,Dibucaine,CCCCOc1cc(C(=O)NCCN(CC)CC)c2ccccc2n1,1982.0
CHEMBL1087,Mepivacaine,Cc1cccc(C)c1NC(=O)C1CCCCN1C,1960.0
CHEMBL1088,Mesoridazine,CN1CCCCC1CCN1c2ccccc2Sc2ccc([S+](C)[O-])cc21,1970.0
CHEMBL1089,Phenelzine,NNCCc1ccccc1,1961.0
CHEMBL1090,Vidarabine,Nc1ncnc2c1ncn2[C@@H]1O[C@H](CO)[C@@H](O)[C@@H]1O,1976.0
CHEMBL90593,Prasterone,C[C@]12CC[C@H](O)CC1=CC[C@@H]1[C@@H]2CC[C@]2(C)C(=O)CC[C@@H]12,
CHEMBL1091,Hydrocortisone Acetate,CC(=O)OCC(=O)[C@@]1(O)CC[C@H]2[C@@H]3CCC4=CC(=O)CC[C@]4(C)[C@H]3[C@@H](O)C[C@@]21C,1951.0
CHEMBL1092,Trihexyphenidyl Hydrochloride,Cl.OC(CCN1CCCCC1)(c1ccccc1)C1CCCCC1,1949.0
CHEMBL1093,Articaine,CCCNC(C)C(=O)Nc1c(C)csc1C(=O)OC,2000.0
CHEMBL1094,Felbamate,NC(=O)OCC(COC(N)=O)c1ccccc1,1993.0
CHEMBL1095,Ethotoin,CCN1C(=O)NC(c2ccccc2)C1=O,1957.0
CHEMBL1096,Amlexanox,CC(C)c1ccc2oc3nc(N)c(C(=O)O)cc3c(=O)c2c1,1996.0
CHEMBL94081,Alclofenac,C=CCOc1ccc(CC(=O)O)cc1Cl,
CHEMBL92401,Iproniazid,CC(C)NNC(=O)c1ccncc1,
CHEMBL1098,Bupivacaine,CCCCN1CCCCC1C(=O)Nc1c(C)cccc1C,1972.0
CHEMBL93268,Sodium Nitrite,O=N[O-].[Na+],2011.0
CHEMBL1100,Paramethadione,CCC1(C)OC(=O)N(C)C1=O,1949.0
CHEMBL1101,Biperiden,OC(CCN1CCCCC1)(c1ccccc1)C1CC2C=CC1C2,1959.0
CHEMBL328560,Sulthiame,NS(=O)(=O)c1ccc(N2CCCCS2(=O)=O)cc1,
CHEMBL1102,Glutethimide,CCC1(c2ccccc2)CCC(=O)NC1=O,1976.0
CHEMBL1103,Furazolidone,O=C1OCCN1/N=C/c1ccc([N+](=O)[O-])o1,1958.0
CHEMBL1104,Edrophonium,CC[N+](C)(C)c1cccc(O)c1,1951.0
CHEMBL413965,Felbinac,O=C(O)Cc1ccc(-c2ccccc2)cc1,
CHEMBL1106,Epinastine,NC1=NCC2c3ccccc3Cc3ccccc3N12,2003.0
CHEMBL1107,Halofantrine,CCCCN(CCCC)CCC(O)c1cc2c(Cl)cc(Cl)cc2c2cc(C(F)(F)F)ccc12,1992.0
CHEMBL1108,Droperidol,O=C(CCCN1CC=C(n2c(=O)[nH]c3ccccc32)CC1)c1ccc(F)cc1,1970.0
CHEMBL94454,Mizolastine,CN(c1nccc(=O)[nH]1)C1CCN(c2nc3ccccc3n2Cc2ccc(F)cc2)CC1,1998.0
CHEMBL1109,Sulfaphenazole,Nc1ccc(S(=O)(=O)Nc2ccnn2-c2ccccc2)cc1,1982.0
CHEMBL1110,Alosetron,Cc1[nH]cnc1CN1CCc2c(c3ccccc3n2C)C1=O,2000.0
CHEMBL94394,Bufexamac,CCCCOc1ccc(CC(=O)NO)cc1,
CHEMBL316561,Proglumide,CCCN(CCC)C(=O)C(CCC(=O)O)NC(=O)c1ccccc1,
CHEMBL1111,Ambrisentan,COC(c1ccccc1)(c1ccccc1)[C@H](Oc1nc(C)cc(C)n1)C(=O)O,2007.0
CHEMBL1112,Aripiprazole,O=C1CCc2ccc(OCCCCN3CCN(c4cccc(Cl)c4Cl)CC3)cc2N1,2002.0
CHEMBL1113,Amoxapine,Clc1ccc2c(c1)C(N1CCNCC1)=Nc1ccccc1O2,1980.0
CHEMBL1115,Pyridostigmine,CN(C)C(=O)Oc1ccc[n+](C)c1,1955.0
CHEMBL1116,Raloxifene Hydrochloride,Cl.O=C(c1ccc(OCCN2CCCCC2)cc1)c1c(-c2ccc(O)cc2)sc2cc(O)ccc12,1997.0
CHEMBL1117,Idarubicin,CC(=O)[C@]1(O)Cc2c(O)c3c(c(O)c2[C@@H](O[C@H]2C[C@H](N)[C@H](O)[C@H](C)O2)C1)C(=O)c1ccccc1C3=O,1990.0
CHEMBL95889,Betaine,C[N+](C)(C)CC(=O)O,1996.0
CHEMBL1118,Desvenlafaxine,CN(C)CC(c1ccc(O)cc1)C1(O)CCCCC1,2008.0
CHEMBL319144,Minodronic Acid,O=P(O)(O)C(O)(Cc1cnc2ccccn12)P(=O)(O)O,
CHEMBL328190,Lasofoxifene,Oc1ccc2c(c1)CC[C@H](c1ccccc1)[C@@H]2c1ccc(OCCN2CCCC2)cc1,2009.0
CHEMBL317052,Regadenoson Anhydrous,CNC(=O)c1cnn(-c2nc(N)c3ncn([C@@H]4O[C@H](CO)[C@@H](O)[C@H]4O)c3n2)c1,2008.0
CHEMBL329522,Exifone,O=C(c1cc(O)c(O)c(O)c1)c1ccc(O)c(O)c1O,
CHEMBL99946,Levomilnacipran,CCN(CC)C(=O)[C@@]1(c2ccccc2)C[C@H]1CN,2013.0
CHEMBL317094,Imidapril,CCOC(=O)[C@H](CCc1ccccc1)N[C@@H](C)C(=O)N1C(=O)N(C)C[C@H]1C(=O)O,1993.0
CHEMBL100116,Pentazocine,CC(C)=CCN1CCC2(C)c3cc(O)ccc3CC1C2C,1967.0
CHEMBL1123,Dicyclomine,CCN(CC)CCOC(=O)C1(C2CCCCC2)CCCCC1,1950.0
CHEMBL1126,Penicillin G Sodium,CC1(C)S[C@@H]2[C@H](NC(=O)Cc3ccccc3)C(=O)N2[C@H]1C(=O)[O-].[Na+],1982.0
CHEMBL1128,Edrophonium Chloride,CC[N+](C)(C)c1cccc(O)c1.[Cl-],1951.0
CHEMBL1129,Trifluridine,O=c1[nH]c(=O)n([C@H]2C[C@H](O)[C@@H](CO)O2)cc1C(F)(F)F,1980.0
CHEMBL1131,Acitretin,COc1cc(C)c(/C=C/C(C)=C/C=C/C(C)=C/C(=O)O)c(C)c1C,1996.0
CHEMBL1133,Oxybutynin Chloride,CCN(CC)CC#CCOC(=O)C(O)(c1ccccc1)C1CCCCC1.Cl,1975.0
CHEMBL1134,Decamethonium Bromide,C[N+](C)(C)CCCCCCCCCC[N+](C)(C)C.[Br-].[Br-],1982.0
CHEMBL1136,Telithromycin,CC[C@H]1OC(=O)[C@H](C)C(=O)[C@H](C)[C@@H](O[C@@H]2O[C@H](C)C[C@H](N(C)C)[C@H]2O)[C@](C)(OC)C[C@@H](C)C(=O)[C@H](C)[C@H]2N(CCCCn3cnc(-c4cccnc4)c3)C(=O)O[C@]12C,2001.0
CHEMBL1138,Ezetimibe,O=C1[C@H](CC[C@H](O)c2ccc(F)cc2)[C@@H](c2ccc(O)cc2)N1c1ccc(F)cc1,2002.0
CHEMBL1139,Epoprostenol,CCCCC[C@H](O)/C=C/[C@@H]1[C@H]2C/C(=C/CCCC(=O)O)O[C@H]2C[C@H]1O,1995.0
CHEMBL1140,Niacinamide,NC(=O)c1cccnc1,1982.0
CHEMBL418995,Amineptine,O=C(O)CCCCCCNC1c2ccccc2CCc2ccccc21,
CHEMBL106258,Aminorex,NC1=NCC(c2ccccc2)O1,
CHEMBL110458,Migalastat,OC[C@H]1NC[C@H](O)[C@@H](O)[C@H]1O,2016.0
CHEMBL108545,Methyl Salicylate,COC(=O)c1ccccc1O,2008.0
CHEMBL1141,Potassium Iodide,[I-].[K+],1979.0
CHEMBL1144,Pravastatin,CC[C@H](C)C(=O)O[C@H]1C[C@H](O)C=C2C=C[C@H](C)[C@H](CC[C@@H](O)C[C@@H](O)CC(=O)O)[C@H]21,1991.0
CHEMBL1146,Cefamandole,Cn1nnnc1SCC1=C(C(=O)O)N2C(=O)[C@@H](NC(=O)[C@H](O)c3ccccc3)[C@H]2SC1,
CHEMBL1148,Torsemide,Cc1cccc(Nc2ccncc2S(=O)(=O)NC(=O)NC(C)C)c1,1993.0
CHEMBL1149,Levocarnitine,C[N+](C)(C)C[C@H](O)CC(=O)[O-],1985.0
CHEMBL1152,Prednisolone Acetate,CC(=O)OCC(=O)[C@@]1(O)CC[C@H]2[C@@H]3CCC4=CC(=O)C=C[C@]4(C)[C@H]3[C@@H](O)C[C@@]21C,1955.0
CHEMBL110691,Chlormadinone Acetate,CC(=O)O[C@]1(C(C)=O)CC[C@H]2[C@@H]3C=C(Cl)C4=CC(=O)CC[C@]4(C)[C@H]3CC[C@@]21C,
CHEMBL113178,Selenomethionine,C[Se]CC[C@H](N)C(=O)O,1973.0
CHEMBL325041,Bortezomib,CC(C)C[C@H](NC(=O)[C@H](Cc1ccccc1)NC(=O)c1cnccn1)B(O)O,
CHEMBL1159,Pinacidil Anhydrous,CC(N/C(=N\C#N)Nc1ccncc1)C(C)(C)C,1989.0
CHEMBL1161,Mometasone Furoate,C[C@@H]1C[C@H]2[C@@H]3CCC4=CC(=O)C=C[C@]4(C)[C@@]3(Cl)[C@@H](O)C[C@]2(C)[C@@]1(OC(=O)c1ccco1)C(=O)CCl,1987.0
CHEMBL1162,Norethindrone,C#C[C@]1(O)CC[C@H]2[C@@H]3CCC4=CC(=O)CC[C@@H]4[C@H]3CC[C@@]21C,1962.0
CHEMBL1163,Atazanavir,COC(=O)N[C@H](C(=O)N[C@@H](Cc1ccccc1)[C@@H](O)CN(Cc1ccc(-c2ccccn2)cc1)NC(=O)[C@@H](NC(=O)OC)C(C)(C)C)C(C)(C)C,2003.0
CHEMBL1165,Moexipril,CCOC(=O)[C@H](CCc1ccccc1)N[C@@H](C)C(=O)N1Cc2cc(OC)c(OC)cc2C[C@H]1C(=O)O,1995.0
CHEMBL1166,Argatroban,CC1CNc2c(cccc2S(=O)(=O)N[C@@H](CCCNC(=N)N)C(=O)N2CC[C@@H](C)C[C@@H]2C(=O)O)C1,2000.0
CHEMBL1167,Spectinomycin,CN[C@@H]1[C@H](O)[C@H](NC)[C@H]2O[C@@]3(O)C(=O)C[C@@H](C)O[C@H]3O[C@@H]2[C@H]1O,1971.0
CHEMBL1168,Ramipril,CCOC(=O)[C@H](CCc1ccccc1)N[C@@H](C)C(=O)N1[C@H](C(=O)O)C[C@@H]2CCC[C@@H]21,1991.0
CHEMBL419213,Lisinopril,NCCCC[C@H](N[C@@H](CCc1ccccc1)C(=O)O)C(=O)N1CCC[C@H]1C(=O)O.O.O,1987.0
CHEMBL1169,Aminosalicylic Acid,Nc1ccc(C(=O)O)c(O)c1,1950.0
CHEMBL1170,Testosterone Propionate,CCC(=O)O[C@H]1CC[C@H]2[C@@H]3CCC4=CC(=O)CC[C@]4(C)[C@H]3CC[C@]12C,1974.0
CHEMBL117287,Prucalopride,COCCCN1CCC(NC(=O)c2cc(Cl)c(N)c3c2OCC3)CC1,2009.0
CHEMBL1172,Desloratadine,Clc1ccc2c(c1)CCc1cccnc1C2=C1CCNCC1,2001.0
CHEMBL333826,Dequalinium,Cc1cc(N)c2ccccc2[n+]1CCCCCCCCCC[n+]1c(C)cc(N)c2ccccc21,
CHEMBL1175,Duloxetine,CNCC[C@H](Oc1cccc2ccccc12)c1cccs1,2004.0
CHEMBL1177,Pemoline,NC1=NC(=O)C(c2ccccc2)O1,1975.0
CHEMBL119423,Tisopurine,Sc1ncnc2[nH]ncc12,
CHEMBL117785,Tetrabenazine,COc1cc2c(cc1OC)C1CC(=O)C(CC(C)C)CN1CC2,2008.0
CHEMBL71595,Hydrogen Peroxide,OO,2017.0
CHEMBL1184,Acetylcholine Chloride,CC(=O)OCC[N+](C)(C)C.[Cl-],1973.0
CHEMBL1185,Zolmitriptan,CN(C)CCc1c[nH]c2ccc(C[C@H]3COC(=O)N3)cc12,1997.0
CHEMBL1187,Phosphoric Acid,O=P(O)(O)O,1982.0
CHEMBL338975,Physostigmine Salicylate,CNC(=O)Oc1ccc2c(c1)[C@]1(C)CCN(C)[C@@H]1N2C.O=C(O)c1ccccc1O,
CHEMBL121663,Dequalinium Chloride,Cc1cc(N)c2ccccc2[n+]1CCCCCCCCCC[n+]1c(C)cc(N)c2ccccc21.[Cl-].[Cl-],
CHEMBL1190,Decamethonium,C[N+](C)(C)CCCCCCCCCC[N+](C)(C)C,1982.0
CHEMBL339427,Tubocurarine,COc1cc2c3cc1Oc1cc(ccc1O)C[C@@H]1c4c(cc(OC)c(O)c4Oc4ccc(cc4)C[C@@H]3N(C)CC2)CC[N+]1(C)C,1945.0
CHEMBL338802,Sulfaguanidine,N=C(N)NS(=O)(=O)c1ccc(N)cc1,
CHEMBL1191,Sulfamethizole,Cc1nnc(NS(=O)(=O)c2ccc(N)cc2)s1,1953.0
CHEMBL1193,Pheniramine,CN(C)CCC(c1ccccc1)c1ccccn1,1994.0
CHEMBL1194,Prilocaine,CCCNC(C)C(=O)Nc1ccccc1C,1965.0
CHEMBL1195,Propoxycaine,CCCOc1cc(N)ccc1C(=O)OCCN(CC)CC,1982.0
CHEMBL1196,Proparacaine,CCCOc1ccc(C(=O)OCCN(CC)CC)cc1N,1953.0
CHEMBL1197,Hexylcaine,CC(CNC1CCCCC1)OC(=O)c1ccccc1,1982.0
CHEMBL1198,Pramoxine,CCCCOc1ccc(OCCCN2CCOCC2)cc1,1976.0
CHEMBL1200,Benoxinate,CCCCOc1cc(C(=O)OCCN(CC)CC)ccc1N,1982.0
CHEMBL1201,Thiothixene,CN1CCN(CC/C=C2/c3ccccc3Sc3ccc(S(=O)(=O)N(C)C)cc32)CC1,1967.0
CHEMBL126224,Iprindole,CN(C)CCCn1c2c(c3ccccc31)CCCCCC2,
CHEMBL127516,Butamben,CCCCOC(=O)c1ccc(N)cc1,
CHEMBL1202,Ciprofloxacin Hydrochloride,Cl.O=C(O)c1cn(C2CC2)c2cc(N3CCNCC3)c(F)cc2c1=O,1987.0
CHEMBL1205,Nelfinavir Mesylate,CS(=O)(=O)O.Cc1c(O)cccc1C(=O)N[C@@H](CSc1ccccc1)[C@H](O)CN1C[C@H]2CCCC[C@H]2C[C@H]1C(=O)NC(C)(C)C,1997.0
CHEMBL1206,Ethopropazine,CCN(CC)C(C)CN1c2ccccc2Sc2ccccc21,1982.0
CHEMBL1208,Cinoxacin,CCn1nc(C(=O)O)c(=O)c2cc3c(cc21)OCO3,1980.0
CHEMBL334966,Cangrelor,CSCCNc1nc(SCCC(F)(F)F)nc2c1ncn2[C@@H]1O[C@H](COP(=O)(O)OP(=O)(O)C(Cl)(Cl)P(=O)(O)O)[C@@H](O)[C@H]1O,2015.0
CHEMBL1214,Carbenicillin,CC1(C)S[C@@H]2[C@H](NC(=O)C(C(=O)O)c3ccccc3)C(=O)N2[C@H]1C(=O)O,1982.0
CHEMBL340978,Benoxaprofen,CC(C(=O)O)c1ccc2oc(-c3ccc(Cl)cc3)nc2c1,1982.0
CHEMBL1215,Phenylephrine,CNC[C@H](O)c1cccc(O)c1,1952.0
CHEMBL1218,Ramelteon,CCC(=O)NCC[C@@H]1CCc2ccc3c(c21)CCO3,2005.0
CHEMBL1219,Rabeprazole,COCCCOc1ccnc(C[S+]([O-])c2nc3ccccc3[nH]2)c1C,1999.0
CHEMBL1220,Tinidazole,CCS(=O)(=O)CCn1c([N+](=O)[O-])cnc1C,2004.0
CHEMBL1221,Sulconazole,Clc1ccc(CSC(Cn2ccnc2)c2ccc(Cl)cc2Cl)cc1,1985.0
CHEMBL135400,Zopiclone,CN1CCN(C(=O)OC2c3nccnc3C(=O)N2c2ccc(Cl)cn2)CC1,
CHEMBL1223,Penicillin G Potassium,CC1(C)S[C@@H]2[C@H](NC(=O)Cc3ccccc3)C(=O)N2[C@H]1C(=O)[O-].[K+],1947.0
CHEMBL1224,Acrivastine,Cc1ccc(/C(=C\CN2CCCC2)c2cccc(/C=C/C(=O)O)n2)cc1,1994.0
CHEMBL344159,Tolvaptan,Cc1ccccc1C(=O)Nc1ccc(C(=O)N2CCCC(O)c3cc(Cl)ccc32)c(C)c1,2009.0
CHEMBL1228,Oxyphenbutazone Anhydrous,CCCCC1C(=O)N(c2ccccc2)N(c2ccc(O)cc2)C1=O,1960.0
CHEMBL1229,Oseltamivir,CCOC(=O)C1=C[C@@H](OC(CC)CC)[C@H](NC(C)=O)[C@@H](N)C1,1999.0
CHEMBL139367,Peramivir Anhydrous,CCC(CC)[C@H](NC(C)=O)[C@@H]1[C@H](O)[C@@H](C(=O)O)C[C@H]1NC(=N)N,2014.0
CHEMBL341812,Ibufenac,CC(C)Cc1ccc(CC(=O)O)cc1,
CHEMBL1231,Oxybutynin,CCN(CC)CC#CCOC(=O)C(O)(c1ccccc1)C1CCCCC1,1975.0
CHEMBL1232,Ertapenem Sodium,C[C@@H](O)[C@H]1C(=O)N2C(C(=O)[O-])=C(S[C@@H]3CN[C@H](C(=O)Nc4cccc(C(=O)O)c4)C3)[C@H](C)[C@H]12.[Na+],2001.0
CHEMBL1233,Carisoprodol,CCCC(C)(COC(N)=O)COC(=O)NC(C)C,1959.0
CHEMBL1234,Deferoxamine Mesylate,CC(=O)N(O)CCCCCNC(=O)CCC(=O)N(O)CCCCCNC(=O)CCC(=O)N(O)CCCCCN.CS(=O)(=O)O,1968.0
CHEMBL1237,Lisinopril Anhydrous,NCCCC[C@H](N[C@@H](CCc1ccccc1)C(=O)O)C(=O)N1CCC[C@H]1C(=O)O,1987.0
CHEMBL1238,Azelaic Acid,O=C(O)CCCCCCCC(=O)O,1995.0
CHEMBL1239,Benzyl Benzoate,O=C(OCc1ccccc1)c1ccccc1,1976.0
CHEMBL1240,Propantheline Bromide,CC(C)[N+](C)(CCOC(=O)C1c2ccccc2Oc2ccccc21)C(C)C.[Br-],1953.0
CHEMBL1241,Tripelennamine,CN(C)CCN(Cc1ccccc1)c1ccccn1,1948.0
CHEMBL1242,Phenazopyridine,Nc1ccc(/N=N/c2ccccc2)c(N)n1,1987.0
CHEMBL141305,Cyclofenil,CC(=O)Oc1ccc(C(=C2CCCCC2)c2ccc(OC(C)=O)cc2)cc1,
CHEMBL139877,Sulfacarbamide,NC(=O)NS(=O)(=O)c1ccc(N)cc1,
CHEMBL1243,Sulfabenzamide,Nc1ccc(S(=O)(=O)NC(=O)c2ccccc2)cc1,1945.0
CHEMBL142703,Vildagliptin,N#C[C@@H]1CCCN1C(=O)CNC12CC3CC(CC(O)(C3)C1)C2,2007.0
CHEMBL1245,Trimethaphan Camsylate,CC1(C)C2CCC1(CS(=O)(=O)[O-])C(=O)C2.O=C1N(Cc2ccccc2)C2C[S+]3CCCC3C2N1Cc1ccccc1,1982.0
CHEMBL142635,Naftopidil,COc1ccccc1N1CCN(CC(O)COc2cccc3ccccc23)CC1,1999.0
CHEMBL1256,Isoflurane,FC(F)OC(Cl)C(F)(F)F,1979.0
CHEMBL142438,Nitrogen,N#N,2015.0
CHEMBL1257,Enflurane,FC(F)OC(F)(F)C(F)Cl,1972.0
CHEMBL1259,Metocurine,COc1ccc2cc1Oc1cc3c(cc1OC)CC[N+](C)(C)[C@H]3Cc1ccc(cc1)Oc1c(OC)c(OC)cc3c1[C@@H](C2)[N+](C)(C)CC3,1982.0
CHEMBL1261,Citric Acid,O=C(O)CC(O)(CC(=O)O)C(=O)O,1982.0
CHEMBL144673,Hexetidine,CCCCC(CC)CN1CN(CC(CC)CCCC)CC(C)(N)C1,
CHEMBL1262,Oxiconazole,Clc1ccc(CO/N=C(\Cn2ccnc2)c2ccc(Cl)cc2Cl)c(Cl)c1,1988.0
CHEMBL1263,Salmeterol,OCc1cc(C(O)CNCCCCCCOCCCCc2ccccc2)ccc1O,1994.0
CHEMBL1265,Adapalene,COc1ccc(-c2ccc3cc(C(=O)O)ccc3c2)cc1C12CC3CC(CC(C3)C1)C2,1996.0
CHEMBL146095,Glafenine,O=C(OCC(O)CO)c1ccccc1Nc1ccnc2cc(Cl)ccc12,
CHEMBL1266,Tetrahydrozoline,c1ccc2c(c1)CCCC2C1=NCCN1,1979.0
CHEMBL1271,Pentolinium,C[N+]1(CCCCC[N+]2(C)CCCC2)CCCC1,1982.0
CHEMBL1272,Repaglinide,CCOc1cc(CC(=O)N[C@@H](CC(C)C)c2ccccc2N2CCCCC2)ccc1C(=O)O,1997.0
CHEMBL1274,Nilutamide,CC1(C)NC(=O)N(c2ccc([N+](=O)[O-])c(C(F)(F)F)c2)C1=O,1996.0
CHEMBL1275,Pergolide Mesylate,CCCN1C[C@H](CSC)C[C@@H]2c3cccc4[nH]cc(c34)C[C@H]21.CS(=O)(=O)O,1988.0
CHEMBL1278,Naratriptan,CNS(=O)(=O)CCc1ccc2[nH]cc(C3CCN(C)CC3)c2c1,1998.0
CHEMBL1279,Frovatriptan,CN[C@@H]1CCc2[nH]c3ccc(C(N)=O)cc3c2C1,2001.0
CHEMBL1280,Verapamil Hydrochloride,COc1ccc(CCN(C)CCCC(C#N)(c2ccc(OC)c(OC)c2)C(C)C)cc1OC.Cl,1981.0
CHEMBL149972,Phenobarbital Sodium,CCC1(c2ccccc2)C(=O)N=C([O-])NC1=O.[Na+],2022.0
CHEMBL1282,Imiquimod,CC(C)Cn1cnc2c(N)nc3ccccc3c21,1997.0
CHEMBL348000,Cinchophen,O=C(O)c1cc(-c2ccccc2)nc2ccccc12,
CHEMBL1286,Levetiracetam,CC[C@@H](C(N)=O)N1CCCC1=O,1999.0
CHEMBL1289,Haloprogin,Clc1cc(Cl)c(OCC#CI)cc1Cl,1982.0
CHEMBL1290,Penbutolol,CC(C)(C)NC[C@H](O)COc1ccccc1C1CCCC1,1987.0
CHEMBL345524,Antrafenine,O=C(OCCN1CCN(c2cccc(C(F)(F)F)c2)CC1)c1ccccc1Nc1ccnc2cc(C(F)(F)F)ccc12,
CHEMBL152684,Beclobrate,CCOC(=O)C(C)(CC)Oc1ccc(Cc2ccc(Cl)cc2)cc1,
CHEMBL1291,Metipranolol,CC(=O)Oc1c(C)cc(OCC(O)CNC(C)C)c(C)c1C,1989.0
CHEMBL1292,Clofazimine,CC(C)/N=c1\cc2n(-c3ccc(Cl)cc3)c3ccccc3nc-2cc1Nc1ccc(Cl)cc1,1986.0
CHEMBL1293,Beta Carotene,CC1=C(/C=C/C(C)=C/C=C/C(C)=C/C=C/C=C(C)/C=C/C=C(C)/C=C/C2=C(C)CCCC2(C)C)C(C)(C)CCC1,1982.0
CHEMBL1294,Quinidine,C=C[C@H]1CN2CC[C@H]1C[C@@H]2[C@@H](O)c1ccnc2ccc(OC)cc12,1950.0
CHEMBL1295,Butoconazole,Clc1ccc(CCC(Cn2ccnc2)Sc2c(Cl)cccc2Cl)cc1,1985.0
CHEMBL1296,Cefotiam,CN(C)CCn1nnnc1SCC1=C(C(=O)O)N2C(=O)[C@@H](NC(=O)Cc3csc(N)n3)[C@H]2SC1,1988.0
CHEMBL1297,Fenoprofen,CC(C(=O)O)c1cccc(Oc2ccccc2)c1,1976.0
CHEMBL345714,Acipimox,Cc1cnc(C(=O)O)c[n+]1[O-],
CHEMBL157101,Ketoconazole,CC(=O)N1CCN(c2ccc(OCC3COC(Cn4ccnc4)(c4ccc(Cl)cc4Cl)O3)cc2)CC1,1981.0
CHEMBL170,Quinine,C=C[C@H]1CN2CC[C@H]1C[C@H]2[C@H](O)c1ccnc2ccc(OC)cc12,2005.0
CHEMBL346235,Diamthazole Dihydrochloride,CCN(CC)CCOc1ccc2nc(N(C)C)sc2c1.Cl.Cl,
CHEMBL1301,Hydroxystilbamidine,N=C(N)c1ccc(/C=C/c2ccc(C(=N)N)cc2O)cc1,1953.0
CHEMBL1303,Rotigotine,CCCN(CCc1cccs1)[C@H]1CCc2c(O)cccc2C1,2006.0
CHEMBL349803,Piretanide,NS(=O)(=O)c1cc(C(=O)O)cc(N2CCCC2)c1Oc1ccccc1,
CHEMBL1305,Antazoline,c1ccc(CN(CC2=NCCN2)c2ccccc2)cc1,1994.0
CHEMBL1308,Fomepizole,Cc1cn[nH]c1,1997.0
CHEMBL1311,Isosorbide Mononitrate,O=[N+]([O-])O[C@@H]1CO[C@H]2[C@@H]1OC[C@@H]2O,1991.0
CHEMBL1314,Tiopronin,CC(S)C(=O)NCC(=O)O,1988.0
CHEMBL1316,Carprofen,CC(C(=O)O)c1ccc2c(c1)[nH]c1ccc(Cl)cc12,1987.0
CHEMBL159226,Moxisylyte,CC(=O)Oc1cc(C(C)C)c(OCCN(C)C)cc1C,
CHEMBL1321,Procarbazine,CNNCc1ccc(C(=O)NC(C)C)cc1,1969.0
CHEMBL1323,Darunavir,CC(C)CN(C[C@@H](O)[C@H](Cc1ccccc1)NC(=O)O[C@H]1CO[C@H]2OCC[C@H]21)S(=O)(=O)c1ccc(N)cc1,2006.0
CHEMBL1324,Tolcapone,Cc1ccc(C(=O)c2cc(O)c(O)c([N+](=O)[O-])c2)cc1,1997.0
CHEMBL162036,Benorilate,CC(=O)Nc1ccc(OC(=O)c2ccccc2OC(C)=O)cc1,
CHEMBL1328,Pentagastrin,CSCC[C@H](NC(=O)[C@H](Cc1c[nH]c2ccccc12)NC(=O)CCNC(=O)OC(C)(C)C)C(=O)N[C@@H](CC(=O)O)C(=O)N[C@@H](Cc1ccccc1)C(N)=O,1974.0
CHEMBL1336,Sorafenib,CNC(=O)c1cc(Oc2ccc(NC(=O)Nc3ccc(Cl)c(C(F)(F)F)c3)cc2)ccn1,2005.0
CHEMBL168815,Cevimeline,CC1OC2(CS1)CN1CCC2CC1,2000.0
CHEMBL167731,Pixantrone,NCCNc1ccc(NCCN)c2c1C(=O)c1ccncc1C2=O,2012.0
CHEMBL1337,Nitisinone,O=C1CCCC(=O)C1C(=O)c1ccc(C(F)(F)F)cc1[N+](=O)[O-],2002.0
CHEMBL170988,Phenformin,N=C(N)NC(=N)NCCc1ccccc1,
CHEMBL169901,Debrisoquin,N=C(N)N1CCc2ccccc2C1,
CHEMBL354077,Amifampridine,Nc1ccncc1N,2009.0
CHEMBL354541,Lomitapide,O=C(NC1CCN(CCCCC2(C(=O)NCC(F)(F)F)c3ccccc3-c3ccccc32)CC1)c1ccccc1-c1ccc(C(F)(F)F)cc1,2012.0
CHEMBL1339,Vardenafil Hydrochloride,CCCc1nc(C)c2c(O)nc(-c3cc(S(=O)(=O)N4CCN(CC)CC4)ccc3OCC)nn12.Cl,2003.0
CHEMBL1341,Methoxyflurane,COC(F)(F)C(Cl)Cl,
CHEMBL1342,Oxybate,O=C(O)CCCO,2002.0
CHEMBL1345,Guanethidine Monosulfate,N=C(N)NCCN1CCCCCCC1.O=S(=O)(O)O,1960.0
CHEMBL1346,Darifenacin,NC(=O)C(c1ccccc1)(c1ccccc1)[C@@H]1CCN(CCc2ccc3c(c2)CCO3)C1,2004.0
CHEMBL175247,Orlistat,CCCCCCCCCCC[C@@H](C[C@@H]1OC(=O)[C@H]1CCCCCC)OC(=O)[C@H](CC(C)C)NC=O,1998.0
CHEMBL177367,Silver Nitrate,O=[N+]([O-])[O-].[Ag+],
CHEMBL175691,Rilpivirine,Cc1cc(/C=C/C#N)cc(C)c1Nc1ccnc(Nc2ccc(C#N)cc2)n1,2011.0
CHEMBL1349,Valacyclovir,CC(C)[C@H](N)C(=O)OCCOCn1cnc2c(=O)nc(N)[nH]c21,1995.0
CHEMBL539423,Sparsentan,CCCCC1=NC2(CCCC2)C(=O)N1Cc1ccc(-c2ccccc2S(=O)(=O)Nc2noc(C)c2C)c(COCC)c1,2023.0
CHEMBL180022,Neratinib,CCOc1cc2ncc(C#N)c(Nc3ccc(OCc4ccccn4)c(Cl)c3)c2cc1NC(=O)/C=C/CN(C)C,2017.0
CHEMBL1350,Tiludronic Acid,O=P(O)(O)C(Sc1ccc(Cl)cc1)P(=O)(O)O,1997.0
CHEMBL178803,Blonanserin,CCN1CCN(c2cc(-c3ccc(F)cc3)c3c(n2)CCCCCC3)CC1,
CHEMBL360328,Lorcaserin,C[C@H]1CNCCc2ccc(Cl)cc21,2012.0
CHEMBL361812,Ramatroban,O=C(O)CCn1c2c(c3ccccc31)C[C@H](NS(=O)(=O)c1ccc(F)cc1)CC2,2000.0
CHEMBL1353,Sodium Bicarbonate,O=C([O-])O.[Na+],1982.0
CHEMBL1354,Sodium Acetate,CC(=O)[O-].[Na+],1982.0
CHEMBL1355,Sodium Citrate,O=C([O-])CC(O)(CC(=O)[O-])C(=O)[O-].[Na+].[Na+].[Na+],1983.0
CHEMBL1356,Sodium Benzoate,O=C([O-])c1ccccc1.[Na+],1987.0
CHEMBL1357,Sodium Lactate,CC(O)C(=O)[O-].[Na+],1982.0
CHEMBL1358,Fulvestrant,C[C@]12CC[C@@H]3c4ccc(O)cc4C[C@@H](CCCCCCCCC[S+]([O-])CCCC(F)(F)C(F)(F)F)[C@H]3[C@@H]1CC[C@@H]2O,2002.0
CHEMBL1359,Ertapenem,C[C@@H](O)[C@H]1C(=O)N2C(C(=O)O)=C(S[C@@H]3CN[C@H](C(=O)Nc4cccc(C(=O)O)c4)C3)[C@H](C)[C@H]12,2001.0
CHEMBL174,Ampicillin,CC1(C)S[C@@H]2[C@H](NC(=O)[C@H](N)c3ccccc3)C(=O)N2[C@H]1C(=O)O,1965.0
CHEMBL360055,Gallamine,CC[N+](CC)(CC)CCOc1cccc(OCC[N+](CC)(CC)CC)c1OCC[N+](CC)(CC)CC,1982.0
CHEMBL1360,Atracurium,COc1ccc(CC2c3cc(OC)c(OC)cc3CC[N+]2(C)CCC(=O)OCCCCCOC(=O)CC[N+]2(C)CCc3cc(OC)c(OC)cc3C2Cc2ccc(OC)c(OC)c2)cc1OC,1983.0
CHEMBL185073,Pancuronium,CC(=O)O[C@H]1C[C@@H]2CC[C@@H]3[C@H](CC[C@@]4(C)[C@H]3C[C@H]([N+]3(C)CCCCC3)[C@@H]4OC(C)=O)[C@@]2(C)C[C@@H]1[N+]1(C)CCCCC1,1972.0
CHEMBL1363,Arformoterol,COc1ccc(C[C@@H](C)NC[C@H](O)c2ccc(O)c(NC=O)c2)cc1,2006.0
CHEMBL1364,Pyridoxine,Cc1ncc(CO)c(CO)c1O,1982.0
CHEMBL184412,Dronedarone,CCCCc1oc2ccc(NS(C)(=O)=O)cc2c1C(=O)c1ccc(OCCCN(CCCC)CCCC)cc1,2009.0
CHEMBL363295,Terodiline,CC(CC(c1ccccc1)c1ccccc1)NC(C)(C)C,1986.0
CHEMBL1368,"Sodium Phosphate, Monobasic",O=P([O-])(O)O.[Na+],1983.0
CHEMBL186314,Sodium Carbonate,O=C([O-])[O-].[Na+].[Na+],1982.0
CHEMBL439849,Vilazodone,N#Cc1ccc2[nH]cc(CCCCN3CCN(c4ccc5oc(C(N)=O)cc5c4)CC3)c2c1,2011.0
CHEMBL1370,Budesonide,CCCC1O[C@@H]2C[C@H]3[C@@H]4CCC5=CC(=O)C=C[C@]5(C)[C@H]4[C@@H](O)C[C@]3(C)[C@]2(C(=O)CO)O1,1994.0
CHEMBL361506,Pentamidine Isethionate,N=C(N)c1ccc(OCCCCCOc2ccc(C(=N)N)cc2)cc1.O=S(=O)(O)CCO.O=S(=O)(O)CCO,1984.0
CHEMBL189171,Acemetacin,COc1ccc2c(c1)c(CC(=O)OCC(=O)O)c(C)n2C(=O)c1ccc(Cl)cc1,
CHEMBL188952,Pirprofen,CC(C(=O)O)c1ccc(N2CC=CC2)c(Cl)c1,1987.0
CHEMBL1371,Chlorzoxazone,O=c1[nH]c2cc(Cl)ccc2o1,1958.0
CHEMBL361497,Artesunate,C[C@H]1[C@H](OC(=O)CCC(=O)O)O[C@@H]2O[C@@]3(C)CC[C@H]4[C@H](C)CC[C@@H]1[C@@]24OO3,2020.0
CHEMBL188921,Buflomedil,COc1cc(OC)c(C(=O)CCCN2CCCC2)c(OC)c1,
CHEMBL187709,Triparanol,CCN(CC)CCOc1ccc(C(O)(Cc2ccc(Cl)cc2)c2ccc(C)cc2)cc1,
CHEMBL191083,Methylene Blue Cation,CN(C)c1ccc2nc3ccc(=[N+](C)C)cc-3sc2c1,2011.0
CHEMBL1372,Oxiglutatione,N[C@@H](CCC(=O)N[C@@H](CSSC[C@H](NC(=O)CC[C@H](N)C(=O)O)C(=O)NCC(=O)O)C(=O)NCC(=O)O)C(=O)O,1982.0
CHEMBL1373,Modafinil,NC(=O)C[S+]([O-])C(c1ccccc1)c1ccccc1,1998.0
CHEMBL365795,Tiaprofenic Acid,CC(C(=O)O)c1ccc(C(=O)c2ccccc2)s1,
CHEMBL435298,Esflurbiprofen,C[C@H](C(=O)O)c1ccc(-c2ccccc2)c(F)c1,2015.0
CHEMBL175,Dexibuprofen,CC(C)Cc1ccc([C@H](C)C(=O)O)cc1,1994.0
CHEMBL190461,Cannabidiol,C=C(C)[C@@H]1CCC(C)=C[C@H]1c1c(O)cc(CCCCC)cc1O,2018.0
CHEMBL189963,Palbociclib,CC(=O)c1c(C)c2cnc(Nc3ccc(N4CCNCC4)cn3)nc2n(C2CCCC2)c1=O,2015.0
CHEMBL364713,Noscapine,COc1ccc2c(c1OC)C(=O)O[C@@H]2[C@H]1c2c(cc3c(c2OC)OCO3)CCN1C,
CHEMBL1377,Proguanil,CC(C)NC(=N)NC(=N)Nc1ccc(Cl)cc1,2000.0
CHEMBL1378,Thiethylperazine,CCSc1ccc2c(c1)N(CCCN1CCN(C)CC1)c1ccccc1S2,1961.0
CHEMBL193240,Roflumilast,O=C(Nc1c(Cl)cncc1Cl)c1ccc(OC(F)F)c(OCC2CC2)c1,2010.0
CHEMBL1380,Abacavir,Nc1nc(NC2CC2)c2ncn([C@H]3C=C[C@@H](CO)C3)c2n1,1998.0
CHEMBL1382,Tolterodine,Cc1ccc(O)c([C@H](CCN(C(C)C)C(C)C)c2ccccc2)c1,1998.0
CHEMBL426084,Samidorphan,NC(=O)c1ccc2c(c1O)[C@]13CCN(CC4CC4)[C@H](C2)[C@]1(O)CCC(=O)C3,2021.0
CHEMBL370143,Paromomycin,NC[C@@H]1O[C@H](O[C@H]2[C@@H](O)[C@H](O[C@@H]3[C@@H](O)[C@H](N)C[C@H](N)[C@H]3O[C@H]3O[C@H](CO)[C@@H](O)[C@H](O)[C@H]3N)O[C@@H]2CO)[C@H](N)[C@@H](O)[C@@H]1O,1969.0
CHEMBL1384,Kanamycin,NC[C@H]1O[C@H](O[C@H]2[C@H](O)[C@@H](O[C@H]3O[C@H](CO)[C@@H](O)[C@H](N)[C@H]3O)[C@H](N)C[C@@H]2N)[C@H](O)[C@@H](O)[C@@H]1O,1973.0
CHEMBL197084,Trofinetide,C[C@@]1(C(=O)N[C@@H](CCC(=O)O)C(=O)O)CCCN1C(=O)CN,2023.0
CHEMBL193482,Estriol,C[C@]12CC[C@@H]3c4ccc(O)cc4CC[C@H]3[C@@H]1C[C@@H](O)[C@@H]2O,2000.0
CHEMBL1387,Norethynodrel,C#C[C@]1(O)CC[C@H]2[C@@H]3CCC4=C(CCC(=O)C4)[C@H]3CC[C@@]21C,1961.0
CHEMBL1388,Monobenzone,Oc1ccc(OCc2ccccc2)cc1,1952.0
CHEMBL1389,Levonorgestrel,C#C[C@]1(O)CC[C@H]2[C@@H]3CCC4=CC(=O)CC[C@@H]4[C@H]3CC[C@@]21CC,1982.0
CHEMBL1393,Spironolactone,CC(=O)S[C@@H]1CC2=CC(=O)CC[C@]2(C)[C@H]2CC[C@@]3(C)[C@@H](CC[C@@]34CCC(=O)O4)[C@H]12,1960.0
CHEMBL363392,Maralixibat,CCCCC1(CCCC)CS(=O)(=O)c2ccc(N(C)C)cc2[C@@H](c2ccc(OCc3ccc(C[N+]45CCN(CC4)CC5)cc3)cc2)[C@H]1O,2021.0
CHEMBL1395,Methyltestosterone,C[C@]12CCC(=O)C=C1CC[C@@H]1[C@@H]2CC[C@@]2(C)[C@H]1CC[C@]2(C)O,1973.0
CHEMBL198362,Rivaroxaban,O=C(NC[C@H]1CN(c2ccc(N3CCOCC3=O)cc2)C(=O)O1)c1ccc(Cl)s1,2008.0
CHEMBL177,Amikacin,NCC[C@H](O)C(=O)N[C@@H]1C[C@H](N)[C@@H](O[C@H]2O[C@H](CN)[C@@H](O)[C@H](O)[C@H]2O)[C@H](O)[C@H]1O[C@H]1O[C@H](CO)[C@@H](O)[C@H](N)[C@H]1O,1981.0
CHEMBL370805,Cocaine,COC(=O)[C@H]1[C@@H](OC(=O)c2ccccc2)C[C@@H]2CC[C@H]1N2C,2017.0
CHEMBL1397,Posaconazole,CC[C@@H]([C@H](C)O)n1ncn(-c2ccc(N3CCN(c4ccc(OC[C@@H]5CO[C@@](Cn6cncn6)(c6ccc(F)cc6F)C5)cc4)CC3)cc2)c1=O,2005.0
CHEMBL372795,Streptomycin,CN[C@@H]1[C@H](O[C@H]2[C@H](O[C@H]3[C@H](O)[C@@H](O)[C@H](N=C(N)N)[C@@H](O)[C@@H]3N=C(N)N)O[C@@H](C)[C@]2(O)C=O)O[C@@H](CO)[C@H](O)[C@H]1O,1946.0
CHEMBL178,Daunorubicin,COc1cccc2c1C(=O)c1c(O)c3c(c(O)c1C2=O)C[C@@](O)(C(C)=O)C[C@@H]3O[C@H]1C[C@H](N)[C@H](O)[C@H](C)O1,1979.0
CHEMBL1399,Anastrozole,CC(C)(C#N)c1cc(Cn2cncn2)cc(C(C)(C)C#N)c1,1995.0
CHEMBL1401,Nitazoxanide,CC(=O)Oc1ccccc1C(=O)Nc1ncc([N+](=O)[O-])s1,2002.0
CHEMBL201960,Pyrovalerone,CCCC(C(=O)c1ccc(C)cc1)N1CCCC1,
CHEMBL204656,Elvitegravir,COc1cc2c(cc1Cc1cccc(Cl)c1F)c(=O)c(C(=O)O)cn2[C@H](CO)C(C)C,2012.0
CHEMBL203321,Brincidofovir,CCCCCCCCCCCCCCCCOCCCOP(=O)(O)CO[C@H](CO)Cn1ccc(N)nc1=O,2021.0
CHEMBL1404,Ranolazine,COc1ccccc1OCC(O)CN1CCN(CC(=O)Nc2c(C)cccc2C)CC1,2006.0
CHEMBL203266,Trimetazidine,COc1ccc(CN2CCNCC2)c(OC)c1OC,
CHEMBL206253,Netupitant,Cc1ccccc1-c1cc(N2CCN(C)CC2)ncc1N(C)C(=O)C(C)(C)c1cc(C(F)(F)F)cc(C(F)(F)F)c1,2014.0
CHEMBL1405,Estrone,C[C@]12CC[C@@H]3c4ccc(O)cc4CC[C@H]3[C@@H]1CCC2=O,1979.0
CHEMBL205596,Cholic Acid,C[C@H](CCC(=O)O)[C@H]1CC[C@H]2[C@@H]3[C@H](O)C[C@@H]4C[C@H](O)CC[C@]4(C)[C@H]3C[C@H](O)[C@]12C,2013.0
CHEMBL1409,Fluvoxamine Maleate,COCCCC/C(=N\OCCN)c1ccc(C(F)(F)F)cc1.O=C(O)/C=C\C(=O)O,1994.0
CHEMBL1410,Nonoxynol 9,CCCCCCCCCc1ccc(OCCOCCOCCOCCOCCOCCOCCOCCOCCO)cc1,1982.0
CHEMBL427216,Gliclazide,Cc1ccc(S(=O)(=O)NC(=O)NN2CC3CCCC3C2)cc1,
CHEMBL207538,Brexanolone,CC(=O)[C@H]1CC[C@H]2[C@@H]3CC[C@H]4C[C@H](O)CC[C@]4(C)[C@H]3CC[C@]12C,2019.0
CHEMBL211456,Ephedrine,CN[C@@H](C)[C@H](O)c1ccccc1,2016.0
CHEMBL1412,Piperazine,C1CNCCN1,
CHEMBL1413,Ciclopirox,Cc1cc(C2CCCCC2)n(O)c(=O)c1,1982.0
CHEMBL443052,Tavaborole,OB1OCc2cc(F)ccc21,2014.0
CHEMBL211471,Neostigmine Methylsulfate,CN(C)C(=O)Oc1cccc([N+](C)(C)C)c1.COS(=O)(=O)[O-],2013.0
CHEMBL378544,Vinblastine Sulfate,CC[C@]1(O)C[C@@H]2CN(CCc3c([nH]c4ccccc34)[C@@](C(=O)OC)(c3cc4c(cc3OC)N(C)[C@H]3[C@@](O)(C(=O)OC)[C@H](OC(C)=O)[C@]5(CC)C=CCN6CC[C@]43[C@@H]65)C2)C1.O=S(=O)(O)O,1965.0
CHEMBL1419,Sibutramine,CC(C)CC(N(C)C)C1(c2ccc(Cl)cc2)CCC1,1997.0
CHEMBL1420,Pralidoxime,C[n+]1ccccc1C=NO,1964.0
CHEMBL218291,Forodesine,O=c1[nH]cnc2c([C@@H]3N[C@H](CO)[C@@H](O)[C@H]3O)c[nH]c12,2017.0
CHEMBL215303,Garenoxacin,C[C@H]1NCc2cc(-c3ccc4c(=O)c(C(=O)O)cn(C5CC5)c4c3OC(F)F)ccc21,2007.0
CHEMBL218394,Boceprevir,CC(C)(C)NC(=O)N[C@H](C(=O)N1C[C@H]2[C@@H]([C@H]1C(=O)NC(CC1CCC1)C(=O)C(N)=O)C2(C)C)C(C)(C)C,2011.0
CHEMBL385517,Saxagliptin Anhydrous,N#C[C@@H]1C[C@@H]2C[C@@H]2N1C(=O)[C@@H](N)C12CC3CC(CC(O)(C3)C1)C2,2009.0
CHEMBL1421,Dasatinib Anhydrous,Cc1nc(Nc2ncc(C(=O)Nc3c(C)cccc3Cl)s2)cc(N2CCN(CCO)CC2)n1,2006.0
CHEMBL1422,Sitagliptin,N[C@@H](CC(=O)N1CCn2c(nnc2C(F)(F)F)C1)Cc1cc(F)c(F)cc1F,2006.0
CHEMBL1423,Pimozide,O=c1[nH]c2ccccc2n1C1CCN(CCCC(c2ccc(F)cc2)c2ccc(F)cc2)CC1,1984.0
CHEMBL386630,Testosterone,C[C@]12CC[C@H]3[C@@H](CCC4=CC(=O)CC[C@@]43C)[C@@H]1CC[C@@H]2O,1972.0
CHEMBL1425,Mercaptopurine Anhydrous,Sc1ncnc2nc[nH]c12,1953.0
CHEMBL219916,Domperidone,O=c1[nH]c2ccccc2n1CCCN1CCC(n2c(=O)[nH]c3cc(Cl)ccc32)CC1,
CHEMBL181,Diazoxide,CC1=Nc2ccc(Cl)cc2S(=O)(=O)N1,1973.0
CHEMBL374478,Rifampin,CO[C@H]1/C=C/O[C@@]2(C)Oc3c(C)c(O)c4c(O)c(c(/C=N/N5CCN(C)CC5)c(O)c4c3C2=O)NC(=O)/C(C)=C\C=C\[C@H](C)[C@H](O)[C@@H](C)[C@@H](O)[C@@H](C)[C@H](OC(C)=O)[C@@H]1C,1971.0
CHEMBL218650,Delamanid,C[C@]1(COc2ccc(N3CCC(Oc4ccc(OC(F)(F)F)cc4)CC3)cc2)Cn2cc([N+](=O)[O-])nc2O1,2014.0
CHEMBL1428,Nimodipine,COCCOC(=O)C1=C(C)NC(C)=C(C(=O)OC(C)C)C1c1cccc([N+](=O)[O-])c1,1988.0
CHEMBL384467,Dexamethasone,C[C@@H]1C[C@H]2[C@@H]3CCC4=CC(=O)C=C[C@]4(C)[C@@]3(F)[C@@H](O)C[C@]2(C)[C@@]1(O)C(=O)CO,1958.0
CHEMBL182,Ganciclovir,Nc1nc2c(ncn2COC(CO)CO)c(=O)[nH]1,1989.0
CHEMBL184,Acyclovir,Nc1nc2c(ncn2COCCO)c(=O)[nH]1,1982.0
CHEMBL374731,Telbivudine,Cc1cn([C@@H]2C[C@@H](O)[C@H](CO)O2)c(=O)[nH]c1=O,2006.0
CHEMBL218490,Dorzolamide,CCN[C@H]1C[C@H](C)S(=O)(=O)c2sc(S(N)(=O)=O)cc21,1994.0
CHEMBL220491,Brinzolamide,CCN[C@H]1CN(CCCOC)S(=O)(=O)c2sc(S(N)(=O)=O)cc21,1998.0
CHEMBL220492,Topiramate,CC1(C)O[C@@H]2[C@@H](CO[C@@]3(COS(N)(=O)=O)OC(C)(C)O[C@@H]23)O1,1996.0
CHEMBL426559,Laropiprant,CS(=O)(=O)c1cc(F)cc2c3c(n(Cc4ccc(Cl)cc4)c12)[C@@H](CC(=O)O)CC3,
CHEMBL221959,Tofacitinib,C[C@@H]1CCN(C(=O)CC#N)C[C@@H]1N(C)c1ncnc2[nH]ccc12,2012.0
CHEMBL185,Fluorouracil,O=c1[nH]cc(F)c(=O)[nH]1,1962.0
CHEMBL1430,Penicillamine,CC(C)(S)[C@@H](N)C(=O)O,1970.0
CHEMBL1431,Metformin,CN(C)C(=N)NC(=N)N,1995.0
CHEMBL221326,Diquafosol,O=c1ccn([C@@H]2O[C@H](COP(=O)(O)OP(=O)(O)OP(=O)(O)OP(=O)(O)OC[C@H]3O[C@@H](n4ccc(=O)[nH]c4=O)[C@H](O)[C@@H]3O)[C@@H](O)[C@H]2O)c(=O)[nH]1,2010.0
CHEMBL376897,Methscopolamine,C[N+]1(C)[C@@H]2C[C@@H](OC(=O)[C@H](CO)c3ccccc3)C[C@H]1[C@@H]1O[C@@H]12,1953.0
CHEMBL1433,Doxycycline Anhydrous,C[C@H]1c2cccc(O)c2C(=O)C2=C(O)[C@]3(O)C(=O)C(C(N)=O)=C(O)[C@@H](N(C)C)[C@@H]3[C@@H](O)[C@@H]21,1967.0
CHEMBL1434,Minocycline,CN(C)c1ccc(O)c2c1C[C@H]1C[C@H]3[C@H](N(C)C)C(O)=C(C(N)=O)C(=O)[C@@]3(O)C(O)=C1C2=O,1971.0
CHEMBL1435,Cefazolin,Cc1nnc(SCC2=C(C(=O)O)N3C(=O)[C@@H](NC(=O)Cn4cnnn4)[C@H]3SC2)s1,1973.0
CHEMBL1436,Cefuroxime,CO/N=C(\C(=O)N[C@@H]1C(=O)N2C(C(=O)O)=C(COC(N)=O)CS[C@H]12)c1ccco1,1983.0
CHEMBL186,Cefepime,CO/N=C(\C(=O)N[C@@H]1C(=O)N2C(C(=O)[O-])=C(C[N+]3(C)CCCC3)CS[C@H]12)c1csc(N)n1,1996.0
CHEMBL374975,Fusidic Acid,CC(=O)O[C@H]1C[C@@]2(C)[C@@H](C[C@@H](O)[C@H]3[C@@]4(C)CC[C@@H](O)[C@@H](C)[C@@H]4CC[C@@]32C)/C1=C(\CCC=C(C)C)C(=O)O,
CHEMBL222559,Tipranavir,CCC[C@@]1(CCc2ccccc2)CC(O)=C([C@H](CC)c2cccc(NS(=O)(=O)c3ccc(C(F)(F)F)cn3)c2)C(=O)O1,2005.0
CHEMBL1437,Norepinephrine,NC[C@H](O)c1ccc(O)c(O)c1,1950.0
CHEMBL221722,Favipiravir,NC(=O)c1nc(F)cnc1O,2014.0
CHEMBL222813,Zanamivir,CC(=O)N[C@H]1[C@H]([C@H](O)[C@H](O)CO)OC(C(=O)O)=C[C@@H]1NC(=N)N,1999.0
CHEMBL1439,Tazobactam Sodium,C[C@]1(Cn2ccnn2)[C@H](C(=O)[O-])N2C(=O)C[C@H]2S1(=O)=O.[Na+],1993.0
CHEMBL376140,Tigecycline,CN(C)c1cc(NC(=O)CNC(C)(C)C)c(O)c2c1C[C@H]1C[C@H]3[C@H](N(C)C)C(O)=C(C(N)=O)C(=O)[C@@]3(O)C(O)=C1C2=O,2005.0
CHEMBL223448,Broxyquinoline,Oc1c(Br)cc(Br)c2cccnc12,
CHEMBL376488,Bedaquiline,COc1nc2ccc(Br)cc2cc1[C@@H](c1ccccc1)[C@@](O)(CCN(C)C)c1cccc2ccccc12,2012.0
CHEMBL1440,Tetracycline,CN(C)[C@@H]1C(O)=C(C(N)=O)C(=O)[C@@]2(O)C(O)=C3C(=O)c4c(O)cccc4[C@@](C)(O)[C@H]3C[C@@H]12,1953.0
CHEMBL1441,Ethionamide,CCc1cc(C(N)=S)ccn1,1965.0
CHEMBL225071,Raltitrexed,Cc1nc(=O)c2cc(CN(C)c3ccc(C(=O)N[C@@H](CCC(=O)O)C(=O)O)s3)ccc2[nH]1,
CHEMBL225072,Pemetrexed,Nc1nc2[nH]cc(CCc3ccc(C(=O)N[C@@H](CCC(=O)O)C(=O)O)cc3)c2c(=O)[nH]1,2004.0
CHEMBL387675,Daptomycin,CCCCCCCCCC(=O)N[C@@H](Cc1c[nH]c2ccccc12)C(=O)N[C@@H](CC(N)=O)C(=O)N[C@@H](CC(=O)O)C(=O)N[C@@H]1C(=O)NCC(=O)N[C@@H](CCCN)C(=O)N[C@@H](CC(=O)O)C(=O)N[C@H](C)C(=O)N[C@@H](CC(=O)O)C(=O)NCC(=O)N[C@H](CO)C(=O)N[C@@H]([C@H](C)CC(=O)O)C(=O)N[C@@H](CC(=O)c2ccccc2N)C(=O)O[C@@H]1C,2003.0
CHEMBL389621,Hydrocortisone,C[C@]12CCC(=O)C=C1CC[C@@H]1[C@@H]2[C@@H](O)C[C@@]2(C)[C@H]1CC[C@]2(O)C(=O)CO,1952.0
CHEMBL1443,Nafcillin,CCOc1ccc2ccccc2c1C(=O)N[C@@H]1C(=O)N2[C@@H]1SC(C)(C)[C@@H]2C(=O)O,1965.0
CHEMBL388590,Benzbromarone,CCc1oc2ccccc2c1C(=O)c1cc(Br)c(O)c(Br)c1,
CHEMBL1444,Letrozole,N#Cc1ccc(C(c2ccc(C#N)cc2)n2cncn2)cc1,1997.0
CHEMBL223228,Efavirenz,O=C1Nc2ccc(Cl)cc2[C@@](C#CC2CC2)(C(F)(F)F)O1,1998.0
CHEMBL227529,Alogliptin Benzoate,Cn1c(=O)cc(N2CCC[C@@H](N)C2)n(Cc2ccccc2C#N)c1=O.O=C(O)c1ccccc1,2013.0
CHEMBL1445,Fluoxymesterone,C[C@]1(O)CC[C@H]2[C@@H]3CCC4=CC(=O)CC[C@]4(C)[C@@]3(F)[C@@H](O)C[C@@]21C,1956.0
CHEMBL376359,Alogliptin,Cn1c(=O)cc(N2CCC[C@@H](N)C2)n(Cc2ccccc2C#N)c1=O,2013.0
CHEMBL1446,Kanamycin Sulfate,NC[C@H]1O[C@H](O[C@H]2[C@H](O)[C@@H](O[C@H]3O[C@H](CO)[C@@H](O)[C@H](N)[C@H]3O)[C@H](N)C[C@@H]2N)[C@H](O)[C@@H](O)[C@@H]1O.O=S(=O)(O)O,1973.0
CHEMBL1447,Lincomycin,CCC[C@@H]1C[C@@H](C(=O)N[C@@H]([C@H]2O[C@H](SC)[C@H](O)[C@@H](O)[C@H]2O)[C@@H](C)O)N(C)C1,1964.0
CHEMBL227875,Pretomanid,O=[N+]([O-])c1cn2c(n1)OC[C@@H](OCc1ccc(OC(F)(F)F)cc1)C2,2019.0
CHEMBL1448,Niclosamide,O=C(Nc1ccc([N+](=O)[O-])cc1Cl)c1cc(Cl)ccc1O,1982.0
CHEMBL1449,Ticarcillin,CC1(C)S[C@@H]2[C@H](NC(=O)[C@H](C(=O)O)c3ccsc3)C(=O)N2[C@H]1C(=O)O,1976.0
CHEMBL1450,Atovaquone,O=C1C(O)=C([C@H]2CC[C@H](c3ccc(Cl)cc3)CC2)C(=O)c2ccccc21,1992.0
CHEMBL229128,Mephenesin,Cc1ccccc1OCC(O)CO,
CHEMBL189,Milrinone,Cc1[nH]c(=O)c(C#N)cc1-c1ccncc1,1987.0
CHEMBL1451,Triamcinolone,C[C@]12C=CC(=O)C=C1CC[C@H]1[C@@H]3C[C@@H](O)[C@](O)(C(=O)CO)[C@@]3(C)C[C@H](O)[C@@]12F,1957.0
CHEMBL230158,Seladelpar,CCO[C@H](COc1ccc(C(F)(F)F)cc1)CSc1ccc(OCC(=O)O)c(C)c1,2024.0
CHEMBL1454,Levamisole,c1ccc([C@H]2CN3CCSC3=N2)cc1,1990.0
CHEMBL1455,Altretamine,CN(C)c1nc(N(C)C)nc(N(C)C)n1,1990.0
CHEMBL1456,Mycophenolate Mofetil,COc1c(C)c2c(c(O)c1C/C=C(\C)CCC(=O)OCCN1CCOCC1)C(=O)OC2,1995.0
CHEMBL1457,Hydrocodone,COc1ccc2c3c1O[C@H]1C(=O)CC[C@H]4[C@@H](C2)N(C)CC[C@]314,1943.0
CHEMBL396778,Safinamide,C[C@H](NCc1ccc(OCc2cccc(F)c2)cc1)C(N)=O,2015.0
CHEMBL231068,Flibanserin,O=c1[nH]c2ccccc2n1CCN1CCN(c2cccc(C(F)(F)F)c2)CC1,2015.0
CHEMBL243712,Amisulpride,CCN1CCCC1CNC(=O)c1cc(S(=O)(=O)CC)c(N)cc1OC,1986.0
CHEMBL395091,Esketamine,CN[C@]1(c2ccccc2Cl)CCCCC1=O,2019.0
CHEMBL1460,Didanosine,O=c1[nH]cnc2c1ncn2[C@H]1CC[C@@H](CO)O1,1991.0
CHEMBL231884,Diosmin,COc1ccc(-c2cc(=O)c3c(O)cc(O[C@@H]4O[C@H](CO[C@@H]5O[C@@H](C)[C@H](O)[C@@H](O)[C@H]5O)[C@@H](O)[C@H](O)[C@H]4O)cc3o2)cc1O,
CHEMBL1463,Flucytosine,Nc1nc(=O)[nH]cc1F,1971.0
CHEMBL1464,Warfarin,CC(=O)CC(c1ccccc1)c1c(O)c2ccccc2oc1=O,1954.0
CHEMBL397420,Acenocoumarol,CC(=O)CC(c1ccc([N+](=O)[O-])cc1)c1c(O)c2ccccc2oc1=O,
CHEMBL1465,Phenprocoumon,CCC(c1ccccc1)c1c(O)c2ccccc2oc1=O,1957.0
CHEMBL1466,Dicumarol,O=c1oc2ccccc2c(O)c1Cc1c(O)c2ccccc2oc1=O,1944.0
CHEMBL233406,Sodium Sulfate Anhydrous,O=S(=O)([O-])[O-].[Na+].[Na+],1984.0
CHEMBL231813,Telaprevir,CCC[C@H](NC(=O)[C@@H]1[C@H]2CCC[C@H]2CN1C(=O)[C@@H](NC(=O)[C@@H](NC(=O)c1cnccn1)C1CCCCC1)C(C)(C)C)C(=O)C(=O)NC1CC1,2011.0
CHEMBL1467,Allopurinol,Oc1ncnc2[nH]ncc12,1966.0
CHEMBL232201,Benziodarone,CCc1oc2ccccc2c1C(=O)c1cc(I)c(O)c(I)c1,
CHEMBL395110,Mepazine,CN1CCCC(CN2c3ccccc3Sc3ccccc32)C1,
CHEMBL444633,Rifabutin,CO[C@H]1/C=C/O[C@@]2(C)Oc3c(C)c(O)c4c(c3C2=O)C2=NC3(CCN(CC(C)C)CC3)NC2=C(NC(=O)/C(C)=C\C=C\[C@H](C)[C@H](O)[C@@H](C)[C@@H](O)[C@@H](C)[C@H](OC(C)=O)[C@@H]1C)C4=O,1992.0
CHEMBL231779,Apixaban,COc1ccc(-n2nc(C(N)=O)c3c2C(=O)N(c2ccc(N4CCCCC4=O)cc2)CC3)cc1,2011.0
CHEMBL1469,Phenylbutanoic Acid,O=C(O)CCCc1ccccc1,1996.0
CHEMBL437765,Rifamycin,CO[C@H]1/C=C/O[C@@]2(C)Oc3c(C)c(O)c4c(O)c(cc(O)c4c3C2=O)NC(=O)/C(C)=C\C=C\[C@H](C)[C@H](O)[C@@H](C)[C@@H](O)[C@@H](C)[C@H](OC(C)=O)[C@@H]1C,2018.0
CHEMBL235668,Tipiracil,N=C1CCCN1Cc1[nH]c(=O)[nH]c(=O)c1Cl,2015.0
CHEMBL1471,Aprepitant,C[C@@H](O[C@H]1OCCN(Cc2n[nH]c(=O)[nH]2)[C@H]1c1ccc(F)cc1)c1cc(C(F)(F)F)cc(C(F)(F)F)c1,2003.0
CHEMBL237500,Linagliptin,CC#CCn1c(N2CCC[C@@H](N)C2)nc2c1c(=O)n(Cc1nc(C)c3ccccc3n1)c(=O)n2C,2011.0
CHEMBL1473,Fluticasone Propionate,CCC(=O)O[C@]1(C(=O)SCF)[C@H](C)C[C@H]2[C@@H]3C[C@H](F)C4=CC(=O)C=C[C@]4(C)[C@@]3(F)[C@@H](O)C[C@@]21C,1990.0
CHEMBL238071,Vindesine,CC[C@]1(O)C[C@@H]2CN(CCc3c([nH]c4ccccc34)[C@@](C(=O)OC)(c3cc4c(cc3OC)N(C)[C@H]3[C@@](O)(C(N)=O)[C@H](O)[C@]5(CC)C=CCN6CC[C@]43[C@@H]65)C2)C1,
CHEMBL1475,Trioxsalen,Cc1cc2cc3c(C)cc(=O)oc3c(C)c2o1,1964.0
CHEMBL1477,Cerivastatin,COCc1c(C(C)C)nc(C(C)C)c(/C=C/[C@@H](O)C[C@@H](O)CC(=O)O)c1-c1ccc(F)cc1,1997.0
CHEMBL240597,Chenodiol,C[C@H](CCC(=O)O)[C@H]1CC[C@H]2[C@@H]3[C@H](O)C[C@@H]4C[C@H](O)CC[C@]4(C)[C@H]3CC[C@]12C,1983.0
CHEMBL1479,Danazol,C#C[C@]1(O)CC[C@H]2[C@@H]3CCC4=Cc5oncc5C[C@]4(C)[C@H]3CC[C@@]21C,1976.0
CHEMBL1480,Felodipine,CCOC(=O)C1=C(C)NC(C)=C(C(=O)OC)C1c1cccc(Cl)c1Cl,1991.0
CHEMBL1481,Glimepiride,CCC1=C(C)CN(C(=O)NCCc2ccc(S(=O)(=O)NC(=O)N[C@H]3CC[C@H](C)CC3)cc2)C1=O,1995.0
CHEMBL238804,Selexipag,CC(C)N(CCCCOCC(=O)NS(C)(=O)=O)c1cnc(-c2ccccc2)c(-c2ccccc2)n1,2015.0
CHEMBL1482,Bethanechol,CC(C[N+](C)(C)C)OC(N)=O,1948.0
CHEMBL1483,Albendazole,CCCSc1ccc2[nH]c(NC(=O)OC)nc2c1,1996.0
CHEMBL393220,Atorvastatin Calcium,CC(C)c1c(C(=O)Nc2ccccc2)c(-c2ccccc2)c(-c2ccc(F)cc2)n1CC[C@@H](O)C[C@@H](O)CC(=O)[O-].CC(C)c1c(C(=O)Nc2ccccc2)c(-c2ccccc2)c(-c2ccc(F)cc2)n1CC[C@@H](O)C[C@@H](O)CC(=O)[O-].[Ca+2],1996.0
CHEMBL1484,Nicardipine,COC(=O)C1=C(C)NC(C)=C(C(=O)OCCN(C)Cc2ccccc2)C1c1cccc([N+](=O)[O-])c1,1988.0
CHEMBL245807,Oxyphenisatine,O=C1Nc2ccccc2C1(c1ccc(O)cc1)c1ccc(O)cc1,
CHEMBL191,Losartan,CCCCc1nc(Cl)c(CO)n1Cc1ccc(-c2ccccc2-c2nnn[nH]2)cc1,1995.0
CHEMBL192,Sildenafil,CCCc1nn(C)c2c(=O)[nH]c(-c3cc(S(=O)(=O)N4CCN(C)CC4)ccc3OCC)nc12,1998.0
CHEMBL247951,Pemafibrate,CC[C@@H](Oc1cccc(CN(CCCOc2ccc(OC)cc2)c2nc3ccccc3o2)c1)C(=O)O,2017.0
CHEMBL398435,Ticagrelor,CCCSc1nc(N[C@@H]2C[C@H]2c2ccc(F)c(F)c2)c2nnn([C@@H]3C[C@H](OCCO)[C@@H](O)[C@H]3O)c2n1,2010.0
CHEMBL1486,Tenofovir Disoproxil Fumarate,CC(C)OC(=O)OCOP(=O)(CO[C@H](C)Cn1cnc2c(N)ncnc21)OCOC(=O)OC(C)C.O=C(O)/C=C/C(=O)O,2001.0
CHEMBL1487,Atorvastatin,CC(C)c1c(C(=O)Nc2ccccc2)c(-c2ccccc2)c(-c2ccc(F)cc2)n1CC[C@@H](O)C[C@@H](O)CC(=O)O,1996.0
CHEMBL1488,Uracil Mustard,Oc1ncc(N(CCCl)CCCl)c(O)n1,1962.0
CHEMBL1489,Azacitidine,Nc1ncn([C@@H]2O[C@H](CO)[C@@H](O)[C@H]2O)c(=O)n1,2004.0
CHEMBL251940,Periciazine,N#Cc1ccc2c(c1)N(CCCN1CCC(O)CC1)c1ccccc1S2,
CHEMBL1490,Trihexyphenidyl,OC(CCN1CCCCC1)(c1ccccc1)C1CCCCC1,1949.0
CHEMBL1491,Amlodipine,CCOC(=O)C1=C(COCCN)NC(C)=C(C(=O)OC)C1c1ccccc1Cl,1992.0
CHEMBL400599,Benfluorex,CC(Cc1cccc(C(F)(F)F)c1)NCCOC(=O)c1ccccc1,1974.0
CHEMBL253376,Bromhexine,CN(Cc1cc(Br)cc(Br)c1N)C1CCCCC1,
CHEMBL254857,Fipexide,O=C(COc1ccc(Cl)cc1)N1CCN(Cc2ccc3c(c2)OCO3)CC1,
CHEMBL1492,Diphenylpyraline,CN1CCC(OC(c2ccccc2)c2ccccc2)CC1,1982.0
CHEMBL1493,Flavoxate,Cc1c(-c2ccccc2)oc2c(C(=O)OCCN3CCCCC3)cccc2c1=O,1970.0
CHEMBL255044,Flupirtine,CCOC(=O)Nc1ccc(NCc2ccc(F)cc2)nc1N,
CHEMBL1495,Oxyphencyclimine,CN1CCCN=C1COC(=O)C(O)(c1ccccc1)C1CCCCC1,1982.0
CHEMBL404849,Suloctidil,CCCCCCCCNC(C)C(O)c1ccc(SC(C)C)cc1,1979.0
CHEMBL252556,Idebenone,COC1=C(OC)C(=O)C(CCCCCCCCCCO)=C(C)C1=O,2015.0
CHEMBL1496,Rosuvastatin,CC(C)c1nc(N(C)S(C)(=O)=O)nc(-c2ccc(F)cc2)c1/C=C/[C@@H](O)C[C@@H](O)CC(=O)O,2003.0
CHEMBL1497,Betamethasone Valerate,CCCCC(=O)O[C@]1(C(=O)CO)[C@@H](C)C[C@H]2[C@@H]3CCC4=CC(=O)C=C[C@]4(C)[C@@]3(F)[C@@H](O)C[C@@]21C,1967.0
CHEMBL254219,Digitoxin,C[C@H]1O[C@@H](O[C@H]2[C@@H](O)C[C@H](O[C@H]3[C@@H](O)C[C@H](O[C@H]4CC[C@@]5(C)[C@H](CC[C@@H]6[C@@H]5CC[C@]5(C)[C@@H](C7=CC(=O)OC7)CC[C@]65O)C4)O[C@@H]3C)O[C@@H]2C)C[C@H](O)[C@@H]1O,1982.0
CHEMBL1501,Fluocinonide,CC(=O)OCC(=O)[C@@]12OC(C)(C)O[C@@H]1C[C@H]1[C@@H]3C[C@H](F)C4=CC(=O)C=C[C@]4(C)[C@@]3(F)[C@@H](O)C[C@@]12C,1971.0
CHEMBL398707,Hydromorphone,CN1CC[C@]23c4c5ccc(O)c4O[C@H]2C(=O)CC[C@H]3[C@H]1C5,1984.0
CHEMBL193,Nifedipine,COC(=O)C1=C(C)NC(C)=C(C(=O)OC)C1c1ccccc1[N+](=O)[O-],1981.0
CHEMBL1502,Pantoprazole,COc1ccnc(C[S+]([O-])c2nc3cc(OC(F)F)ccc3[nH]2)c1OC,2000.0
CHEMBL1503,Omeprazole,COc1ccc2[nH]c([S+]([O-])Cc3ncc(C)c(OC)c3C)nc2c1,1989.0
CHEMBL1504,Triamcinolone Acetonide,CC1(C)O[C@@H]2C[C@H]3[C@@H]4CCC5=CC(=O)C=C[C@]5(C)[C@@]4(F)[C@@H](O)C[C@]3(C)[C@]2(C(=O)CO)O1,1960.0
CHEMBL1505,Almotriptan,CN(C)CCc1c[nH]c2ccc(CS(=O)(=O)N3CCCC3)cc12,2001.0
CHEMBL1508,Escitalopram,CN(C)CCC[C@@]1(c2ccc(F)cc2)OCc2cc(C#N)ccc21,2002.0
CHEMBL1509,Drospirenone,C[C@]12CCC(=O)C=C1[C@@H]1C[C@@H]1[C@H]1[C@@H]3[C@@H]4C[C@@H]4[C@@]4(CCC(=O)O4)[C@@]3(C)CC[C@@H]12,2001.0
CHEMBL1510,Eletriptan,CN1CCC[C@@H]1Cc1c[nH]c2ccc(CCS(=O)(=O)c3ccccc3)cc12,2002.0
CHEMBL1511,Estradiol Valerate,CCCCC(=O)O[C@H]1CC[C@H]2[C@@H]3CCc4cc(O)ccc4[C@H]3CC[C@]12C,1982.0
CHEMBL1512,Flunisolide,CC1(C)O[C@@H]2C[C@H]3[C@@H]4C[C@H](F)C5=CC(=O)C=C[C@]5(C)[C@H]4[C@@H](O)C[C@]3(C)[C@]2(C(=O)CO)O1,1981.0
CHEMBL251634,Fluocortolone,C[C@@H]1C[C@H]2[C@@H]3C[C@H](F)C4=CC(=O)C=C[C@]4(C)[C@H]3[C@@H](O)C[C@]2(C)[C@H]1C(=O)CO,
CHEMBL1513,Irbesartan,CCCCC1=NC2(CCCC2)C(=O)N1Cc1ccc(-c2ccccc2-c2nnn[nH]2)cc1,1997.0
CHEMBL1514,Levomethadyl Acetate,CC[C@H](OC(C)=O)C(C[C@H](C)N(C)C)(c1ccccc1)c1ccccc1,1993.0
CHEMBL249837,Methacycline,C=C1c2cccc(O)c2C(=O)C2=C(O)[C@]3(O)C(=O)C(C(N)=O)=C(O)[C@@H](N(C)C)[C@@H]3[C@@H](O)[C@H]12,1982.0
CHEMBL1515,Methimazole,Cn1ccnc1S,1950.0
CHEMBL1517,Oxytetracycline,CN(C)[C@@H]1C(O)=C(C(N)=O)C(=O)[C@@]2(O)C(O)=C3C(=O)c4c(O)cccc4[C@@](C)(O)[C@H]3[C@H](O)[C@@H]12,1964.0
CHEMBL1518,Propylthiouracil,CCCc1cc(=O)[nH]c(=S)[nH]1,1947.0
CHEMBL1519,Trandolapril,CCOC(=O)[C@H](CCc1ccccc1)N[C@@H](C)C(=O)N1[C@H](C(=O)O)C[C@H]2CCCC[C@@H]21,1996.0
CHEMBL1520,Vardenafil,CCCc1nc(C)c2c(=O)nc(-c3cc(S(=O)(=O)N4CCN(CC)CC4)ccc3OCC)[nH]n12,2003.0
CHEMBL1521,Zaleplon,CCN(C(C)=O)c1cccc(-c2ccnc3c(C#N)cnn23)c1,1999.0
CHEMBL1522,Eszopiclone,CN1CCN(C(=O)O[C@H]2c3nccnc3C(=O)N2c2ccc(Cl)cn2)CC1,2004.0
CHEMBL248702,Dexfenfluramine,CCN[C@@H](C)Cc1cccc(C(F)(F)F)c1,
CHEMBL249856,Enoximone,CSc1ccc(C(=O)c2[nH]c(=O)[nH]c2C)cc1,
CHEMBL1525,Permethrin,CC1(C)C(C=C(Cl)Cl)C1C(=O)OCc1cccc(Oc2ccccc2)c1,1986.0
CHEMBL254328,Abiraterone,C[C@]12CC[C@H](O)CC1=CC[C@@H]1[C@@H]2CC[C@]2(C)C(c3cccnc3)=CC[C@@H]12,
CHEMBL254316,Raltegravir,Cc1nnc(C(=O)NC(C)(C)c2nc(C(=O)NCc3ccc(F)cc3)c(O)c(=O)n2C)o1,2007.0
CHEMBL254468,Fluciclovine F18,N[C@]1(C(=O)O)C[C@@H]([18F])C1,2016.0
CHEMBL404108,Lumiracoxib,Cc1ccc(Nc2c(F)cccc2Cl)c(CC(=O)O)c1,2005.0
CHEMBL256087,Menthol,CC1CCC(C(C)C)C(O)C1,2008.0
CHEMBL1528,Sodium Fluoride,[F-].[Na+],1972.0
CHEMBL1529,Diphenidol Hydrochloride,Cl.OC(CCCN1CCCCC1)(c1ccccc1)c1ccccc1,1967.0
CHEMBL256997,Ataluren,O=C(O)c1cccc(-c2noc(-c3ccccc3F)n2)c1,2014.0
CHEMBL256105,Monensin,CC[C@@]1([C@@H]2O[C@@H]([C@H]3O[C@@](O)(CO)[C@H](C)C[C@@H]3C)C[C@@H]2C)CC[C@H]([C@]2(C)CC[C@]3(C[C@H](O)[C@@H](C)[C@@H]([C@@H](C)[C@@H](OC)[C@H](C)C(=O)O)O3)O2)O1,
CHEMBL255863,Nilotinib,Cc1cn(-c2cc(NC(=O)c3ccc(C)c(Nc4nccc(-c5cccnc5)n4)c3)cc(C(F)(F)F)c2)cn1,2007.0
CHEMBL259209,Milnacipran,CCN(CC)C(=O)C1(c2ccccc2)CC1CN,2009.0
CHEMBL259571,Tapinarof,CC(C)c1c(O)cc(/C=C/c2ccccc2)cc1O,2022.0
CHEMBL1531,Etonogestrel,C#C[C@]1(O)CC[C@H]2[C@@H]3CCC4=CC(=O)CC[C@@H]4[C@H]3C(=C)C[C@@]21CC,2001.0
CHEMBL1532,Quinethazone,CCC1NC(=O)c2cc(S(N)(=O)=O)c(Cl)cc2N1,1963.0
CHEMBL1533,Desogestrel,C#C[C@]1(O)CC[C@H]2[C@@H]3CCC4=CCCC[C@@H]4[C@H]3C(=C)C[C@@]21CC,1992.0
CHEMBL1534,Riboflavin,Cc1cc2nc3c(=O)[nH]c(=O)nc-3n(C[C@H](O)[C@H](O)[C@H](O)CO)c2cc1C,1993.0
CHEMBL258918,Mesterolone,C[C@H]1CC(=O)C[C@@H]2CC[C@H]3[C@@H]4CC[C@H](O)[C@@]4(C)CC[C@@H]3[C@]21C,
CHEMBL259972,Mofezolac,COc1ccc(-c2noc(CC(=O)O)c2-c2ccc(OC)cc2)cc1,1994.0
CHEMBL1535,Hydroxychloroquine,CCN(CCO)CCCC(C)Nc1ccnc2cc(Cl)ccc12,1955.0
CHEMBL1536,Ergocalciferol,C=C1CC[C@H](O)C/C1=C/C=C1\CCC[C@]2(C)[C@@H]([C@H](C)/C=C/[C@H](C)C(C)C)CC[C@@H]12,1941.0
CHEMBL261772,Meclocycline Sulfosalicylate,C=C1c2c(Cl)ccc(O)c2C(=O)C2=C(O)[C@]3(O)C(=O)C(C(N)=O)=C(O)[C@@H](N(C)C)[C@@H]3[C@@H](O)[C@H]12.O=C(O)c1cc(S(=O)(=O)O)ccc1O,1982.0
CHEMBL1537,Azlocillin,CC1(C)S[C@@H]2[C@H](NC(=O)[C@H](NC(=O)N3CCNC3=O)c3ccccc3)C(=O)N2[C@H]1C(=O)O,1982.0
CHEMBL1538,Tenofovir Disoproxil,CC(C)OC(=O)OCOP(=O)(CO[C@H](C)Cn1cnc2c(N)ncnc21)OCOC(=O)OC(C)C,2001.0
CHEMBL1539,Sulfadoxine,COc1ncnc(NS(=O)(=O)c2ccc(N)cc2)c1OC,1981.0
CHEMBL1540,Penciclovir,Nc1nc(O)c2ncn(CCC(CO)CO)c2n1,1996.0
CHEMBL1541,Cefixime,C=CC1=C(C(=O)O)N2C(=O)[C@@H](NC(=O)/C(=N\OCC(=O)O)c3csc(N)n3)[C@H]2SC1,1989.0
CHEMBL1542,Azathioprine,Cn1cnc([N+](=O)[O-])c1Sc1ncnc2[nH]cnc12,1968.0
CHEMBL260538,Ulipristal Acetate,CC(=O)O[C@]1(C(C)=O)CC[C@H]2[C@@H]3CCC4=CC(=O)CCC4=C3[C@@H](c3ccc(N(C)C)cc3)C[C@@]21C,2009.0
CHEMBL405110,Methylene Blue Anhydrous,CN(C)c1ccc2nc3ccc(N(C)C)cc3[s+]c2c1.[Cl-],2011.0
CHEMBL1544,Liothyronine,N[C@@H](Cc1cc(I)c(Oc2ccc(O)c(I)c2)c(I)c1)C(=O)O,1956.0
CHEMBL408513,Belinostat,O=C(/C=C/c1cccc(S(=O)(=O)Nc2ccccc2)c1)NO,2014.0
CHEMBL270190,Alvimopan,C[C@H]1CN(C[C@H](Cc2ccccc2)C(=O)NCC(=O)O)CC[C@@]1(C)c1cccc(O)c1,2008.0
CHEMBL1546,Hydroxyamphetamine,CC(N)Cc1ccc(O)cc1,1969.0
CHEMBL1547,Thiamine Ion,Cc1ncc(C[n+]2csc(CCO)c2C)c(N)n1,1982.0
CHEMBL256907,Maraviroc,Cc1nnc(C(C)C)n1[C@H]1C[C@H]2CC[C@@H](C1)N2CC[C@H](NC(=O)C1CCC(F)(F)CC1)c1ccccc1,2007.0
CHEMBL271227,Abiraterone Acetate,CC(=O)O[C@H]1CC[C@@]2(C)C(=CC[C@@H]3[C@@H]2CC[C@]2(C)C(c4cccnc4)=CC[C@@H]32)C1,2011.0
CHEMBL404520,Chlortetracycline,CN(C)[C@@H]1C(O)=C(C(N)=O)C(=O)[C@@]2(O)C(O)=C3C(=O)c4c(O)ccc(Cl)c4[C@@](C)(O)[C@H]3C[C@@H]12,1950.0
CHEMBL267495,Nalfurafine,CN(C(=O)/C=C/c1ccoc1)[C@@H]1CC[C@@]2(O)[C@H]3Cc4ccc(O)c5c4[C@@]2(CCN3CC2CC2)[C@H]1O5,2009.0
CHEMBL1549,Hydrocortisone Cypionate,C[C@]12CCC(=O)C=C1CC[C@@H]1[C@@H]2[C@@H](O)C[C@@]2(C)[C@H]1CC[C@]2(O)C(=O)COC(=O)CCC1CCCC1,1955.0
CHEMBL1550,Phytonadione,CC1=C(C/C=C(\C)CCC[C@H](C)CCC[C@H](C)CCCC(C)C)C(=O)c2ccccc2C1=O,1982.0
CHEMBL429910,Dapagliflozin,CCOc1ccc(Cc2cc([C@@H]3O[C@H](CO)[C@@H](O)[C@H](O)[C@H]3O)ccc2Cl)cc1,2012.0
CHEMBL1551,Ursodiol,C[C@H](CCC(=O)O)[C@H]1CC[C@H]2[C@@H]3[C@@H](O)C[C@@H]4C[C@H](O)CC[C@]4(C)[C@H]3CC[C@]12C,1987.0
CHEMBL406393,Deoxycholic Acid,C[C@H](CCC(=O)O)[C@H]1CC[C@H]2[C@@H]3CC[C@@H]4C[C@H](O)CC[C@]4(C)[C@H]3C[C@H](O)[C@]12C,2015.0
CHEMBL272427,Taurursodiol,C[C@H](CCC(=O)NCCS(=O)(=O)O)[C@H]1CC[C@H]2[C@@H]3[C@@H](O)C[C@@H]4C[C@H](O)CC[C@]4(C)[C@H]3CC[C@]12C,2022.0
CHEMBL1555,Galantamine Hydrobromide,Br.COc1ccc2c3c1O[C@H]1C[C@@H](O)C=C[C@@]31CCN(C)C2,2001.0
CHEMBL196,Ascorbic Acid,O=C1O[C@H]([C@@H](O)CO)C(O)=C1O,1985.0
CHEMBL1557,Dopamine Hydrochloride,Cl.NCCc1ccc(O)c(O)c1,1974.0
CHEMBL1558,Prazosin Hydrochloride,COc1cc2nc(N3CCN(C(=O)c4ccco4)CC3)nc(N)c2cc1OC.Cl,1976.0
CHEMBL1559,Miconazole Nitrate,Clc1ccc(COC(Cn2ccnc2)c2ccc(Cl)cc2Cl)c(Cl)c1.O=[N+]([O-])O,1974.0
CHEMBL1560,Captopril,C[C@H](CS)C(=O)N1CCC[C@H]1C(=O)O,1981.0
CHEMBL517712,Atropine,CN1[C@@H]2CC[C@H]1C[C@@H](OC(=O)C(CO)c1ccccc1)C2,1960.0
CHEMBL1561,Miglitol,OCCN1C[C@H](O)[C@@H](O)[C@H](O)[C@H]1CO,1996.0
CHEMBL1563,Daunorubicin Hydrochloride,COc1cccc2c1C(=O)c1c(O)c3c(c(O)c1C2=O)C[C@@](O)(C(C)=O)C[C@@H]3O[C@H]1C[C@H](N)[C@H](O)[C@H](C)O1.Cl,1979.0
CHEMBL511142,Buprenorphine,CO[C@@]12CC[C@@]3(C[C@@H]1[C@](C)(O)C(C)(C)C)[C@H]1Cc4ccc(O)c5c4[C@@]3(CCN1CC1CC1)[C@H]2O5,1981.0
CHEMBL1564,Diphenylpyraline Hydrochloride,CN1CCC(OC(c2ccccc2)c2ccccc2)CC1.Cl,1982.0
CHEMBL529437,Cocaine Hydrochloride,COC(=O)[C@H]1[C@@H](OC(=O)c2ccccc2)C[C@@H]2CC[C@H]1N2C.Cl,2017.0
CHEMBL471737,Ivabradine,COc1cc2c(cc1OC)CC(=O)N(CCCN(C)C[C@H]1Cc3cc(OC)c(OC)cc31)CC2,2005.0
CHEMBL1567,Sunitinib Malate,CCN(CC)CCNC(=O)c1c(C)[nH]c(/C=C2\C(=O)Nc3ccc(F)cc32)c1C.O=C(O)C[C@H](O)C(=O)O,2006.0
CHEMBL501849,Simeprevir,COc1ccc2c(O[C@@H]3C[C@H]4C(=O)N[C@]5(C(=O)NS(=O)(=O)C6CC6)C[C@H]5/C=C\CCCCN(C)C(=O)[C@@H]4C3)cc(-c3nc(C(C)C)cs3)nc2c1C,2013.0
CHEMBL455186,Treosulfan,CS(=O)(=O)OC[C@H](O)[C@@H](O)COS(C)(=O)=O,2019.0
CHEMBL462547,Urethane,CCOC(N)=O,
CHEMBL1569,Amantadine Hydrochloride,Cl.NC12CC3CC(CC(C3)C1)C2,1968.0
CHEMBL529888,Glibornuride,Cc1ccc(S(=O)(=O)NC(=O)N[C@H]2[C@H]3CC[C@@](C)([C@H]2O)C3(C)C)cc1,
CHEMBL1570,Sulfoxone,O=S(O)CNc1ccc(S(=O)(=O)c2ccc(NCS(=O)O)cc2)cc1,1982.0
CHEMBL452231,Teniposide,COc1cc([C@@H]2c3cc4c(cc3[C@@H](O[C@@H]3O[C@@H]5CO[C@@H](c6cccs6)O[C@H]5[C@H](O)[C@H]3O)[C@H]3COC(=O)[C@H]23)OCO4)cc(OC)c1O,1992.0
CHEMBL1571,Testolactone,C[C@]12C=CC(=O)C=C1CC[C@@H]1[C@@H]2CC[C@]2(C)OC(=O)CC[C@@H]12,1969.0
CHEMBL461522,Metamizole,Cc1c(N(C)CS(=O)(=O)O)c(=O)n(-c2ccccc2)n1C,
CHEMBL462394,Metrizamide,CC(=O)Nc1c(I)c(C(=O)N[C@H]2C(O)O[C@H](CO)[C@@H](O)[C@@H]2O)c(I)c(N(C)C(C)=O)c1I,1978.0
CHEMBL1572,Netilmicin,CCN[C@@H]1C[C@H](N)[C@@H](O[C@H]2OC(CN)=CC[C@H]2N)[C@H](O)[C@H]1O[C@H]1OC[C@](C)(O)[C@H](NC)[C@H]1O,1983.0
CHEMBL1574,Phentermine,CC(C)(N)Cc1ccccc1,1959.0
CHEMBL1576,Ethinamate,C#CC1(OC(N)=O)CCCCC1,1982.0
CHEMBL1577,Methyclothiazide,CN1C(CCl)Nc2cc(Cl)c(S(N)(=O)=O)cc2S1(=O)=O,1960.0
CHEMBL1578,Anisotropine Methylbromide,CCCC(CCC)C(=O)O[C@H]1C[C@H]2CC[C@@H](C1)[N+]2(C)C.[Br-],1962.0
CHEMBL1580,Pentostatin,OC[C@H]1O[C@@H](n2cnc3c2N=CNC[C@H]3O)C[C@@H]1O,1991.0
CHEMBL1581,Perindopril,CCC[C@H](N[C@@H](C)C(=O)N1[C@H](C(=O)O)C[C@@H]2CCCC[C@@H]21)C(=O)OCC,1993.0
CHEMBL515914,Azaribine,CC(=O)OC[C@H]1O[C@@H](n2ncc(=O)[nH]c2=O)[C@H](OC(C)=O)[C@@H]1OC(C)=O,
CHEMBL455917,Chloral Hydrate,OC(O)C(Cl)(Cl)Cl,
CHEMBL515606,Cilazapril,CCOC(=O)[C@H](CCc1ccccc1)N[C@H]1CCCN2CCC[C@@H](C(=O)O)N2C1=O,
CHEMBL1583,Bacampicillin,CCOC(=O)OC(C)OC(=O)[C@@H]1N2C(=O)[C@@H](NC(=O)[C@H](N)c3ccccc3)[C@H]2SC1(C)C,1980.0
CHEMBL1584,Piperacetazine,CC(=O)c1ccc2c(c1)N(CCCN1CCC(CCO)CC1)c1ccccc1S2,1969.0
CHEMBL1585,Pipobroman,O=C(CCBr)N1CCN(C(=O)CCBr)CC1,1966.0
CHEMBL488093,Pyritinol,Cc1ncc(CSSCc2cnc(C)c(O)c2CO)c(CO)c1O,
CHEMBL1587,Polythiazide,CN1C(CSCC(F)(F)F)Nc2cc(Cl)c(S(N)(=O)=O)cc2S1(=O)=O,1961.0
CHEMBL487253,Bendamustine,Cn1c(CCCC(=O)O)nc2cc(N(CCCl)CCCl)ccc21,2008.0
CHEMBL1588,Thiamine,Cc1ncc(C[n+]2csc(CCO)c2C)c(N)n1.[Cl-],1985.0
CHEMBL1589,Acetohexamide,CC(=O)c1ccc(S(=O)(=O)NC(=O)NC2CCCCC2)cc1,1964.0
CHEMBL1590,Pseudoephedrine,CN[C@@H](C)[C@@H](O)c1ccccc1,1963.0
CHEMBL1591,Demeclocycline,CN(C)[C@@H]1C(O)=C(C(N)=O)C(=O)[C@@]2(O)C(O)=C3C(=O)c4c(O)ccc(Cl)c4[C@@H](O)[C@H]3C[C@@H]12,1960.0
CHEMBL1592,Quinapril,CCOC(=O)[C@H](CCc1ccccc1)N[C@@H](C)C(=O)N1Cc2ccccc2C[C@H]1C(=O)O,1991.0
CHEMBL1594,Pantothenic Acid,CC(C)(CO)[C@@H](O)C(=O)NCCC(=O)O,1993.0
CHEMBL499915,Carbenoxolone,CC1(C)[C@@H](OC(=O)CCC(=O)O)CC[C@]2(C)[C@H]3C(=O)C=C4[C@@H]5C[C@@](C)(C(=O)O)CC[C@]5(C)CC[C@@]4(C)[C@]3(C)CC[C@@H]12,
CHEMBL1595,Dihydrocodeine,COc1ccc2c3c1O[C@H]1[C@@H](O)CC[C@H]4[C@@H](C2)N(C)CC[C@@]341,1983.0
CHEMBL462605,Pitolisant,Clc1ccc(CCCOCCCN2CCCCC2)cc1,2016.0
CHEMBL1596,Carbenicillin Indanyl,CC1(C)S[C@@H]2[C@H](NC(=O)C(C(=O)Oc3ccc4c(c3)CCC4)c3ccccc3)C(=O)N2[C@H]1C(=O)O,1972.0
CHEMBL1597,Dimercaprol,OCC(S)CS,1946.0
CHEMBL1599,Cephapirin,CC(=O)OCC1=C(C(=O)O)N2C(=O)[C@@H](NC(=O)CSc3ccncc3)[C@H]2SC1,1974.0
CHEMBL1601,Cefonicid,O=C(O)C1=C(CSc2nnnn2CS(=O)(=O)O)CS[C@@H]2[C@H](NC(=O)[C@H](O)c3ccccc3)C(=O)N12,1984.0
CHEMBL1604,Cephradine,CC1=C(C(=O)O)N2C(=O)[C@@H](NC(=O)[C@H](N)C3=CCC=CC3)[C@H]2SC1,1974.0
CHEMBL1605,Ceftibuten,Nc1nc(/C(=C/CC(=O)O)C(=O)N[C@@H]2C(=O)N3C(C(=O)O)=CCS[C@H]23)cs1,1995.0
CHEMBL454950,Tetracycline Hydrochloride,CN(C)[C@@H]1C(O)=C(C(N)=O)C(=O)[C@@]2(O)C(O)=C3C(=O)c4c(O)cccc4[C@@](C)(O)[C@H]3C[C@@H]12.Cl,1953.0
CHEMBL1607,Topotecan Hydrochloride,CC[C@@]1(O)C(=O)OCc2c1cc1n(c2=O)Cc2cc3c(CN(C)C)c(O)ccc3nc2-1.Cl,1996.0
CHEMBL461101,Eltrombopag,CC1=NN(c2ccc(C)c(C)c2)C(=O)/C1=N\Nc1cccc(-c2cccc(C(=O)O)c2)c1O,2008.0
CHEMBL465026,Nefopam,CN1CCOC(c2ccccc2)c2ccccc2C1,
CHEMBL474579,Cefotetan,CO[C@@]1(NC(=O)C2SC(=C(C(N)=O)C(=O)O)S2)C(=O)N2C(C(=O)O)=C(CSc3nnnn3C)CS[C@@H]21,1985.0
CHEMBL514800,Apremilast,CCOc1cc([C@@H](CS(C)(=O)=O)N2C(=O)c3cccc(NC(C)=O)c3C2=O)ccc1OC,2014.0
CHEMBL1611,Phenytoin Sodium,O=C1N=C([O-])NC1(c1ccccc1)c1ccccc1.[Na+],1956.0
CHEMBL512351,Betrixaban,COc1ccc(NC(=O)c2ccc(C(=N)N(C)C)cc2)c(C(=O)Nc2ccc(Cl)cn2)c1,2017.0
CHEMBL515387,Gosogliptin,O=C([C@@H]1C[C@H](N2CCN(c3ncccn3)CC2)CN1)N1CCC(F)(F)C1,2016.0
CHEMBL473417,Vismodegib,CS(=O)(=O)c1ccc(C(=O)Nc2ccc(Cl)c(-c3ccccn3)c2)c(Cl)c1,2012.0
CHEMBL491571,Doripenem,C[C@@H](O)[C@H]1C(=O)N2C(C(=O)O)=C(S[C@@H]3CN[C@H](CNS(N)(=O)=O)C3)[C@H](C)[C@H]12,2007.0
CHEMBL521606,Nadolol,CC(C)(C)NCC(O)COc1cccc2c1CC(O)C(O)C2,1979.0
CHEMBL359744,Doxorubicin Hydrochloride,COc1cccc2c1C(=O)c1c(O)c3c(c(O)c1C2=O)C[C@@](O)(C(=O)CO)C[C@@H]3O[C@H]1C[C@H](N)[C@H](O)[C@H](C)O1.Cl,1974.0
CHEMBL1614,Deslanoside,C[C@H]1O[C@@H](O[C@H]2CC[C@@]3(C)[C@H](CC[C@@H]4[C@@H]3C[C@@H](O)[C@]3(C)[C@@H](C5=CC(=O)OC5)CC[C@]43O)C2)C[C@H](O)[C@@H]1O[C@H]1C[C@H](O)[C@H](O[C@H]2C[C@H](O)[C@H](O[C@@H]3O[C@H](CO)[C@@H](O)[C@H](O)[C@H]3O)[C@@H](C)O2)[C@@H](C)O1,1982.0
CHEMBL1617,Rifaximin,CO[C@H]1/C=C/O[C@@]2(C)Oc3c(C)c(O)c4c(O)c(c5c(nc6cc(C)ccn65)c4c3C2=O)NC(=O)/C(C)=C\C=C\[C@H](C)[C@H](O)[C@@H](C)[C@@H](O)[C@@H](C)[C@H](OC(C)=O)[C@@H]1C,2004.0
CHEMBL1618,Cefamandole Nafate,Cn1nnnc1SCC1=C(C(=O)[O-])N2C(=O)[C@@H](NC(=O)[C@H](OC=O)c3ccccc3)[C@H]2SC1.[Na+],1978.0
CHEMBL1619,Cladribine,Nc1nc(Cl)nc2c1ncn2[C@H]1C[C@H](O)[C@@H](CO)O1,1993.0
CHEMBL1620,Diphenhydramine Hydrochloride,CN(C)CCOC(c1ccccc1)c1ccccc1.Cl,1946.0
CHEMBL1621,Paliperidone,Cc1nc2n(c(=O)c1CCN1CCC(c3noc4cc(F)ccc34)CC1)CCCC2O,2006.0
CHEMBL1622,Folic Acid,Nc1nc(=O)c2nc(CNc3ccc(C(=O)N[C@@H](CCC(=O)O)C(=O)O)cc3)cnc2[nH]1,1982.0
CHEMBL524004,Mepenzolate,C[N+]1(C)CCCC(OC(=O)C(O)(c2ccccc2)c2ccccc2)C1,1956.0
CHEMBL1623,Meclizine,Cc1cccc(CN2CCN(C(c3ccccc3)c3ccc(Cl)cc3)CC2)c1,1957.0
CHEMBL1624,Levothyroxine,N[C@@H](Cc1cc(I)c(Oc2cc(I)c(O)c(I)c2)c(I)c1)C(=O)O,1982.0
CHEMBL500576,Temoporfin,Oc1cccc(-c2c3nc(c(-c4cccc(O)c4)c4ccc([nH]4)c(-c4cccc(O)c4)c4nc(c(-c5cccc(O)c5)c5ccc2[nH]5)CC4)C=C3)c1,2001.0
CHEMBL1625,Oxybenzone,COc1ccc(C(=O)c2ccccc2)c(O)c1,1992.0
CHEMBL1626,Clemastine,CN1CCC[C@@H]1CCO[C@](C)(c1ccccc1)c1ccc(Cl)cc1,1977.0
CHEMBL521686,Olaparib,O=C(c1cc(Cc2n[nH]c(=O)c3ccccc23)ccc1F)N1CCN(C(=O)C2CC2)CC1,2014.0
CHEMBL493287,Glucosamine,N[C@H]1C(O)O[C@H](CO)[C@@H](O)[C@@H]1O,
CHEMBL518520,Raltegravir Potassium,Cc1nnc(C(=O)NC(C)(C)c2nc(C(=O)NCc3ccc(F)cc3)c([O-])c(=O)n2C)o1.[K+],2007.0
CHEMBL443605,Hexylresorcinol,CCCCCCc1ccc(O)cc1O,2004.0
CHEMBL522038,Ximelagatran,CCOC(=O)CN[C@@H](C(=O)N1CC[C@H]1C(=O)NCc1ccc(/C(N)=N\O)cc1)C1CCCCC1,
CHEMBL1632,Cephalothin Sodium,CC(=O)OCC1=C(C(=O)[O-])N2C(=O)[C@@H](NC(=O)Cc3cccs3)[C@H]2SC1.[Na+],1974.0
CHEMBL1633,Ketotifen Fumarate,CN1CCC(=C2c3ccccc3CC(=O)c3sccc32)CC1.O=C(O)/C=C/C(=O)O,1999.0
CHEMBL467058,Laninamivir Octanoate,CCCCCCCC(=O)OC[C@@H](O)[C@@H](OC)[C@@H]1OC(C(=O)O)=C[C@H](NC(=N)N)[C@H]1NC(C)=O,2010.0
CHEMBL1637,Gemcitabine Hydrochloride,Cl.Nc1ccn([C@@H]2O[C@H](CO)[C@@H](O)C2(F)F)c(=O)n1,1996.0
CHEMBL1639,Aliskiren,COCCCOc1cc(C[C@@H](C[C@H](N)[C@@H](O)C[C@H](C(=O)NCC(C)(C)C(N)=O)C(C)C)C(C)C)ccc1OC,2007.0
CHEMBL1640,Trypan Blue,Cc1cc(-c2ccc(/N=N/c3c(S(=O)(=O)[O-])cc4cc(S(=O)(=O)[O-])cc(N)c4c3O)c(C)c2)ccc1/N=N/c1c(S(=O)(=O)[O-])cc2cc(S(=O)(=O)[O-])cc(N)c2c1O.[Na+].[Na+].[Na+].[Na+],2004.0
CHEMBL1641,Hydrocortisone Phosphoric Acid,C[C@]12CCC(=O)C=C1CC[C@@H]1[C@@H]2[C@@H](O)C[C@@]2(C)[C@H]1CC[C@]2(O)C(=O)COP(=O)(O)O,1960.0
CHEMBL451930,Plitidepsin,CC[C@H](C)[C@H]1NC(=O)[C@@H](NC(=O)[C@@H](CC(C)C)N(C)C(=O)[C@@H]2CCCN2C(=O)C(C)=O)[C@@H](C)OC(=O)[C@H](Cc2ccc(OC)cc2)N(C)C(=O)[C@@H]2CCCN2C(=O)[C@H](CC(C)C)NC(=O)[C@@H](C)C(=O)[C@H](C(C)C)OC(=O)C[C@@H]1O,2018.0
CHEMBL1642,Imatinib Mesylate,CS(=O)(=O)O.Cc1ccc(NC(=O)c2ccc(CN3CCN(C)CC3)cc2)cc1Nc1nccc(-c2cccnc2)n1,2001.0
CHEMBL1643,Ribavirin,NC(=O)c1ncn([C@@H]2O[C@H](CO)[C@@H](O)[C@H]2O)n1,1985.0
CHEMBL1644,Cefadroxil,CC1=C(C(=O)O)N2C(=O)[C@@H](NC(=O)[C@H](N)c3ccc(O)cc3)[C@H]2SC1,1978.0
CHEMBL494753,Estrone Sulfuric Acid,C[C@]12CC[C@@H]3c4ccc(OS(=O)(=O)O)cc4CC[C@H]3[C@@H]1CCC2=O,1977.0
CHEMBL494622,Flurpiridaz,CC(C)(C)n1ncc(OCc2ccc(COCCF)cc2)c(Cl)c1=O,2024.0
CHEMBL1646,Indocyanine Green,CC1(C)C(/C=C/C=C/C=C/C=C2\N(CCCCS(=O)(=O)[O-])c3ccc4ccccc4c3C2(C)C)=[N+](CCCCS(=O)(=O)[O-])c2ccc3ccccc3c21.[Na+],1959.0
CHEMBL1648,Isradipine,COC(=O)C1=C(C)NC(C)=C(C(=O)OC(C)C)C1c1cccc2nonc12,1990.0
CHEMBL493982,Vorapaxar,CCOC(=O)N[C@@H]1CC[C@@H]2[C@@H](C1)C[C@H]1C(=O)O[C@H](C)[C@H]1[C@H]2/C=C/c1ccc(-c2cccc(F)c2)cn1,2014.0
CHEMBL1650,Cortisone Acetate,CC(=O)OCC(=O)[C@@]1(O)CC[C@H]2[C@@H]3CCC4=CC(=O)CC[C@]4(C)[C@H]3C(=O)C[C@@]21C,1950.0
CHEMBL503565,Vinbarbital,CC/C=C(\C)C1(CC)C(=O)NC(=O)NC1=O,
CHEMBL468837,Heptabarbital,CCC1(C2=CCCCCC2)C(=O)NC(=O)NC1=O,
CHEMBL477772,Pazopanib,Cc1ccc(Nc2nccc(N(C)c3ccc4c(C)n(C)nc4c3)n2)cc1S(N)(=O)=O,2009.0
CHEMBL1652,Ambenonium,CC[N+](CC)(CCNC(=O)C(=O)NCC[N+](CC)(CC)Cc1ccccc1Cl)Cc1ccccc1Cl,1956.0
CHEMBL476960,Voglibose,OCC(CO)N[C@H]1C[C@](O)(CO)[C@@H](O)[C@H](O)[C@H]1O,1994.0
CHEMBL501867,Vincristine Sulfate,CC[C@]1(O)C[C@H]2CN(CCc3c([nH]c4ccccc34)[C@@](C(=O)OC)(c3cc4c(cc3OC)N(C=O)[C@H]3[C@@](O)(C(=O)OC)[C@H](OC(C)=O)[C@]5(CC)C=CCN6CC[C@]43[C@@H]65)C2)C1.O=S(=O)(O)O,1963.0
CHEMBL1653,Pheniramine Maleate,CN(C)CCC(c1ccccc1)c1ccccn1.O=C(O)/C=C\C(=O)O,1994.0
CHEMBL450449,Trabectedin,COc1cc2c(cc1O)CCN[C@]21CS[C@@H]2c3c(OC(C)=O)c(C)c4c(c3[C@H](COC1=O)N1[C@@H]2[C@H]2c3c(cc(C)c(OC)c3O)C[C@@H]([C@@H]1O)N2C)OCO4,2007.0
CHEMBL1654,Risedronate Sodium,O=P([O-])(O)C(O)(Cc1cccnc1)P(=O)(O)O.[Na+],1998.0
CHEMBL1655,Toremifene,CN(C)CCOc1ccc(/C(=C(/CCCl)c2ccccc2)c2ccccc2)cc1,1996.0
CHEMBL1657,Tazarotene,CCOC(=O)c1ccc(C#Cc2ccc3c(c2)C(C)(C)CCS3)nc1,1997.0
CHEMBL1658,Retapamulin,C=C[C@]1(C)C[C@@H](OC(=O)CS[C@@H]2C[C@H]3CC[C@@H](C2)N3C)[C@]2(C)[C@H](C)CC[C@]3(CCC(=O)[C@H]32)[C@@H](C)[C@@H]1O,2007.0
CHEMBL1659,Chlorpheniramine Maleate,CN(C)CCC(c1ccc(Cl)cc1)c1ccccn1.O=C(O)/C=C\C(=O)O,1950.0
CHEMBL501122,Ceftaroline Fosamil,CCO/N=C(\C(=O)N[C@@H]1C(=O)N2C(C(=O)[O-])=C(Sc3nc(-c4cc[n+](C)cc4)cs3)CS[C@H]12)c1nsc(NP(=O)(O)O)n1,2010.0
CHEMBL1660,Rifapentine,CO[C@H]1/C=C/O[C@@]2(C)Oc3c(C)c(O)c4c(O)c(c(/C=N/N5CCN(C6CCCC6)CC5)c(O)c4c3C2=O)NC(=O)/C(C)=C\C=C\[C@H](C)[C@H](O)[C@@H](C)[C@@H](O)[C@@H](C)[C@H](OC(C)=O)[C@@H]1C,1998.0
CHEMBL1661,Lactitol,OC[C@@H](O)[C@@H](O[C@@H]1O[C@H](CO)[C@H](O)[C@H](O)[C@H]1O)[C@H](O)[C@@H](O)CO,2020.0
CHEMBL498847,Secnidazole,Cc1ncc([N+](=O)[O-])n1CC(C)O,2017.0
CHEMBL1663,Perflutren,FC(F)(F)C(F)(F)C(F)(F)F,1998.0
CHEMBL523299,Umeclidinium Bromide,OC(c1ccccc1)(c1ccccc1)C12CC[N+](CCOCc3ccccc3)(CC1)CC2.[Br-],2013.0
CHEMBL483254,Panobinostat,Cc1[nH]c2ccccc2c1CCNCc1ccc(/C=C/C(=O)NO)cc1,2015.0
CHEMBL489411,Amorolfine,CCC(C)(C)c1ccc(CC(C)CN2C[C@@H](C)O[C@@H](C)C2)cc1,
CHEMBL1664,Fosamprenavir,CC(C)CN(C[C@@H](OP(=O)(O)O)[C@H](Cc1ccccc1)NC(=O)O[C@H]1CCOC1)S(=O)(=O)c1ccc(N)cc1,2003.0
CHEMBL457547,Micafungin,CCCCCOc1ccc(-c2cc(-c3ccc(C(=O)N[C@H]4C[C@@H](O)[C@@H](O)NC(=O)[C@@H]5[C@@H](O)[C@@H](C)CN5C(=O)[C@H]([C@H](O)CC(N)=O)NC(=O)[C@H]([C@H](O)[C@@H](O)c5ccc(O)c(OS(=O)(=O)O)c5)NC(=O)[C@@H]5C[C@@H](O)CN5C(=O)[C@H]([C@@H](C)O)NC4=O)cc3)no2)cc1,2005.0
CHEMBL1668,Rescinnamine,COC(=O)[C@H]1[C@H]2C[C@@H]3c4[nH]c5cc(OC)ccc5c4CCN3C[C@H]2C[C@@H](OC(=O)/C=C/c2cc(OC)c(OC)c(OC)c2)[C@@H]1OC,1956.0
CHEMBL459265,Hexamethyl Pararosaniline,CN(C)c1ccc(C(=C2C=CC(=[N+](C)C)C=C2)c2ccc(N(C)C)cc2)cc1,1982.0
CHEMBL1670,Mitotane,Clc1ccc(C(c2ccccc2Cl)C(Cl)Cl)cc1,1970.0
CHEMBL1671,Propranolol Hydrochloride,CC(C)NCC(O)COc1cccc2ccccc12.Cl,1967.0
CHEMBL1672,Cefpodoxime,COCC1=C(C(=O)O)N2C(=O)[C@@H](NC(=O)/C(=N\OC)c3csc(N)n3)[C@H]2SC1,
CHEMBL454446,Cefditoren Pivoxil,CO/N=C(\C(=O)N[C@@H]1C(=O)N2C(C(=O)OCOC(=O)C(C)(C)C)=C(/C=C\c3scnc3C)CS[C@H]12)c1csc(N)n1,2001.0
CHEMBL518924,Mavorixafor,NCCCCN(Cc1nc2ccccc2[nH]1)[C@H]1CCCc2cccnc21,2024.0
CHEMBL1675,Vitamin A Palmitate,CCCCCCCCCCCCCCCC(=O)OC/C=C(C)/C=C/C=C(C)/C=C/C1=C(C)CCCC1(C)C,1982.0
CHEMBL1676,Fluticasone Furoate,C[C@@H]1C[C@H]2[C@@H]3C[C@H](F)C4=CC(=O)C=C[C@]4(C)[C@@]3(F)[C@@H](O)C[C@]2(C)[C@@]1(OC(=O)c1ccco1)C(=O)SCF,2007.0
CHEMBL1677,Tacrine Hydrochloride,Cl.Nc1c2c(nc3ccccc13)CCCC2,1993.0
CHEMBL1678,Donepezil Hydrochloride,COc1cc2c(cc1OC)C(=O)C(CC1CCN(Cc3ccccc3)CC1)C2.Cl,1996.0
CHEMBL507674,Cefoperazone,CCN1CCN(C(=O)N[C@@H](C(=O)N[C@@H]2C(=O)N3C(C(=O)O)=C(CSc4nnnn4C)CS[C@H]23)c2ccc(O)cc2)C(=O)C1=O,1982.0
CHEMBL1679,Leucovorin,Nc1nc(=O)c2c([nH]1)NCC(CNc1ccc(C(=O)N[C@@H](CCC(=O)O)C(=O)O)cc1)N2C=O,1952.0
CHEMBL1681,Iodohippurate,O=C(O)CNC(=O)c1ccccc1I,1982.0
CHEMBL1682,Sorbitol,OC[C@@H](O)[C@@H](O)[C@H](O)[C@@H](O)CO,1982.0
CHEMBL490665,Nalfurafine Hydrochloride,CN(C(=O)/C=C/c1ccoc1)[C@@H]1CC[C@@]2(O)[C@H]3Cc4ccc(O)c5c4[C@@]2(CCN3CC2CC2)[C@H]1O5.Cl,2009.0
CHEMBL1683,Hydrocortisone Butyrate,CCCC(=O)O[C@]1(C(=O)CO)CC[C@H]2[C@@H]3CCC4=CC(=O)CC[C@]4(C)[C@H]3[C@@H](O)C[C@@]21C,1982.0
CHEMBL502182,Elagolix Sodium,COc1cccc(-c2c(C)n(Cc3c(F)cccc3C(F)(F)F)c(=O)n(C[C@H](NCCCC(=O)[O-])c3ccccc3)c2=O)c1F.[Na+],2018.0
CHEMBL1684,Bendroflumethiazide,NS(=O)(=O)c1cc2c(cc1C(F)(F)F)NC(Cc1ccccc1)NS2(=O)=O,1959.0
CHEMBL485696,Sulfisomidine,Cc1cc(NS(=O)(=O)c2ccc(N)cc2)nc(C)n1,
CHEMBL508102,Carbimazole,CCOC(=O)n1ccn(C)c1=S,
CHEMBL1685,Dezocine,C[C@@]12CCCCC[C@@H](Cc3ccc(O)cc31)[C@@H]2N,1989.0
CHEMBL515408,Maribavir,CC(C)Nc1nc2cc(Cl)c(Cl)cc2n1[C@H]1O[C@@H](CO)[C@H](O)[C@@H]1O,2021.0
CHEMBL484785,Crisaborole,N#Cc1ccc(Oc2ccc3c(c2)COB3O)cc1,2016.0
CHEMBL502835,Nintedanib,COC(=O)c1ccc2c(c1)NC(=O)/C2=C(\Nc1ccc(N(C)C(=O)CN2CCN(C)CC2)cc1)c1ccccc1,2014.0
CHEMBL1689,Tolazoline Hydrochloride,Cl.c1ccc(CC2=NCCN2)cc1,1985.0
CHEMBL1690,Hydroxychloroquine Sulfate,CCN(CCO)CCCC(C)Nc1ccnc2cc(Cl)ccc12.O=S(=O)(O)O,1955.0
CHEMBL535650,Mefloquine Hydrochloride,Cl.OC(c1cc(C(F)(F)F)nc2c(C(F)(F)F)cccc12)C1CCCCN1,1989.0
CHEMBL1691,Betaxolol Hydrochloride,CC(C)NCC(O)COc1ccc(CCOCC2CC2)cc1.Cl,1985.0
CHEMBL542541,Hydralazine Hydrochloride,Cl.NNc1nncc2ccccc12,1953.0
CHEMBL544665,Fingolimod Hydrochloride,CCCCCCCCc1ccc(CCC(N)(CO)CO)cc1.Cl,2010.0
CHEMBL1692,Imipramine Hydrochloride,CN(C)CCCN1c2ccccc2CCc2ccccc21.Cl,1959.0
CHEMBL1693,Diethylpropion Hydrochloride,CCN(CC)C(C)C(=O)c1ccccc1.Cl,1959.0
CHEMBL1694,Benazepril Hydrochloride,CCOC(=O)[C@H](CCc1ccccc1)N[C@H]1CCc2ccccc2N(CC(=O)O)C1=O.Cl,1991.0
CHEMBL1695,Tiagabine Hydrochloride,Cc1ccsc1C(=CCCN1CCC[C@@H](C(=O)O)C1)c1sccc1C.Cl,1997.0
CHEMBL1696,Desipramine Hydrochloride,CNCCCN1c2ccccc2CCc2ccccc21.Cl,1964.0
CHEMBL1697,Diltiazem Hydrochloride,COc1ccc([C@@H]2Sc3ccccc3N(CCN(C)C)C(=O)[C@@H]2OC(C)=O)cc1.Cl,1982.0
CHEMBL1698,Bupropion Hydrochloride,CC(NC(C)(C)C)C(=O)c1cccc(Cl)c1.Cl,1985.0
CHEMBL1699,Memantine Hydrochloride,CC12CC3CC(C)(C1)CC(N)(C3)C2.Cl,2002.0
CHEMBL1700,Sotalol Hydrochloride,CC(C)NCC(O)c1ccc(NS(C)(=O)=O)cc1.Cl,1992.0
CHEMBL1701,Meperidine Hydrochloride,CCOC(=O)C1(c2ccccc2)CCN(C)CC1.Cl,1942.0
CHEMBL1702,Atomoxetine Hydrochloride,CNCC[C@@H](Oc1ccccc1C)c1ccccc1.Cl,2002.0
CHEMBL1703,Metformin Hydrochloride,CN(C)C(=N)NC(=N)N.Cl,1995.0
CHEMBL1705,Clonidine Hydrochloride,Cl.Clc1cccc(Cl)c1NC1=NCCN1,1974.0
CHEMBL1706,Naphazoline Hydrochloride,Cl.c1ccc2c(CC3=NCCN3)cccc2c1,1971.0
CHEMBL1707,Loperamide Hydrochloride,CN(C)C(=O)C(CCN1CCC(O)(c2ccc(Cl)cc2)CC1)(c1ccccc1)c1ccccc1.Cl,1976.0
CHEMBL1709,Sertraline Hydrochloride,CN[C@H]1CC[C@@H](c2ccc(Cl)c(Cl)c2)c2ccccc21.Cl,1991.0
CHEMBL535396,Rimantadine Hydrochloride,CC(N)C12CC3CC(CC(C3)C1)C2.Cl,1993.0
CHEMBL1711,Isoproterenol Hydrochloride,CC(C)NCC(O)c1ccc(O)c(O)c1.Cl,1956.0
CHEMBL1713,Chlorpromazine Hydrochloride,CN(C)CCCN1c2ccccc2Sc2ccc(Cl)cc21.Cl,1957.0
CHEMBL1714,Ketamine Hydrochloride,CNC1(c2ccccc2Cl)CCCCC1=O.Cl,1970.0
CHEMBL1715,Pioglitazone Hydrochloride,CCc1ccc(CCOc2ccc(CC3SC(=O)NC3=O)cc2)nc1.Cl,1999.0
CHEMBL1716,Cyproheptadine Hydrochloride,CN1CCC(=C2c3ccccc3C=Cc3ccccc32)CC1.Cl,1961.0
CHEMBL1717,Ticlopidine Hydrochloride,Cl.Clc1ccccc1CN1CCc2sccc2C1,1991.0
CHEMBL1718,Naloxone Hydrochloride,C=CCN1CC[C@]23c4c5ccc(O)c4O[C@H]2C(=O)CC[C@@]3(O)[C@H]1C5.Cl,1971.0
CHEMBL539770,Terodiline Hydrochloride,CC(CC(c1ccccc1)c1ccccc1)NC(C)(C)C.Cl,1986.0
CHEMBL1719,Olopatadine Hydrochloride,CN(C)CC/C=C1/c2ccccc2COc2ccc(CC(=O)O)cc21.Cl,1996.0
CHEMBL1720,Palonosetron Hydrochloride,Cl.O=C1c2cccc3c2[C@H](CCC3)CN1[C@@H]1CN2CCC1CC2,2003.0
CHEMBL1722,Methylphenidate Hydrochloride,COC(=O)C(c1ccccc1)C1CCCCN1.Cl,1955.0
CHEMBL1723,Alfuzosin Hydrochloride,COc1cc2nc(N(C)CCCNC(=O)C3CCCO3)nc(N)c2cc1OC.Cl,2003.0
CHEMBL1724,Mepenzolate Bromide,C[N+]1(C)CCCC(OC(=O)C(O)(c2ccccc2)c2ccccc2)C1.[Br-],1956.0
CHEMBL1725,Iopromide,COCC(=O)Nc1c(I)c(C(=O)NCC(O)CO)c(I)c(C(=O)N(C)CC(O)CO)c1I,1995.0
CHEMBL1726,Nisoldipine,COC(=O)C1=C(C)NC(C)=C(C(=O)OCC(C)C)C1c1ccccc1[N+](=O)[O-],1995.0
CHEMBL1727,Cephalexin Anhydrous,CC1=C(C(=O)O)N2C(=O)[C@@H](NC(=O)[C@H](N)c3ccccc3)[C@H]2SC1,1971.0
CHEMBL1728,Lomefloxacin Hydrochloride,CCn1cc(C(=O)O)c(=O)c2cc(F)c(N3CCNC(C)C3)c(F)c21.Cl,1992.0
CHEMBL1729,Cisapride,COc1cc(N)c(Cl)cc1C(=O)NC1CCN(CCCOc2ccc(F)cc2)CC1OC,1993.0
CHEMBL561157,Treprostinil Sodium,CCCCC[C@H](O)CC[C@@H]1[C@H]2Cc3cccc(OCC(=O)[O-])c3C[C@H]2C[C@H]1O.[Na+],2020.0
CHEMBL1730,Cefotaxime,CO/N=C(\C(=O)N[C@@H]1C(=O)N2C(C(=O)O)=C(COC(C)=O)CS[C@H]12)c1csc(N)n1,1981.0
CHEMBL1731,Mezlocillin,CC1(C)S[C@@H]2[C@H](NC(=O)[C@H](NC(=O)N3CCN(S(C)(=O)=O)C3=O)c3ccccc3)C(=O)N2[C@H]1C(=O)O,1981.0
CHEMBL1732,Dihydroergotamine,CN1C[C@H](C(=O)N[C@]2(C)O[C@@]3(O)[C@@H]4CCCN4C(=O)[C@H](Cc4ccccc4)N3C2=O)C[C@@H]2c3cccc4[nH]cc(c34)C[C@H]21,1946.0
CHEMBL564085,Troleandomycin,CO[C@H]1C[C@H](O[C@H]2[C@H](C)[C@@H](O[C@@H]3O[C@H](C)C[C@H](N(C)C)[C@H]3OC(C)=O)[C@@H](C)C[C@@]3(CO3)C(=O)[C@H](C)[C@@H](OC(C)=O)[C@@H](C)[C@@H](C)OC(=O)[C@@H]2C)O[C@@H](C)[C@@H]1OC(C)=O,1969.0
CHEMBL553025,Vinorelbine,CCC1=C[C@@H]2CN(C1)Cc1c([nH]c3ccccc13)[C@@](C(=O)OC)(c1cc3c(cc1OC)N(C)[C@H]1[C@@](O)(C(=O)OC)[C@H](OC(C)=O)[C@]4(CC)C=CCN5CC[C@]31[C@@H]54)C2,1994.0
CHEMBL539697,Dabigatran Etexilate,CCCCCCOC(=O)NC(=N)c1ccc(NCc2nc3cc(C(=O)N(CCC(=O)OCC)c4ccccn4)ccc3n2C)cc1,2008.0
CHEMBL1734,Solifenacin,O=C(O[C@H]1CN2CCC1CC2)N1CCc2ccccc2[C@@H]1c1ccccc1,2004.0
CHEMBL551466,Aclidinium Bromide,O=C(O[C@H]1C[N+]2(CCCOc3ccccc3)CCC1CC2)C(O)(c1cccs1)c1cccs1.[Br-],2012.0
CHEMBL1735,Indinavir Sulfate,CC(C)(C)NC(=O)[C@@H]1CN(Cc2cccnc2)CCN1C[C@@H](O)C[C@@H](Cc1ccccc1)C(=O)N[C@H]1c2ccccc2C[C@H]1O.O=S(=O)(O)O,1996.0
CHEMBL550495,Methylene Blue,CN(C)c1ccc2nc3ccc(=[N+](C)C)cc-3sc2c1.O.O.O.[Cl-],2016.0
CHEMBL1736,Metrizoic Acid,CC(=O)Nc1c(I)c(C(=O)O)c(I)c(N(C)C(C)=O)c1I,1982.0
CHEMBL557555,Ciprofibrate,CC(C)(Oc1ccc(C2CC2(Cl)Cl)cc1)C(=O)O,1985.0
CHEMBL538943,Vinorelbine Tartrate,CCC1=C[C@@H]2CN(C1)Cc1c([nH]c3ccccc13)[C@@](C(=O)OC)(c1cc3c(cc1OC)N(C)[C@H]1[C@@](O)(C(=O)OC)[C@H](OC(C)=O)[C@]4(CC)C=CCN5CC[C@]31[C@@H]54)C2.O=C(O)C(O)C(O)C(=O)O.O=C(O)C(O)C(O)C(=O)O,1994.0
CHEMBL1737,Sildenafil Citrate,CCCc1nn(C)c2c(=O)[nH]c(-c3cc(S(=O)(=O)N4CCN(C)CC4)ccc3OCC)nc12.O=C(O)CC(O)(CC(=O)O)C(=O)O,1998.0
CHEMBL550348,Deferasirox,O=C(O)c1ccc(-n2nc(-c3ccccc3O)nc2-c2ccccc2O)cc1,2005.0
CHEMBL550755,Forodesine Hydrochloride,Cl.O=c1[nH]cnc2c([C@@H]3N[C@H](CO)[C@@H](O)[C@H]3O)c[nH]c12,2017.0
CHEMBL1738,Dexrazoxane,C[C@@H](CN1CC(=O)NC(=O)C1)N1CC(=O)NC(=O)C1,1995.0
CHEMBL1739,Metocurine Iodide,COc1ccc2cc1Oc1cc3c(cc1OC)CC[N+](C)(C)[C@H]3Cc1ccc(cc1)Oc1c(OC)c(OC)cc3c1[C@@H](C2)[N+](C)(C)CC3.[I-].[I-],1982.0
CHEMBL1741,Clarithromycin,CC[C@H]1OC(=O)[C@H](C)[C@@H](O[C@H]2C[C@@](C)(OC)[C@@H](O)[C@H](C)O2)[C@H](C)[C@@H](O[C@@H]2O[C@H](C)C[C@H](N(C)C)[C@H]2O)[C@](C)(OC)C[C@@H](C)C(=O)[C@H](C)[C@@H](O)[C@]1(C)O,1991.0
CHEMBL576982,Quizartinib,CC(C)(C)c1cc(NC(=O)Nc2ccc(-c3cn4c(n3)sc3cc(OCCN5CCOCC5)ccc34)cc2)no1,2023.0
CHEMBL566534,Artemether,CO[C@H]1O[C@@H]2O[C@@]3(C)CC[C@H]4[C@H](C)CC[C@@H]([C@H]1C)[C@@]24OO3,2009.0
CHEMBL566315,Obeticholic Acid,CC[C@H]1[C@@H](O)[C@@H]2[C@H](CC[C@]3(C)[C@@H]([C@H](C)CCC(=O)O)CC[C@@H]23)[C@@]2(C)CC[C@@H](O)C[C@@H]12,2016.0
CHEMBL566752,Florbetaben F18,CNc1ccc(/C=C/c2ccc(OCCOCCOCC[18F])cc2)cc1,2014.0
CHEMBL578767,Flumexadol,FC(F)(F)c1cccc(C2CNCCO2)c1,
CHEMBL1746,Sodium Phenylbutyrate,O=C([O-])CCCc1ccccc1.[Na+],1996.0
CHEMBL579205,Flutemetamol,CNc1ccc(-c2nc3ccc(O)cc3s2)cc1F,2013.0
CHEMBL1747,Tobramycin,NC[C@H]1O[C@H](O[C@H]2[C@H](O)[C@@H](O[C@H]3O[C@H](CO)[C@@H](O)[C@H](N)[C@H]3O)[C@H](N)C[C@@H]2N)[C@H](N)C[C@@H]1O,1975.0
CHEMBL569713,Scopolamine,CN1[C@@H]2C[C@@H](OC(=O)[C@H](CO)c3ccccc3)C[C@H]1[C@@H]1O[C@@H]12,1979.0
CHEMBL571546,Tirbanibulin,O=C(Cc1ccc(-c2ccc(OCCN3CCOCC3)cc2)cn1)NCc1ccccc1,2020.0
CHEMBL1749,Edetate Disodium Anhydrous,O=C([O-])CN(CCN(CC(=O)[O-])CC(=O)O)CC(=O)O.[Na+].[Na+],1982.0
CHEMBL1750,Clofarabine,Nc1nc(Cl)nc2c1ncn2[C@@H]1O[C@H](CO)[C@@H](O)[C@@H]1F,2004.0
CHEMBL576127,Fenspiride,O=C1NCC2(CCN(CCc3ccccc3)CC2)O1,
CHEMBL1751,Digoxin,C[C@H]1O[C@@H](O[C@H]2[C@@H](O)C[C@H](O[C@H]3[C@@H](O)C[C@H](O[C@H]4CC[C@@]5(C)[C@H](CC[C@@H]6[C@@H]5C[C@@H](O)[C@]5(C)[C@@H](C7=CC(=O)OC7)CC[C@]65O)C4)O[C@@H]3C)O[C@@H]2C)C[C@H](O)[C@@H]1O,1975.0
CHEMBL1752,Dyphylline,Cn1c(=O)c2c(ncn2CC(O)CO)n(C)c1=O,1951.0
CHEMBL1753,Clindamycin,CCC[C@@H]1C[C@@H](C(=O)N[C@@H]([C@H]2O[C@H](SC)[C@H](O)[C@@H](O)[C@H]2O)[C@H](C)Cl)N(C)C1,1970.0
CHEMBL1754,Doxapram,CCN1CC(CCN2CCOCC2)C(c2ccccc2)(c2ccccc2)C1=O,1965.0
CHEMBL1755,Conivaptan,Cc1nc2c([nH]1)-c1ccccc1N(C(=O)c1ccc(NC(=O)c3ccccc3-c3ccccc3)cc1)CC2,2005.0
CHEMBL1756,Estramustine Phosphate,C[C@]12CC[C@@H]3c4ccc(OC(=O)N(CCCl)CCCl)cc4CC[C@H]3[C@@H]1CC[C@@H]2OP(=O)(O)O,1981.0
CHEMBL1757,Fosfomycin,C[C@@H]1O[C@@H]1P(=O)(O)O,1996.0
CHEMBL1760,Terbutaline,CC(C)(C)NCC(O)c1cc(O)cc(O)c1,1974.0
CHEMBL1761,Procyclidine Hydrochloride,Cl.OC(CCN1CCCC1)(c1ccccc1)C1CCCCC1,1955.0
CHEMBL1762,Tocainide,Cc1cccc(C)c1NC(=O)C(C)N,1984.0
CHEMBL1763,Hydroflumethiazide,NS(=O)(=O)c1cc2c(cc1C(F)(F)F)NCNS2(=O)=O,1959.0
CHEMBL1764,Levomepromazine,COc1ccc2c(c1)N(C[C@H](C)CN(C)C)c1ccccc1S2,1982.0
CHEMBL1766,Desoximetasone,C[C@@H]1C[C@H]2[C@@H]3CCC4=CC(=O)C=C[C@]4(C)[C@@]3(F)[C@@H](O)C[C@]2(C)[C@H]1C(=O)CO,1977.0
CHEMBL1768,Bethanechol Chloride,CC(C[N+](C)(C)C)OC(N)=O.[Cl-],1948.0
CHEMBL1769,Propoxycaine Hydrochloride,CCCOc1cc(N)ccc1C(=O)OCCN(CC)CC.Cl,1982.0
CHEMBL1770,Levamisole Hydrochloride,Cl.c1ccc([C@H]2CN3CCSC3=N2)cc1,1990.0
CHEMBL591665,Sodium Ascorbate,O=C1O[C@H]([C@@H](O)CO)C([O-])=C1O.[Na+],2006.0
CHEMBL1771,Clopidogrel,COC(=O)[C@H](c1ccccc1Cl)N1CCc2sccc2C1,1997.0
CHEMBL1773,Capecitabine,CCCCCOC(=O)Nc1nc(=O)n([C@@H]2O[C@H](C)[C@@H](O)[C@H]2O)cc1F,1998.0
CHEMBL589586,Monomethyl Fumarate,COC(=O)/C=C/C(=O)O,2020.0
CHEMBL601719,Crizotinib,C[C@@H](Oc1cc(-c2cnn(C3CCNCC3)c2)cnc1N)c1c(Cl)ccc(F)c1Cl,2011.0
CHEMBL605846,Olodaterol,COc1ccc(CC(C)(C)NC[C@H](O)c2cc(O)cc3c2OCC(=O)N3)cc1,2014.0
CHEMBL607710,Chlorphenesin Carbamate,NC(=O)OCC(O)COc1ccc(Cl)cc1,1965.0
CHEMBL606260,Carbenicillin Disodium,CC1(C)S[C@@H]2[C@H](NC(=O)C(C(=O)[O-])c3ccccc3)C(=O)N2[C@H]1C(=O)[O-].[Na+].[Na+],1982.0
CHEMBL608533,Midostaurin,CO[C@@H]1[C@H](N(C)C(=O)c2ccccc2)C[C@H]2O[C@]1(C)n1c3ccccc3c3c4c(c5c6ccccc6n2c5c31)C(=O)NC4,2017.0
CHEMBL607400,Brivaracetam,CCC[C@@H]1CC(=O)N([C@@H](CC)C(N)=O)C1,2016.0
CHEMBL43708,Imipenem,C[C@@H](O)[C@H]1C(=O)N2C(C(=O)O)=C(SCCNC=N)C[C@H]12.O,1985.0
CHEMBL1079742,Erlotinib Hydrochloride,C#Cc1cccc(Nc2ncnc3cc(OCCOC)c(OCCOC)cc23)c1.Cl,2004.0
CHEMBL1079604,Metaxalone,Cc1cc(C)cc(OCC2CNC(=O)O2)c1,1962.0
CHEMBL1076903,Varenicline,c1cnc2cc3c(cc2n1)[C@@H]1CNC[C@H]3C1,2006.0
CHEMBL1078178,Momelotinib,N#CCNC(=O)c1ccc(-c2ccnc(Nc3ccc(N4CCOCC4)cc3)n2)cc1,2023.0
CHEMBL1078261,Propiverine,CCCOC(C(=O)OC1CCN(C)CC1)(c1ccccc1)c1ccccc1,
CHEMBL1077896,Ropivacaine,CCCN1CCCC[C@H]1C(=O)Nc1c(C)cccc1C,1996.0
CHEMBL1089221,Bendazac,O=C(O)COc1nn(Cc2ccccc2)c2ccccc12,1984.0
CHEMBL1089318,Opicapone,Cc1c(Cl)c(C)[n+]([O-])c(Cl)c1-c1noc(-c2cc(O)c(O)c([N+](=O)[O-])c2)n1,2016.0
CHEMBL1089641,Trypan Blue Free Acid,Cc1cc(-c2ccc(/N=N/c3c(S(=O)(=O)O)cc4cc(S(=O)(=O)O)cc(N)c4c3O)c(C)c2)ccc1/N=N/c1c(S(=O)(=O)O)cc2cc(S(=O)(=O)O)cc(N)c2c1O,2004.0
CHEMBL1091250,Indigotindisulfonate,O=C1/C(=C2\Nc3ccc(S(=O)(=O)O)cc3C2=O)Nc2ccc(S(=O)(=O)O)cc21,2022.0
CHEMBL1096562,Methyl Aminolevulinate,COC(=O)CCC(=O)CN,2004.0
CHEMBL1096882,Fludarabine Phosphate,Nc1nc(F)nc2c1ncn2[C@@H]1O[C@H](COP(=O)(O)O)[C@@H](O)[C@@H]1O,1991.0
CHEMBL1097620,Iothalamate Sodium,CNC(=O)c1c(I)c(NC(C)=O)c(I)c(C(=O)[O-])c1I.[Na+],1982.0
CHEMBL1094966,Pirbuterol,CC(C)(C)NCC(O)c1ccc(O)c(CO)n1,1986.0
CHEMBL1096885,Valrubicin,CCCCC(=O)OCC(=O)[C@]1(O)Cc2c(O)c3c(c(O)c2[C@@H](O[C@H]2C[C@H](NC(=O)C(F)(F)F)[C@H](O)[C@H](C)O2)C1)C(=O)c1c(OC)cccc1C3=O,1998.0
CHEMBL1094636,Niraparib,NC(=O)c1cccc2cn(-c3ccc([C@@H]4CCCNC4)cc3)nc12,2017.0
CHEMBL1095292,Bretylium Tosylate,CC[N+](C)(C)Cc1ccccc1Br.Cc1ccc(S(=O)(=O)[O-])cc1,1982.0
CHEMBL1095930,Cefuroxime Axetil,CO/N=C(\C(=O)N[C@@H]1C(=O)N2C(C(=O)OC(C)OC(C)=O)=C(COC(N)=O)CS[C@H]12)c1ccco1,1987.0
CHEMBL1098319,2-Mercaptoethanesulfonic Acid,O=S(=O)(O)CCS,1988.0
CHEMBL1098285,Distigmine Bromide,CN(CCCCCCN(C)C(=O)Oc1ccc[n+](C)c1)C(=O)Oc1ccc[n+](C)c1.[Br-].[Br-],
CHEMBL1095777,Indacaterol,CCc1cc2c(cc1CC)CC(NC[C@H](O)c1ccc(O)c3[nH]c(=O)ccc13)C2,2009.0
CHEMBL1097279,Cangrelor Tetrasodium,CSCCNc1nc(SCCC(F)(F)F)nc2c1ncn2[C@@H]1O[C@H](COP(=O)([O-])OP(=O)([O-])C(Cl)(Cl)P(=O)([O-])[O-])[C@@H](O)[C@H]1O.[Na+].[Na+].[Na+].[Na+],2015.0
CHEMBL1095097,Eplerenone,COC(=O)[C@@H]1CC2=CC(=O)CC[C@]2(C)[C@@]23O[C@@H]2C[C@@]2(C)[C@@H](CC[C@@]24CCC(=O)O4)[C@H]13,2002.0
CHEMBL1098659,Water,O,1982.0
CHEMBL1096146,Ponesimod,CCC/N=C1\S/C(=C\c2ccc(OC[C@H](O)CO)c(Cl)c2)C(=O)N1c1ccccc1C,2021.0
CHEMBL1083659,Suvorexant,Cc1ccc(-n2nccn2)c(C(=O)N2CCN(c3nc4cc(Cl)ccc4o3)CC[C@H]2C)c1,2014.0
CHEMBL1083385,Clopidogrel Bisulfate,COC(=O)[C@H](c1ccccc1Cl)N1CCc2sccc2C1.O=S(=O)(O)O,1997.0
CHEMBL1083993,Amiodarone Hydrochloride,CCCCc1oc2ccccc2c1C(=O)c1cc(I)c(OCCN(CC)CC)c(I)c1.Cl,1985.0
CHEMBL1086440,Triclabendazole,CSc1nc2cc(Cl)c(Oc3cccc(Cl)c3Cl)cc2[nH]1,2019.0
CHEMBL1082407,Enzalutamide,CNC(=O)c1ccc(N2C(=S)N(c3ccc(C#N)c(C(F)(F)F)c3)C(=O)C2(C)C)cc1F,2012.0
CHEMBL1082607,Salmeterol Xinafoate,O=C(O)c1ccc2ccccc2c1O.OCc1cc(C(O)CNCCCCCCOCCCCc2ccccc2)ccc1O,1994.0
CHEMBL1084172,Vilanterol Trifenatate,O=C(O)C(c1ccccc1)(c1ccccc1)c1ccccc1.OCc1cc([C@@H](O)CNCCCCCCOCCOCc2c(Cl)cccc2Cl)ccc1O,2013.0
CHEMBL1159650,Clobetasol Propionate,CCC(=O)O[C@]1(C(=O)CCl)[C@@H](C)C[C@H]2[C@@H]3CCC4=CC(=O)C=C[C@]4(C)[C@@]3(F)[C@@H](O)C[C@@]21C,1985.0
CHEMBL1160819,"Ammonia Solution, Strong",N,2007.0
CHEMBL1161681,Nitrous Acid,O=NO,2011.0
CHEMBL1165342,Vincamine,CC[C@]12CCCN3CCc4c(n(c5ccccc45)[C@@](O)(C(=O)OC)C1)[C@@H]32,
CHEMBL1165268,Iodipamide,O=C(CCCCC(=O)Nc1c(I)cc(I)c(C(=O)O)c1I)Nc1c(I)cc(I)c(C(=O)O)c1I,1982.0
CHEMBL1164729,Febuxostat,Cc1nc(-c2ccc(OCC(C)C)c(C#N)c2)sc1C(=O)O,2008.0
CHEMBL1171837,Ponatinib,Cc1ccc(C(=O)Nc2ccc(CN3CCN(C)CC3)c(C(F)(F)F)c2)cc1C#Cc1cnc2cccnn12,2012.0
CHEMBL1173655,Afatinib,CN(C)C/C=C/C(=O)Nc1cc2c(Nc3ccc(F)c(Cl)c3)ncnc2cc1O[C@H]1CCOC1,2013.0
CHEMBL1173055,Rucaparib,CNCc1ccc(-c2[nH]c3cc(F)cc4c3c2CCNC4=O)cc1,2016.0
CHEMBL1179047,Chloroprocaine,CCN(CC)CCOC(=O)c1ccc(N)cc1Cl,1955.0
CHEMBL1180725,Propantheline,CC(C)[N+](C)(CCOC(=O)C1c2ccccc2Oc2ccccc21)C(C)C,1953.0
CHEMBL1182833,Mivacurium,COc1cc2c(cc1OC)[C@@H](Cc1cc(OC)c(OC)c(OC)c1)[N+](C)(CCCOC(=O)CC/C=C/CCC(=O)OCCC[N+]1(C)CCc3cc(OC)c(OC)cc3[C@H]1Cc1cc(OC)c(OC)c(OC)c1)CC2,1992.0
CHEMBL1183349,Isavuconazonium,CNCC(=O)OCc1cccnc1N(C)C(=O)OC(C)[n+]1cnn(C[C@](O)(c2cc(F)ccc2F)[C@@H](C)c2nc(-c3ccc(C#N)cc3)cs2)c1,2015.0
CHEMBL1183717,Almitrine,C=CCNc1nc(NCC=C)nc(N2CCN(C(c3ccc(F)cc3)c3ccc(F)cc3)CC2)n1,
CHEMBL1184360,Diamthazole,CCN(CC)CCOc1ccc2nc(N(C)C)sc2c1,
CHEMBL1185568,Dithiazanine,CCN1C(=CC=CC=Cc2sc3ccccc3[n+]2CC)Sc2ccccc21,
CHEMBL1186579,Methylnaltrexone,C[N+]1(CC2CC2)CC[C@]23c4c5ccc(O)c4O[C@H]2C(=O)CC[C@@]3(O)[C@H]1C5,2008.0
CHEMBL1186610,Anisotropine,CCCC(CCC)C(=O)O[C@H]1C[C@H]2CC[C@@H](C1)[N+]2(C)C,1962.0
CHEMBL1187833,Umeclidinium,OC(c1ccccc1)(c1ccccc1)C12CC[N+](CCOCc3ccccc3)(CC1)CC2,2013.0
CHEMBL1189432,Olopatadine,CN(C)CC/C=C1/c2ccccc2COc2ccc(CC(=O)O)cc21,1996.0
CHEMBL1189679,Palonosetron,O=C1c2cccc3c2[C@H](CCC3)CN1[C@@H]1CN2CCC1CC2,2003.0
CHEMBL1194325,Aclidinium,O=C(O[C@H]1C[N+]2(CCCOc3ccccc3)CCC1CC2)C(O)(c1cccs1)c1cccs1,2012.0
CHEMBL1194666,Diethylpropion,CCN(CC)C(C)C(=O)c1ccccc1,1959.0
CHEMBL1198857,Vilanterol,OCc1cc([C@@H](O)CNCCCCCCOCCOCc2c(Cl)cccc2Cl)ccc1O,2013.0
CHEMBL1199080,Bretylium,CC[N+](C)(C)Cc1ccccc1Br,1982.0
CHEMBL1199307,Distigmine,CN(CCCCCCN(C)C(=O)Oc1ccc[n+](C)c1)C(=O)Oc1ccc[n+](C)c1,
CHEMBL1199324,Fosaprepitant,C[C@@H](O[C@H]1OCCN(Cc2nn(P(=O)(O)O)c(=O)[nH]2)[C@H]1c1ccc(F)cc1)c1cc(C(F)(F)F)cc(C(F)(F)F)c1,2008.0
CHEMBL1200321,Sulfisoxazole Diolamine,Cc1noc(NS(=O)(=O)c2ccc(N)cc2)c1C.OCCNCCO,1982.0
CHEMBL1200322,Escitalopram Oxalate,CN(C)CCC[C@@]1(c2ccc(F)cc2)OCc2cc(C#N)ccc21.O=C(O)C(=O)O,2002.0
CHEMBL1200323,Labetalol Hydrochloride,CC(CCc1ccccc1)NCC(O)c1ccc(O)c(C(N)=O)c1.Cl,1984.0
CHEMBL1200326,Nicardipine Hydrochloride,COC(=O)C1=C(C)NC(C)=C(C(=O)OCCN(C)Cc2ccccc2)C1c1cccc([N+](=O)[O-])c1.Cl,1988.0
CHEMBL1200328,Duloxetine Hydrochloride,CNCC[C@H](Oc1cccc2ccccc12)c1cccs1.Cl,2004.0
CHEMBL1200329,Tizanidine Hydrochloride,Cl.Clc1ccc2nsnc2c1NC1=NCCN1,1996.0
CHEMBL1200330,Pilocarpine Hydrochloride,CC[C@@H]1C(=O)OC[C@@H]1Cc1cncn1C.Cl,1984.0
CHEMBL1200331,Fosfomycin Tromethamine,C[C@@H]1O[C@@H]1P(=O)(O)O.NC(CO)(CO)CO,1996.0
CHEMBL1200332,Protriptyline Hydrochloride,CNCCCC1c2ccccc2C=Cc2ccccc21.Cl,1967.0
CHEMBL1200334,Moricizine Hydrochloride,CCOC(=O)Nc1ccc2c(c1)N(C(=O)CCN1CCOCC1)c1ccccc1S2.Cl,1990.0
CHEMBL1200335,Testosterone Enanthate,CCCCCCC(=O)O[C@H]1CC[C@H]2[C@@H]3CCC4=CC(=O)CC[C@]4(C)[C@H]3CC[C@]12C,1953.0
CHEMBL1200338,Pinacidil,CC(N/C(=N\C#N)Nc1ccncc1)C(C)(C)C.O,1989.0
CHEMBL1200339,Phenylephrine Hydrochloride,CNC[C@H](O)c1cccc(O)c1.Cl,1952.0
CHEMBL1200340,Oseltamivir Phosphate,CCOC(=O)C1=C[C@@H](OC(CC)CC)[C@H](NC(C)=O)[C@@H](N)C1.O=P(O)(O)O,1999.0
CHEMBL1200341,Indecainide Hydrochloride,CC(C)NCCCC1(C(N)=O)c2ccccc2-c2ccccc21.Cl,1989.0
CHEMBL1200342,Paramethasone Acetate,CC(=O)OCC(=O)[C@@]1(O)[C@H](C)C[C@H]2[C@@H]3C[C@H](F)C4=CC(=O)C=C[C@]4(C)[C@H]3[C@@H](O)C[C@@]21C,1982.0
CHEMBL1200343,Perindopril Erbumine,CC(C)(C)N.CCC[C@H](N[C@@H](C)C(=O)N1[C@H](C(=O)O)C[C@@H]2CCCC[C@@H]21)C(=O)OCC,1993.0
CHEMBL1200345,Sodium Succinate,O=C([O-])CCC(=O)O.[Na+],1982.0
CHEMBL1200347,Isopropamide Iodide,CC(C)[N+](C)(CCC(C(N)=O)(c1ccccc1)c1ccccc1)C(C)C.[I-],1957.0
CHEMBL1200348,Sulconazole Nitrate,Clc1ccc(CSC(Cn2ccnc2)c2ccc(Cl)cc2Cl)cc1.O=[N+]([O-])O,1985.0
CHEMBL1200350,Iodipamide Sodium,O=C(CCCCC(=O)Nc1c(I)cc(I)c(C(=O)[O-])c1I)Nc1c(I)cc(I)c(C(=O)[O-])c1I.[Na+].[Na+],1982.0
CHEMBL1200351,Sulfadiazine Sodium,Nc1ccc(S(=O)(=O)[N-]c2ncccn2)cc1.[Na+],1941.0
CHEMBL1200353,Meglumine Metrizoate,CC(=O)Nc1c(I)c(C(=O)O)c(I)c(N(C)C(C)=O)c1I.CNC[C@H](O)[C@@H](O)[C@H](O)[C@H](O)CO,1982.0
CHEMBL1200354,Sodium Tetradecyl Sulfate,CCCCC(CC)CCC(CC(C)C)OS(=O)(=O)[O-].[Na+],1946.0
CHEMBL1200356,Cyclacillin,CC1(C)S[C@@H]2[C@H](NC(=O)C3(N)CCCCC3)C(=O)N2[C@H]1C(=O)O,1979.0
CHEMBL1200357,Moxalactam Disodium,CO[C@@]1(NC(=O)C(C(=O)[O-])c2ccc(O)cc2)C(=O)N2C(C(=O)[O-])=C(CSc3nnnn3C)CO[C@@H]21.[Na+].[Na+],1982.0
CHEMBL1200358,Sodium Phenylacetate,O=C([O-])Cc1ccccc1.[Na+],1987.0
CHEMBL1200359,Sulfameter,COc1cnc(NS(=O)(=O)c2ccc(N)cc2)nc1,1966.0
CHEMBL1200360,Iofetamine Hydrochloride I 123,CC(C)NC(C)Cc1ccc([123I])cc1.Cl,1987.0
CHEMBL1200365,Aminohippurate Sodium,Nc1ccc(C(=O)NCC(=O)[O-])cc1.[Na+],1982.0
CHEMBL1200366,Cephalexin Hydrochloride,CC1=C(C(=O)O)N2C(=O)[C@@H](NC(=O)[C@H](N)c3ccccc3)[C@H]2SC1.Cl.O,1987.0
CHEMBL1200367,Echothiophate Iodide,CCOP(=O)(OCC)SCC[N+](C)(C)C.[I-],1960.0
CHEMBL1200368,Bentiromide,O=C(O)c1ccc(NC(=O)[C@H](Cc2ccc(O)cc2)NC(=O)c2ccccc2)cc1,1983.0
CHEMBL1200370,Benzoyl Peroxide,O=C(OOC(=O)c1ccccc1)c1ccccc1,1984.0
CHEMBL1200374,Exemestane,C=C1C[C@@H]2[C@H](CC[C@]3(C)C(=O)CC[C@@H]23)[C@@]2(C)C=CC(=O)C=C12,1999.0
CHEMBL1200375,Edetate Calcium Disodium Anhydrous,O=C([O-])CN(CCN(CC(=O)[O-])CC(=O)[O-])CC(=O)[O-].[Ca+2].[Na+].[Na+],1953.0
CHEMBL1200376,Betamethasone Benzoate,C[C@H]1C[C@H]2[C@@H]3CCC4=CC(=O)C=C[C@]4(C)[C@@]3(F)[C@@H](O)C[C@]2(C)[C@@]1(OC(=O)c1ccccc1)C(=O)CO,1982.0
CHEMBL1200377,Amphetamine Aspartate,CC(N)Cc1ccccc1.NC(CC(=O)O)C(=O)O,1996.0
CHEMBL1200379,Apraclonidine Hydrochloride,Cl.Nc1cc(Cl)c(N=C2NCCN2)c(Cl)c1,1987.0
CHEMBL1200380,Acyclovir Sodium,Nc1nc([O-])c2ncn(COCCO)c2n1.[Na+],1982.0
CHEMBL1200381,Arginine Hydrochloride,Cl.N=C(N)NCCC[C@H](N)C(=O)O,1982.0
CHEMBL1200382,Bepridil Hydrochloride,CC(C)COCC(CN(Cc1ccccc1)c1ccccc1)N1CCCC1.Cl.O,1990.0
CHEMBL1200383,Benztropine Mesylate,CN1[C@@H]2CC[C@H]1C[C@@H](OC(c1ccccc1)c1ccccc1)C2.CS(=O)(=O)O,1954.0
CHEMBL1200384,Betamethasone Dipropionate,CCC(=O)OCC(=O)[C@@]1(OC(=O)CC)[C@@H](C)C[C@H]2[C@@H]3CCC4=CC(=O)C=C[C@]4(C)[C@@]3(F)[C@@H](O)C[C@@]21C,1975.0
CHEMBL1200385,Arbutamine Hydrochloride,Cl.Oc1ccc(CCCCNC[C@H](O)c2ccc(O)c(O)c2)cc1,1997.0
CHEMBL1200386,Prednicarbate,CCOC(=O)O[C@]1(C(=O)COC(=O)CC)CC[C@H]2[C@@H]3CCC4=CC(=O)C=C[C@]4(C)[C@H]3[C@@H](O)C[C@@]21C,1991.0
CHEMBL1200387,Amphetamine Adipate,CC(N)Cc1ccccc1.O=C(O)CCCCC(=O)O,1975.0
CHEMBL1200388,Cloxacillin Sodium,Cc1onc(-c2ccccc2Cl)c1C(=O)N[C@@H]1C(=O)N2[C@@H]1SC(C)(C)[C@@H]2C(=O)[O-].O.[Na+],1974.0
CHEMBL1200389,Brimonidine Tartrate,Brc1c(NC2=NCCN2)ccc2nccnc12.O=C(O)[C@H](O)[C@@H](O)C(=O)O,1996.0
CHEMBL1200391,Tromethamine,NC(CO)(CO)CO,1965.0
CHEMBL1200392,Doxylamine Succinate,CN(C)CCOC(C)(c1ccccc1)c1ccccn1.O=C(O)CCC(=O)O,1948.0
CHEMBL1200393,Grepafloxacin Hydrochloride,Cc1c(F)c(N2CCNC(C)C2)cc2c1c(=O)c(C(=O)O)cn2C1CC1.Cl,1997.0
CHEMBL1200395,Orphenadrine Citrate,Cc1ccccc1C(OCCN(C)C)c1ccccc1.O=C(O)CC(O)(CC(=O)O)C(=O)O,1959.0
CHEMBL1200396,Bupivacaine Hydrochloride,CCCCN1CCCCC1C(=O)Nc1c(C)cccc1C.Cl,1972.0
CHEMBL1200397,Butenafine Hydrochloride,CN(Cc1ccc(C(C)(C)C)cc1)Cc1cccc2ccccc12.Cl,1996.0
CHEMBL1200398,Butoconazole Nitrate,Clc1ccc(CCC(Cn2ccnc2)Sc2c(Cl)cccc2Cl)cc1.O=[N+]([O-])O,1985.0
CHEMBL1200399,Buspirone Hydrochloride,Cl.O=C1CC2(CCCC2)CC(=O)N1CCCCN1CCN(c2ncccn2)CC1,1986.0
CHEMBL1200400,Azathioprine Sodium,Cn1cnc([N+](=O)[O-])c1Sc1ncnc2nc[n-]c12.[Na+],1974.0
CHEMBL1200402,Amlodipine Besylate,CCOC(=O)C1=C(COCCN)NC(C)=C(C(=O)OC)C1c1ccccc1Cl.O=S(=O)(O)c1ccccc1,1992.0
CHEMBL1200405,Bitolterol Mesylate,CS(=O)(=O)O.Cc1ccc(C(=O)Oc2ccc(C(O)CNC(C)(C)C)cc2OC(=O)c2ccc(C)cc2)cc1,1984.0
CHEMBL1200406,Dimenhydrinate,CN(C)CCOC(c1ccccc1)c1ccccc1.Cn1c(=O)c2[nH]c(Cl)nc2n(C)c1=O,1972.0
CHEMBL1200409,Lidocaine Hydrochloride,CCN(CC)CC(=O)Nc1c(C)cccc1C.Cl.O,1948.0
CHEMBL1200410,Procarbazine Hydrochloride,CNNCc1ccc(C(=O)NC(C)C)cc1.Cl,1969.0
CHEMBL1200411,Ropinirole Hydrochloride,CCCN(CCC)CCc1cccc2c1CC(=O)N2.Cl,1997.0
CHEMBL1200412,Nandrolone Phenpropionate,C[C@]12CC[C@H]3[C@@H](CCC4=CC(=O)CC[C@@H]43)[C@@H]1CC[C@@H]2OC(=O)CCc1ccccc1,1959.0
CHEMBL1200413,Tetrahydrozoline Hydrochloride,Cl.c1ccc2c(c1)CCCC2C1=NCCN1,1979.0
CHEMBL1200418,Dobutamine Hydrochloride,CC(CCc1ccc(O)cc1)NCCc1ccc(O)c(O)c1.Cl,1978.0
CHEMBL1200419,Molindone Hydrochloride,CCc1c(C)[nH]c2c1C(=O)C(CN1CCOCC1)CC2.Cl,1974.0
CHEMBL1200420,Midazolam Hydrochloride,Cc1ncc2n1-c1ccc(Cl)cc1C(c1ccccc1F)=NC2.Cl,1985.0
CHEMBL1200423,Metrizoate Sodium,CC(=O)Nc1c(I)c(C(=O)[O-])c(I)c(N(C)C(C)=O)c1I.[Na+],1982.0
CHEMBL1200424,Pentetate Zinc Trisodium,O=C([O-])CN(CCN(CC(=O)[O-])CC(=O)[O-])CCN(CC(=O)[O-])CC(=O)[O-].[Na+].[Na+].[Na+].[Zn+2],2004.0
CHEMBL1200425,Pargyline Hydrochloride,C#CCN(C)Cc1ccccc1.Cl,1982.0
CHEMBL1200426,Methixene Hydrochloride,CN1CCCC(CC2c3ccccc3Sc3ccccc32)C1.Cl.O,1982.0
CHEMBL1200430,Estradiol Acetate,CC(=O)Oc1ccc2c(c1)CC[C@@H]1[C@@H]2CC[C@]2(C)[C@@H](O)CC[C@@H]12,2003.0
CHEMBL1200432,Methyldopate Hydrochloride,CCOC(=O)[C@@](C)(N)Cc1ccc(O)c(O)c1.Cl,1962.0
CHEMBL1200434,Oxtriphylline,C[N+](C)(C)CCO.Cn1c(=O)c2[n-]cnc2n(C)c1=O,1981.0
CHEMBL1200436,Oxandrolone,C[C@]12COC(=O)C[C@@H]1CC[C@@H]1[C@@H]2CC[C@@]2(C)[C@H]1CC[C@]2(C)O,1964.0
CHEMBL1200437,Quinidine Gluconate,C=C[C@H]1CN2CC[C@H]1C[C@@H]2[C@@H](O)c1ccnc2ccc(OC)cc12.O=C(O)[C@H](O)[C@@H](O)[C@H](O)[C@H](O)CO,1950.0
CHEMBL1200438,Tioconazole,Clc1ccc(C(Cn2ccnc2)OCc2ccsc2Cl)c(Cl)c1,1983.0
CHEMBL1200439,Iodohippurate Sodium I 123,O=C([O-])CNC(=O)c1ccccc1[123I].[Na+],1984.0
CHEMBL1200440,Mepivacaine Hydrochloride,Cc1cccc(C)c1NC(=O)C1CCCCN1C.Cl,1960.0
CHEMBL1200444,Pirbuterol Acetate,CC(=O)O.CC(C)(C)NCC(O)c1ccc(O)c(CO)n1,1986.0
CHEMBL1200446,Tripelennamine Hydrochloride,CN(C)CCN(Cc1ccccc1)c1ccccn1.Cl,1948.0
CHEMBL1200448,Tiludronate Disodium,O=P([O-])(O)C(Sc1ccc(Cl)cc1)P(=O)([O-])O.[Na+].[Na+],1997.0
CHEMBL1200449,Triamcinolone Diacetate,CC(=O)OCC(=O)[C@@]1(O)[C@H](OC(C)=O)C[C@H]2[C@@H]3CCC4=CC(=O)C=C[C@]4(C)[C@@]3(F)[C@@H](O)C[C@@]21C,1959.0
CHEMBL1200453,Docosanol,CCCCCCCCCCCCCCCCCCCCCCO,2000.0
CHEMBL1200454,Valganciclovir Hydrochloride,CC(C)[C@H](N)C(=O)OCC(CO)OCn1cnc2c(=O)nc(N)[nH]c21.Cl,2001.0
CHEMBL1200455,Iohexol,CC(=O)N(CC(O)CO)c1c(I)c(C(=O)NCC(O)CO)c(I)c(C(=O)NCC(O)CO)c1I,1985.0
CHEMBL1200458,Potassium Citrate Anhydrous,O=C([O-])CC(O)(CC(=O)[O-])C(=O)[O-].[K+].[K+].[K+],1985.0
CHEMBL1200459,"Potassium Phosphate, Dibasic",O=P([O-])([O-])O.[K+].[K+],1982.0
CHEMBL1200461,Midodrine Hydrochloride,COc1ccc(OC)c(C(O)CNC(=O)CN)c1.Cl,1996.0
CHEMBL1200463,Oxaprozin Potassium,O=C([O-])CCc1nc(-c2ccccc2)c(-c2ccccc2)o1.[K+],2002.0
CHEMBL1200464,Proparacaine Hydrochloride,CCCOc1ccc(C(=O)OCCN(CC)CC)cc1N.Cl,1953.0
CHEMBL1200467,Hydroxyzine Pamoate,O=C(O)c1cc2ccccc2c(Cc2c(O)c(C(=O)O)cc3ccccc23)c1O.OCCOCCN1CCN(C(c2ccccc2)c2ccc(Cl)cc2)CC1,1959.0
CHEMBL1200468,Malathion,CCOC(=O)CC(SP(=S)(OC)OC)C(=O)OCC,1982.0
CHEMBL1200469,Promazine Hydrochloride,CN(C)CCCN1c2ccccc2Sc2ccccc21.Cl,1956.0
CHEMBL1200470,Esomeprazole Sodium,COc1ccc2[n-]c([S@@+]([O-])Cc3ncc(C)c(OC)c3C)nc2c1.[Na+],2005.0
CHEMBL1200471,Pyrithione Zinc,[O-][n+]1ccccc1[S-].[O-][n+]1ccccc1[S-].[Zn+2],1986.0
CHEMBL1200472,Quazepam,Fc1ccccc1C1=NCC(=S)N(CC(F)(F)F)c2ccc(Cl)cc21,1985.0
CHEMBL1200473,Cyclopentolate Hydrochloride,CN(C)CCOC(=O)C(c1ccccc1)C1(O)CCCC1.Cl,1974.0
CHEMBL1200474,Demeclocycline Hydrochloride,CN(C)[C@@H]1C(O)=C(C(N)=O)C(=O)[C@@]2(O)C(O)=C3C(=O)c4c(O)ccc(Cl)c4[C@@H](O)[C@H]3C[C@@H]12.Cl,1960.0
CHEMBL1200475,Daunorubicin Citrate,COc1cccc2c1C(=O)c1c(O)c3c(c(O)c1C2=O)C[C@@](O)(C(C)=O)C[C@@H]3O[C@H]1C[C@H](N)[C@H](O)[C@H](C)O1.O=C(O)CC(O)(CC(=O)O)C(=O)O,1996.0
CHEMBL1200477,Allopurinol Sodium,O=c1[n-]cnc2[nH]ncc12.[Na+],1996.0
CHEMBL1200478,Dyclonine Hydrochloride,CCCCOc1ccc(C(=O)CCN2CCCCC2)cc1.Cl,1982.0
CHEMBL1200479,Dicyclomine Hydrochloride,CCN(CC)CCOC(=O)C1(C2CCCCC2)CCCCC1.Cl,1950.0
CHEMBL1200482,Cefoperazone Sodium,CCN1CCN(C(=O)N[C@@H](C(=O)N[C@@H]2C(=O)N3C(C(=O)[O-])=C(CSc4nnnn4C)CS[C@H]23)c2ccc(O)cc2)C(=O)C1=O.[Na+],1982.0
CHEMBL1200483,Phenmetrazine Hydrochloride,CC1NCCOC1c1ccccc1.Cl,1982.0
CHEMBL1200485,Sorafenib Tosylate,CNC(=O)c1cc(Oc2ccc(NC(=O)Nc3ccc(Cl)c(C(F)(F)F)c3)cc2)ccn1.Cc1ccc(S(=O)(=O)O)cc1,2005.0
CHEMBL1200487,Ethacrynate Sodium,C=C(CC)C(=O)c1ccc(OCC(=O)[O-])c(Cl)c1Cl.[Na+],1967.0
CHEMBL1200491,Epinastine Hydrochloride,Cl.NC1=NCC2c3ccccc3Cc3ccccc3N12,2003.0
CHEMBL1200492,Nefazodone Hydrochloride,CCc1nn(CCCN2CCN(c3cccc(Cl)c3)CC2)c(=O)n1CCOc1ccccc1.Cl,1994.0
CHEMBL1200493,Naftifine Hydrochloride,CN(C/C=C/c1ccccc1)Cc1cccc2ccccc12.Cl,1988.0
CHEMBL1200494,Guanfacine Hydrochloride,Cl.N=C(N)NC(=O)Cc1c(Cl)cccc1Cl,1986.0
CHEMBL1200495,Hydrocortisone Sodium Succinate,C[C@]12CCC(=O)C=C1CC[C@@H]1[C@@H]2[C@@H](O)C[C@@]2(C)[C@H]1CC[C@]2(O)C(=O)COC(=O)CCC(=O)[O-].[Na+],1955.0
CHEMBL1200496,Calcium,[Ca],1982.0
CHEMBL1200497,Cyclizine Lactate,CC(O)C(=O)O.CN1CCN(C(c2ccccc2)c2ccccc2)CC1,1982.0
CHEMBL1200498,Alatrofloxacin Mesylate,CS(=O)(=O)O.C[C@H](N)C(=O)N[C@@H](C)C(=O)N[C@H]1[C@@H]2CN(c3nc4c(cc3F)c(=O)c(C(=O)O)cn4-c3ccc(F)cc3F)C[C@@H]21,1997.0
CHEMBL1200500,Beclomethasone Dipropionate,CCC(=O)OCC(=O)[C@@]1(OC(=O)CC)[C@@H](C)C[C@H]2[C@@H]3CCC4=CC(=O)C=C[C@]4(C)[C@@]3(Cl)[C@@H](O)C[C@@]21C,1976.0
CHEMBL1200503,Bromocriptine Mesylate,CC(C)C[C@H]1C(=O)N2CCC[C@H]2[C@]2(O)O[C@](NC(=O)[C@@H]3C=C4c5cccc6[nH]c(Br)c(c56)C[C@H]4N(C)C3)(C(C)C)C(=O)N12.CS(=O)(=O)O,1978.0
CHEMBL1200506,Erythromycin Lactobionate,CC[C@H]1OC(=O)[C@H](C)[C@@H](O[C@H]2C[C@@](C)(OC)[C@@H](O)[C@H](C)O2)[C@H](C)[C@@H](O[C@@H]2O[C@H](C)C[C@H](N(C)C)[C@H]2O)[C@](C)(O)C[C@@H](C)C(=O)[C@H](C)[C@@H](O)[C@]1(C)O.O=C(O)[C@H](O)[C@@H](O)[C@H](O[C@@H]1O[C@H](CO)[C@H](O)[C@H](O)[C@H]1O)[C@H](O)CO,1964.0
CHEMBL1200508,Ioxaglate Meglumine,CNC(=O)c1c(I)c(C(=O)NCC(=O)Nc2c(I)c(C(=O)O)c(I)c(C(=O)NCCO)c2I)c(I)c(N(C)C(C)=O)c1I.CNC[C@H](O)[C@@H](O)[C@H](O)[C@H](O)CO,1985.0
CHEMBL1200510,Erythromycin Stearate,CCCCCCCCCCCCCCCCCC(=O)O.CC[C@H]1OC(=O)[C@H](C)[C@@H](O[C@H]2C[C@@](C)(OC)[C@@H](O)[C@H](C)O2)[C@H](C)[C@@H](O[C@@H]2O[C@H](C)C[C@H](N(C)C)[C@H]2O)[C@](C)(O)C[C@@H](C)C(=O)[C@H](C)[C@@H](O)[C@]1(C)O,1964.0
CHEMBL1200514,Demecarium Bromide,CN(CCCCCCCCCCN(C)C(=O)Oc1cccc([N+](C)(C)C)c1)C(=O)Oc1cccc([N+](C)(C)C)c1.[Br-].[Br-],1959.0
CHEMBL1200515,Deserpidine,COC(=O)[C@H]1[C@H]2C[C@@H]3c4[nH]c5ccccc5c4CCN3C[C@H]2C[C@@H](OC(=O)c2cc(OC)c(OC)c(OC)c2)[C@@H]1OC,1957.0
CHEMBL1200517,Dihydroergotamine Mesylate,CN1C[C@H](C(=O)N[C@]2(C)O[C@@]3(O)[C@@H]4CCCN4C(=O)[C@H](Cc4ccccc4)N3C2=O)C[C@@H]2c3cccc4[nH]cc(c34)C[C@H]21.CS(=O)(=O)O,1946.0
CHEMBL1200521,Almotriptan Malate,CN(C)CCc1c[nH]c2ccc(CS(=O)(=O)N3CCCC3)cc12.O=C(O)CC(O)C(=O)O,2001.0
CHEMBL1200522,Avobenzone,COc1ccc(C(=O)CC(=O)c2ccc(C(C)(C)C)cc2)cc1,1992.0
CHEMBL1200523,Cefazolin Sodium,Cc1nnc(SCC2=C(C(=O)[O-])N3C(=O)[C@@H](NC(=O)Cn4cnnn4)[C@H]3SC2)s1.[Na+],1973.0
CHEMBL1200527,Atracurium Besylate,COc1ccc(CC2c3cc(OC)c(OC)cc3CC[N+]2(C)CCC(=O)OCCCCCOC(=O)CC[N+]2(C)CCc3cc(OC)c(OC)cc3C2Cc2ccc(OC)c(OC)c2)cc1OC.O=S(=O)([O-])c1ccccc1.O=S(=O)([O-])c1ccccc1,1983.0
CHEMBL1200530,Cefoxitin Sodium,CO[C@@]1(NC(=O)Cc2cccs2)C(=O)N2C(C(=O)[O-])=C(COC(N)=O)CS[C@@H]21.[Na+],1978.0
CHEMBL1200531,Alfentanil Hydrochloride,CCC(=O)N(c1ccccc1)C1(COC)CCN(CCn2nnn(CC)c2=O)CC1.Cl,1986.0
CHEMBL1200532,Methdilazine Hydrochloride,CN1CCC(CN2c3ccccc3Sc3ccccc32)C1.Cl,1982.0
CHEMBL1200534,Moexipril Hydrochloride,CCOC(=O)[C@H](CCc1ccccc1)N[C@@H](C)C(=O)N1Cc2cc(OC)c(OC)cc2C[C@H]1C(=O)O.Cl,1995.0
CHEMBL1200538,Betamethasone Acetate,CC(=O)OCC(=O)[C@@]1(O)[C@@H](C)C[C@H]2[C@@H]3CCC4=CC(=O)C=C[C@]4(C)[C@@]3(F)[C@@H](O)C[C@@]21C,1965.0
CHEMBL1200539,Calcium Carbonate,O=C([O-])[O-].[Ca+2],2000.0
CHEMBL1200541,Ambenonium Chloride,CC[N+](CC)(CCNC(=O)C(=O)NCC[N+](CC)(CC)Cc1ccccc1Cl)Cc1ccccc1Cl.[Cl-].[Cl-],1956.0
CHEMBL1200542,Desoxycorticosterone Acetate,CC(=O)OCC(=O)[C@H]1CC[C@H]2[C@@H]3CCC4=CC(=O)CC[C@]4(C)[C@H]3CC[C@]12C,1939.0
CHEMBL1200543,Anileridine Phosphate,CCOC(=O)C1(c2ccccc2)CCN(CCc2ccc(N)cc2)CC1.O=P(O)(O)O,1982.0
CHEMBL1200544,Cephalexin,CC1=C(C(=O)O)N2C(=O)[C@@H](NC(=O)[C@H](N)c3ccccc3)[C@H]2SC1.O,1971.0
CHEMBL1200545,Diflorasone Diacetate,CC(=O)OCC(=O)[C@@]1(OC(C)=O)[C@@H](C)C[C@H]2[C@@H]3C[C@H](F)C4=CC(=O)C=C[C@]4(C)[C@@]3(F)[C@@H](O)C[C@@]21C,1977.0
CHEMBL1200549,Rapacuronium Bromide,C=CC[N+]1([C@H]2C[C@H]3[C@@H]4CC[C@H]5C[C@H](OC(C)=O)[C@@H](N6CCCCC6)C[C@]5(C)[C@H]4CC[C@]3(C)[C@H]2OC(=O)CC)CCCCC1.[Br-],1999.0
CHEMBL1200550,Antazoline Phosphate,O=P(O)(O)O.c1ccc(CN(CC2=NCCN2)c2ccccc2)cc1,1994.0
CHEMBL1200559,Lactic Acid,CC(O)C(=O)O,2006.0
CHEMBL1200560,Guanabenz Acetate,CC(=O)O.N=C(N)N/N=C/c1c(Cl)cccc1Cl,1982.0
CHEMBL1200561,Doxazosin Mesylate,COc1cc2nc(N3CCN(C(=O)C4COc5ccccc5O4)CC3)nc(N)c2cc1OC.CS(=O)(=O)O,1990.0
CHEMBL1200562,Hydrocortisone Valerate,CCCCC(=O)O[C@]1(C(=O)CO)CC[C@H]2[C@@H]3CCC4=CC(=O)CC[C@]4(C)[C@H]3[C@@H](O)C[C@@]21C,1978.0
CHEMBL1200563,Cerivastatin Sodium,COCc1c(C(C)C)nc(C(C)C)c(/C=C/[C@@H](O)C[C@@H](O)CC(=O)[O-])c1-c1ccc(F)cc1.[Na+],1997.0
CHEMBL1200569,Caffeine Citrate,Cn1c(=O)c2c(ncn2C)n(C)c1=O.O=C(O)CC(O)(CC(=O)O)C(=O)O,1999.0
CHEMBL1200570,Meglumine,CNC[C@H](O)[C@@H](O)[C@H](O)[C@H](O)CO,1982.0
CHEMBL1200572,Magnesium Oxide,O=[Mg],1982.0
CHEMBL1200574,Sodium Chloride,[Cl-].[Na+],1982.0
CHEMBL1200577,Cysteamine Bitartrate,NCCS.O=C(O)[C@H](O)[C@@H](O)C(=O)O,1994.0
CHEMBL1200578,Theophylline Sodium Glycinate,Cn1c(=O)c2[nH]cnc2n(C)c1=O.NCC(=O)[O-].[Na+],1982.0
CHEMBL1200580,Sulfoxone Sodium,O=S([O-])CNc1ccc(S(=O)(=O)c2ccc(NCS(=O)[O-])cc2)cc1.[Na+].[Na+],1982.0
CHEMBL1200581,Diatrizoate Sodium,CC(=O)Nc1c(I)c(NC(C)=O)c(I)c(C(=O)[O-])c1I.[Na+],1954.0
CHEMBL1200582,Aminolevulinic Acid Hydrochloride,Cl.NCC(=O)CCC(=O)O,1999.0
CHEMBL1200584,Aminosalicylate Potassium,Nc1ccc(C(=O)[O-])c(O)c1.[K+],1955.0
CHEMBL1200585,Oxymetholone,C[C@]12C/C(=C/O)C(=O)C[C@@H]1CC[C@@H]1[C@@H]2CC[C@@]2(C)[C@H]1CC[C@]2(C)O,1972.0
CHEMBL1200586,Prilocaine Hydrochloride,CCCNC(C)C(=O)Nc1ccccc1C.Cl,1965.0
CHEMBL1200588,Clindamycin Hydrochloride,CCC[C@@H]1C[C@@H](C(=O)N[C@@H]([C@H]2O[C@H](SC)[C@H](O)[C@@H](O)[C@H]2O)[C@H](C)Cl)N(C)C1.Cl,1970.0
CHEMBL1200592,Desoxycorticosterone Pivalate,CC(C)(C)C(=O)OCC(=O)[C@H]1CC[C@H]2[C@@H]3CCC4=CC(=O)CC[C@]4(C)[C@H]3CC[C@]12C,1982.0
CHEMBL1200595,Chlorphentermine Hydrochloride,CC(C)(N)Cc1ccc(Cl)cc1.Cl,
CHEMBL1200596,Chloroxine,Oc1c(Cl)cc(Cl)c2cccnc12,1976.0
CHEMBL1200597,Etidocaine Hydrochloride,CCCN(CC)C(CC)C(=O)Nc1c(C)cccc1C.Cl,1976.0
CHEMBL1200598,Diethylstilbestrol Diphosphate,CC/C(=C(/CC)c1ccc(OP(=O)(O)O)cc1)c1ccc(OP(=O)(O)O)cc1,1982.0
CHEMBL1200599,Difenoxin Hydrochloride,Cl.N#CC(CCN1CCC(C(=O)O)(c2ccccc2)CC1)(c1ccccc1)c1ccccc1,1978.0
CHEMBL1200600,Fluorometholone,CC(=O)[C@@]1(O)CC[C@H]2[C@@H]3C[C@H](C)C4=CC(=O)C=C[C@]4(C)[C@@]3(F)[C@@H](O)C[C@@]21C,1972.0
CHEMBL1200601,Naratriptan Hydrochloride,CNS(=O)(=O)CCc1ccc2[nH]cc(C3CCN(C)CC3)c2c1.Cl,1998.0
CHEMBL1200604,Tropicamide,CCN(Cc1ccncc1)C(=O)C(CO)c1ccccc1,1960.0
CHEMBL1200606,Mexiletine Hydrochloride,Cc1cccc(C)c1OCC(C)N.Cl,1985.0
CHEMBL1200607,Perflexane,FC(F)(F)C(F)(F)C(F)(F)C(F)(F)C(F)(F)C(F)(F)F,2002.0
CHEMBL1200609,Paroxetine Mesylate,CS(=O)(=O)O.Fc1ccc([C@@H]2CCNC[C@H]2COc2ccc3c(c2)OCO3)cc1,2003.0
CHEMBL1200610,Loracarbef,N[C@@H](C(=O)N[C@@H]1C(=O)N2C(C(=O)O)=C(Cl)CC[C@H]12)c1ccccc1.O,1991.0
CHEMBL1200612,Dibucaine Hydrochloride,CCCCOc1cc(C(=O)NCCN(CC)CC)c2ccccc2n1.Cl,1982.0
CHEMBL1200613,Tolmetin Sodium,Cc1ccc(C(=O)c2ccc(CC(=O)[O-])n2C)cc1.[Na+],1976.0
CHEMBL1200614,Ioversol,O=C(NCC(O)CO)c1c(I)c(C(=O)NCC(O)CO)c(I)c(N(CCO)C(=O)CO)c1I,1988.0
CHEMBL1200616,Chlorothiazide Sodium,NS(=O)(=O)c1cc2c(cc1Cl)N=C[N-]S2(=O)=O.[Na+],1958.0
CHEMBL1200617,Rimexolone,CCC(=O)[C@@]1(C)[C@H](C)C[C@H]2[C@@H]3CCC4=CC(=O)C=C[C@]4(C)[C@H]3[C@@H](O)C[C@@]21C,1994.0
CHEMBL1200618,Fexofenadine Hydrochloride,CC(C)(C(=O)O)c1ccc(C(O)CCCN2CCC(C(O)(c3ccccc3)c3ccccc3)CC2)cc1.Cl,1996.0
CHEMBL1200621,Gemifloxacin Mesylate,CO/N=C1\CN(c2nc3c(cc2F)c(=O)c(C(=O)O)cn3C2CC2)CC1CN.CS(=O)(=O)O,2003.0
CHEMBL1200622,Paricalcitol,C[C@H](/C=C/[C@H](C)C(C)(C)O)[C@H]1CC[C@H]2/C(=C/C=C3C[C@@H](O)C[C@H](O)C3)CCC[C@]12C,1998.0
CHEMBL1200623,Ethylestrenol,CC[C@]1(O)CC[C@H]2[C@@H]3CCC4=CCCC[C@@H]4[C@H]3CC[C@@]21C,1964.0
CHEMBL1200624,Ethynodiol Diacetate,C#C[C@]1(OC(C)=O)CC[C@H]2[C@@H]3CCC4=C[C@@H](OC(C)=O)CC[C@@H]4[C@H]3CC[C@@]21C,1966.0
CHEMBL1200625,Strontium Chloride Sr 89,[89Sr+2].[Cl-].[Cl-],1993.0
CHEMBL1200627,Propiolactone,O=C1CCO1,1982.0
CHEMBL1200628,Vancomycin Hydrochloride,CN[C@H](CC(C)C)C(=O)N[C@H]1C(=O)N[C@@H](CC(N)=O)C(=O)N[C@H]2C(=O)N[C@H]3C(=O)N[C@H](C(=O)N[C@H](C(=O)O)c4cc(O)cc(O)c4-c4cc3ccc4O)[C@H](O)c3ccc(c(Cl)c3)Oc3cc2cc(c3O[C@@H]2O[C@H](CO)[C@@H](O)[C@H](O)[C@H]2O[C@H]2C[C@](C)(N)[C@H](O)[C@H](C)O2)Oc2ccc(cc2Cl)[C@H]1O.Cl,1964.0
CHEMBL1200629,Vecuronium Bromide,CC(=O)O[C@H]1C[C@@H]2CC[C@@H]3[C@H](CC[C@@]4(C)[C@H]3C[C@H]([N+]3(C)CCCCC3)[C@@H]4OC(C)=O)[C@@]2(C)C[C@@H]1N1CCCCC1.[Br-],1984.0
CHEMBL1200630,Cysteine Hydrochloride,Cl.N[C@@H](CS)C(=O)O,1986.0
CHEMBL1200632,Clindamycin Palmitate Hydrochloride,CCCCCCCCCCCCCCCC(=O)O[C@@H]1[C@@H](O)[C@@H](O)[C@@H]([C@H](NC(=O)[C@@H]2C[C@@H](CCC)CN2C)[C@H](C)Cl)O[C@@H]1SC.Cl,1982.0
CHEMBL1200635,Hydrocortamate Hydrochloride,CCN(CC)CC(=O)OCC(=O)[C@@]1(O)CC[C@H]2[C@@H]3CCC4=CC(=O)CC[C@]4(C)[C@H]3[C@@H](O)C[C@@]21C.Cl,1956.0
CHEMBL1200636,Cyclobenzaprine Hydrochloride,CN(C)CCC=C1c2ccccc2C=Cc2ccccc21.Cl,1977.0
CHEMBL1200638,Dexbrompheniramine Maleate,CN(C)CC[C@@H](c1ccc(Br)cc1)c1ccccn1.O=C(O)/C=C\C(=O)O,1963.0
CHEMBL1200641,Cisatracurium Besylate,COc1ccc(C[C@@H]2c3cc(OC)c(OC)cc3CC[N@+]2(C)CCC(=O)OCCCCCOC(=O)CC[N@@+]2(C)CCc3cc(OC)c(OC)cc3[C@H]2Cc2ccc(OC)c(OC)c2)cc1OC.O=S(=O)([O-])c1ccccc1.O=S(=O)([O-])c1ccccc1,1995.0
CHEMBL1200645,Etoposide Phosphate,COc1cc([C@@H]2c3cc4c(cc3[C@@H](O[C@@H]3O[C@@H]5CO[C@@H](C)O[C@H]5[C@H](O)[C@H]3O)[C@H]3COC(=O)[C@H]23)OCO4)cc(OC)c1OP(=O)(O)O,1996.0
CHEMBL1200648,Rocuronium Bromide,C=CC[N+]1([C@H]2C[C@H]3[C@@H]4CC[C@H]5C[C@H](O)[C@@H](N6CCOCC6)C[C@]5(C)[C@H]4CC[C@]3(C)[C@H]2OC(C)=O)CCCC1.[Br-],1994.0
CHEMBL1200649,Quinupristin,CC[C@H]1NC(=O)[C@@H](NC(=O)c2ncccc2O)[C@@H](C)OC(=O)[C@H](c2ccccc2)NC(=O)[C@@H]2CC(=O)[C@H](CS[C@@H]3CN4CCC3CC4)CN2C(=O)[C@H](Cc2ccc(N(C)C)cc2)N(C)C(=O)[C@@H]2CCCN2C1=O,1999.0
CHEMBL1200654,Benoxinate Hydrochloride,CCCCOc1cc(C(=O)OCCN(CC)CC)ccc1N.Cl,1982.0
CHEMBL1200656,Natamycin,C[C@@H]1C/C=C/C=C/C=C/C=C/[C@H](O[C@@H]2O[C@H](C)[C@@H](O)[C@H](N)[C@@H]2O)C[C@@H]2O[C@](O)(C[C@@H](O)C[C@H]3O[C@@H]3/C=C/C(=O)O1)C[C@H](O)[C@H]2C(=O)O,1978.0
CHEMBL1200659,Enalapril Maleate,CCOC(=O)[C@H](CCc1ccccc1)N[C@@H](C)C(=O)N1CCC[C@H]1C(=O)O.O=C(O)/C=C\C(=O)O,1985.0
CHEMBL1200660,Isosorbide,O[C@@H]1CO[C@H]2[C@@H]1OC[C@@H]2O,1974.0
CHEMBL1200661,Unoprostone Isopropyl,CCCCCCCC(=O)CC[C@@H]1[C@@H](C/C=C\CCCC(=O)OC(C)C)[C@@H](O)C[C@H]1O,2000.0
CHEMBL1200664,Potassium Lactate,CC(O)C(=O)[O-].[K+],1986.0
CHEMBL1200665,Diphenoxylate Hydrochloride,CCOC(=O)C1(c2ccccc2)CCN(CCC(C#N)(c2ccccc2)c2ccccc2)CC1.Cl,1960.0
CHEMBL1200666,Calcipotriene,C=C1/C(=C\C=C2/CCC[C@]3(C)[C@@H]([C@H](C)/C=C/[C@@H](O)C4CC4)CC[C@@H]23)C[C@@H](O)C[C@@H]1O,1993.0
CHEMBL1200668,Calcium Chloride,[Ca+2].[Cl-].[Cl-],1982.0
CHEMBL1200672,Cefpiramide Sodium,Cc1cc(O)c(C(=O)N[C@@H](C(=O)N[C@@H]2C(=O)N3C(C(=O)[O-])=C(CSc4nnnn4C)CS[C@H]23)c2ccc(O)cc2)cn1.[Na+],1989.0
CHEMBL1200673,Xenon Xe 127,[127Xe],1982.0
CHEMBL1200675,Toremifene Citrate,CN(C)CCOc1ccc(/C(=C(/CCCl)c2ccccc2)c2ccccc2)cc1.O=C(O)CC(O)(CC(=O)O)C(=O)O,1996.0
CHEMBL1200678,Atazanavir Sulfate,COC(=O)N[C@H](C(=O)N[C@@H](Cc1ccccc1)[C@@H](O)CN(Cc1ccc(-c2ccccn2)cc1)NC(=O)[C@@H](NC(=O)OC)C(C)(C)C)C(C)(C)C.O=S(=O)(O)O,2003.0
CHEMBL1200679,Zinc Chloride,[Cl-].[Cl-].[Zn+2],1986.0
CHEMBL1200680,Selenium Sulfide,S=[Se]=S,1951.0
CHEMBL1200681,Montelukast Sodium,CC(C)(O)c1ccccc1CC[C@@H](SCC1(CC(=O)[O-])CC1)c1cccc(/C=C/c2ccc3ccc(Cl)cc3n2)c1.[Na+],1998.0
CHEMBL1200682,Sodium Oxybate,O=C([O-])CCCO.[Na+],2002.0
CHEMBL1200685,Xenon Xe 133,[133Xe],1982.0
CHEMBL1200686,Pimecrolimus,CC[C@@H]1/C=C(\C)C[C@H](C)C[C@H](OC)[C@H]2O[C@@](O)(C(=O)C(=O)N3CCCC[C@H]3C(=O)O[C@H](/C(C)=C/[C@@H]3CC[C@H](Cl)[C@H](OC)C3)[C@H](C)[C@@H](O)CC1=O)[C@H](C)C[C@@H]2OC,2001.0
CHEMBL1200688,Erythromycin Ethylsuccinate,CCOC(=O)CCC(=O)O[C@H]1[C@H](O[C@@H]2[C@@H](C)[C@H](O[C@H]3C[C@@](C)(OC)[C@@H](O)[C@H](C)O3)[C@@H](C)C(=O)O[C@H](CC)[C@@](C)(O)[C@H](O)[C@@H](C)C(=O)[C@H](C)C[C@@]2(C)O)O[C@H](C)C[C@@H]1N(C)C,1965.0
CHEMBL1200689,Nitric Oxide,[N]=O,1999.0
CHEMBL1200691,Magnesium Acetate,CC(=O)[O-].CC(=O)[O-].[Mg+2],1982.0
CHEMBL1200692,Olmesartan Medoxomil,CCCc1nc(C(C)(C)O)c(C(=O)OCc2oc(=O)oc2C)n1Cc1ccc(-c2ccccc2-c2nnn[nH]2)cc1,2002.0
CHEMBL1200694,Sevoflurane,FCOC(C(F)(F)F)C(F)(F)F,1995.0
CHEMBL1200695,Phenylpropanolamine Hydrochloride,CC(N)C(O)c1ccccc1.Cl,1958.0
CHEMBL1200696,Potassium Perchlorate,[K+].[O-][Cl+3]([O-])([O-])[O-],1974.0
CHEMBL1200699,Doxycycline,C[C@H]1c2cccc(O)c2C(=O)C2=C(O)[C@]3(O)C(=O)C(C(N)=O)=C(O)[C@@H](N(C)C)[C@@H]3[C@@H](O)[C@@H]21.O,1967.0
CHEMBL1200701,Dicloxacillin Sodium,Cc1onc(-c2c(Cl)cccc2Cl)c1C(=O)N[C@@H]1C(=O)N2[C@@H]1SC(C)(C)[C@@H]2C(=O)[O-].O.[Na+],1968.0
CHEMBL1200703,Chlordiazepoxide Hydrochloride,CNC1=Nc2ccc(Cl)cc2C(c2ccccc2)=[N+]([O-])C1.Cl,1960.0
CHEMBL1200705,Hydroxyamphetamine Hydrobromide,Br.CC(N)Cc1ccc(O)cc1,1969.0
CHEMBL1200706,Aluminum Hydroxide,O[Al](O)O,1983.0
CHEMBL1200707,Benzquinamide Hydrochloride,CCN(CC)C(=O)C1CN2CCc3cc(OC)c(OC)cc3C2CC1OC(C)=O.Cl,1974.0
CHEMBL1200710,Clomipramine Hydrochloride,CN(C)CCCN1c2ccccc2CCc2ccc(Cl)cc21.Cl,1989.0
CHEMBL1200711,Omega-3-Acid Ethyl Esters,CC/C=C\C/C=C\C/C=C\C/C=C\C/C=C\C/C=C\CCC(=O)OCC.CC/C=C\C/C=C\C/C=C\C/C=C\C/C=C\CCCC(=O)OCC,2004.0
CHEMBL1200712,Evans Blue,Cc1cc(-c2ccc(/N=N/c3ccc4c(S(=O)(=O)[O-])cc(S(=O)(=O)[O-])c(N)c4c3O)c(C)c2)ccc1/N=N/c1ccc2c(S(=O)(=O)[O-])cc(S(=O)(=O)[O-])c(N)c2c1O.[Na+].[Na+].[Na+].[Na+],1982.0
CHEMBL1200714,Chlormezanone,CN1C(=O)CCS(=O)(=O)C1c1ccc(Cl)cc1,1960.0
CHEMBL1200715,Hexylcaine Hydrochloride,CC(CNC1CCCCC1)OC(=O)c1ccccc1.Cl,1982.0
CHEMBL1200718,Magnesium Hydroxide,[Mg+2].[OH-].[OH-],2000.0
CHEMBL1200721,Estramustine Phosphate Sodium,C[C@]12CC[C@@H]3c4ccc(OC(=O)N(CCCl)CCCl)cc4CC[C@H]3[C@@H]1CC[C@@H]2OP(=O)([O-])[O-].[Na+].[Na+],1981.0
CHEMBL1200722,Pipecuronium Bromide,CC(=O)O[C@H]1C[C@@H]2CC[C@@H]3[C@H](CC[C@@]4(C)[C@H]3C[C@H](N3CC[N+](C)(C)CC3)[C@@H]4OC(C)=O)[C@@]2(C)C[C@@H]1N1CC[N+](C)(C)CC1.[Br-].[Br-],1990.0
CHEMBL1200724,Pseudoephedrine Hydrochloride,CN[C@@H](C)[C@@H](O)c1ccccc1.Cl,1975.0
CHEMBL1200725,Sertaconazole Nitrate,Clc1ccc(C(Cn2ccnc2)OCc2csc3c(Cl)cccc23)c(Cl)c1.O=[N+]([O-])O,2003.0
CHEMBL1200727,Rubidium Chloride Rb 82,[82Rb+].[Cl-],1989.0
CHEMBL1200728,Guanidine Hydrochloride,Cl.N=C(N)N,1939.0
CHEMBL1200729,Chloramphenicol Sodium Succinate,O=C([O-])CCC(=O)OC[C@@H](NC(=O)C(Cl)Cl)[C@H](O)c1ccc([N+](=O)[O-])cc1.[Na+],1959.0
CHEMBL1200731,Potassium Chloride,[Cl-].[K+],1982.0
CHEMBL1200732,Amcinonide,CC(=O)OCC(=O)[C@@]12OC3(CCCC3)O[C@@H]1C[C@H]1[C@@H]3CCC4=CC(=O)C=C[C@]4(C)[C@@]3(F)[C@@H](O)C[C@@]12C,1979.0
CHEMBL1200733,Desflurane,FC(F)OC(F)C(F)(F)F,1992.0
CHEMBL1200734,Fosamprenavir Calcium,CC(C)CN(C[C@@H](OP(=O)([O-])[O-])[C@H](Cc1ccccc1)NC(=O)O[C@H]1CCOC1)S(=O)(=O)c1ccc(N)cc1.[Ca+2],2003.0
CHEMBL1200735,Moxifloxacin Hydrochloride,COc1c(N2C[C@@H]3CCCN[C@@H]3C2)c(F)cc2c(=O)c(C(=O)O)cn(C3CC3)c12.Cl,1999.0
CHEMBL1200736,Magnesium Carbonate,O=C([O-])[O-].[Mg+2],1990.0
CHEMBL1200737,Colfosceril Palmitate,CCCCCCCCCCCCCCCC(=O)OC[C@H](COP(=O)([O-])OCC[N+](C)(C)C)OC(=O)CCCCCCCCCCCCCCC,1990.0
CHEMBL1200743,Ioxaglate Sodium,CNC(=O)c1c(I)c(C(=O)NCC(=O)Nc2c(I)c(C(=O)[O-])c(I)c(C(=O)NCCO)c2I)c(I)c(N(C)C(C)=O)c1I.[Na+],1985.0
CHEMBL1200744,Sodium Fluoride F 18,[18F-].[Na+],1972.0
CHEMBL1200745,Oxprenolol Hydrochloride,C=CCOc1ccccc1OCC(O)CNC(C)C.Cl,1983.0
CHEMBL1200747,Ammonium Lactate,CC(O)C(=O)O.N,1985.0
CHEMBL1200748,Carbidopa,C[C@@](Cc1ccc(O)c(O)c1)(NN)C(=O)O.O,1975.0
CHEMBL1200749,Levobupivacaine Hydrochloride,CCCCN1CCCC[C@H]1C(=O)Nc1c(C)cccc1C.Cl,1999.0
CHEMBL1200750,Promethazine Hydrochloride,CC(CN1c2ccccc2Sc2ccccc21)N(C)C.Cl,1951.0
CHEMBL1200751,Mercaptopurine,O.S=c1[nH]cnc2nc[nH]c12,1953.0
CHEMBL1200756,Pyridoxine Hydrochloride,Cc1ncc(CO)c(CO)c1O.Cl,1982.0
CHEMBL1200757,Pancuronium Bromide,CC(=O)O[C@H]1C[C@@H]2CC[C@@H]3[C@H](CC[C@@]4(C)[C@H]3C[C@H]([N+]3(C)CCCCC3)[C@@H]4OC(C)=O)[C@@]2(C)C[C@@H]1[N+]1(C)CCCCC1.[Br-].[Br-],1972.0
CHEMBL1200758,Ampicillin Sodium,CC1(C)S[C@@H]2[C@H](NC(=O)[C@H](N)c3ccccc3)C(=O)N2[C@H]1C(=O)[O-].[Na+],1971.0
CHEMBL1200759,Anagrelide Hydrochloride,Cl.O=C1CN2Cc3c(ccc(Cl)c3Cl)N=C2N1,1997.0
CHEMBL1200760,Balsalazide Disodium,O=C([O-])CCNC(=O)c1ccc(/N=N/c2ccc(O)c(C(=O)[O-])c2)cc1.[Na+].[Na+],2000.0
CHEMBL1200761,Chlorotrianisene,COc1ccc(C(Cl)=C(c2ccc(OC)cc2)c2ccc(OC)cc2)cc1,1982.0
CHEMBL1200762,Betamethasone Sodium Phosphate,C[C@H]1C[C@H]2[C@@H]3CCC4=CC(=O)C=C[C@]4(C)[C@@]3(F)[C@@H](O)C[C@]2(C)[C@@]1(O)C(=O)COP(=O)([O-])[O-].[Na+].[Na+],1965.0
CHEMBL1200763,Iodohippurate Sodium I 131,O=C([O-])CNC(=O)c1ccccc1[131I].[Na+],1982.0
CHEMBL1200764,Methacholine Chloride,CC(=O)OC(C)C[N+](C)(C)C.[Cl-],1986.0
CHEMBL1200768,Ceftazidime Sodium,CC(C)(O/N=C(\C(=O)N[C@@H]1C(=O)N2C(C(=O)[O-])=C(C[n+]3ccccc3)CS[C@H]12)c1csc(N)n1)C(=O)[O-].[Na+],1989.0
CHEMBL1200769,Tripelennamine Citrate,CN(C)CCN(Cc1ccccc1)c1ccccn1.O=C(O)CC(O)(CC(=O)O)C(=O)O,1948.0
CHEMBL1200770,Iocetamic Acid,CC(=O)N(CC(C)C(=O)O)c1c(I)cc(I)c(N)c1I,1982.0
CHEMBL1200771,Tridihexethyl Chloride,CC[N+](CC)(CC)CCC(O)(c1ccccc1)C1CCCCC1.[Cl-],1954.0
CHEMBL1200772,Warfarin Potassium,CC(=O)CC(c1ccccc1)c1c([O-])c2ccccc2oc1=O.[K+],1982.0
CHEMBL1200773,Tocainide Hydrochloride,Cc1cccc(C)c1NC(=O)C(C)N.Cl,1984.0
CHEMBL1200774,Fluprednisolone,C[C@]12C=CC(=O)C=C1[C@@H](F)C[C@@H]1[C@@H]2[C@@H](O)C[C@@]2(C)[C@H]1CC[C@]2(O)C(=O)CO,1982.0
CHEMBL1200776,Cinacalcet Hydrochloride,C[C@@H](NCCCc1cccc(C(F)(F)F)c1)c1cccc2ccccc12.Cl,2004.0
CHEMBL1200778,Dexrazoxane Hydrochloride,C[C@@H](CN1CC(=O)NC(=O)C1)N1CC(=O)NC(=O)C1.Cl,1995.0
CHEMBL1200779,Trovafloxacin Mesylate,CS(=O)(=O)O.N[C@@H]1[C@H]2CN(c3nc4c(cc3F)c(=O)c(C(=O)O)cn4-c3ccc(F)cc3F)C[C@@H]12,1997.0
CHEMBL1200781,Citalopram Hydrobromide,Br.CN(C)CCCC1(c2ccc(F)cc2)OCc2cc(C#N)ccc21,1998.0
CHEMBL1200782,Dextroamphetamine Adipate,C[C@H](N)Cc1ccccc1.O=C(O)CCCCC(=O)O,1975.0
CHEMBL1200787,Phenoxybenzamine Hydrochloride,CC(COc1ccccc1)N(CCCl)Cc1ccccc1.Cl,1953.0
CHEMBL1200788,Cisapride Monohydrate,COc1cc(N)c(Cl)cc1C(=O)NC1CCN(CCCOc2ccc(F)cc2)CC1OC.O,1993.0
CHEMBL1200789,Triclofos Sodium,O=P([O-])(O)OCC(Cl)(Cl)Cl.[Na+],1982.0
CHEMBL1200790,Methyprylon,CCC1(CC)C(=O)NCC(C)C1=O,1982.0
CHEMBL1200791,Oxymetazoline Hydrochloride,Cc1cc(C(C)(C)C)c(O)c(C)c1CC1=NCCN1.Cl,1986.0
CHEMBL1200794,Oxymorphone Hydrochloride,CN1CC[C@]23c4c5ccc(O)c4O[C@H]2C(=O)CC[C@@]3(O)[C@H]1C5.Cl,1959.0
CHEMBL1200795,Clemastine Fumarate,CN1CCC[C@@H]1CCO[C@](C)(c1ccccc1)c1ccc(Cl)cc1.O=C(O)/C=C/C(=O)O,1977.0
CHEMBL1200796,Cyclophosphamide,O.O=P1(N(CCCl)CCCl)NCCCO1,1959.0
CHEMBL1200798,Trazodone Hydrochloride,Cl.O=c1n(CCCN2CCN(c3cccc(Cl)c3)CC2)nc2ccccn12,1981.0
CHEMBL1200799,Travoprost,CC(C)OC(=O)CCC/C=C\C[C@@H]1[C@@H](/C=C/[C@@H](O)COc2cccc(C(F)(F)F)c2)[C@H](O)C[C@@H]1O,2001.0
CHEMBL1200800,Calcium Acetate,CC(=O)[O-].CC(=O)[O-].[Ca+2],1982.0
CHEMBL1200802,Talbutal,C=CCC1(C(C)CC)C(=O)NC(=O)NC1=O,1982.0
CHEMBL1200803,Solifenacin Succinate,O=C(O)CCC(=O)O.O=C(O[C@H]1CN2CCC1CC2)N1CCc2ccccc2[C@@H]1c1ccccc1,2004.0
CHEMBL1200804,Diclofenac Potassium,O=C([O-])Cc1ccccc1Nc1c(Cl)cccc1Cl.[K+],1993.0
CHEMBL1200805,Diltiazem Malate,COc1ccc([C@@H]2Sc3ccccc3N(CCN(C)C)C(=O)[C@@H]2OC(C)=O)cc1.O=C(O)CC(O)C(=O)O,1996.0
CHEMBL1200806,Naproxen Sodium,COc1ccc2cc([C@H](C)C(=O)[O-])ccc2c1.[Na+],1980.0
CHEMBL1200807,Norelgestromin,C#C[C@]1(O)CC[C@H]2[C@@H]3CCC4=C/C(=N/O)CC[C@@H]4[C@H]3CC[C@@]21CC,2001.0
CHEMBL1200809,Azelastine Hydrochloride,CN1CCCC(n2nc(Cc3ccc(Cl)cc3)c3ccccc3c2=O)CC1.Cl,1996.0
CHEMBL1200810,Doxercalciferol,C=C1/C(=C\C=C2/CCC[C@]3(C)[C@@H]([C@H](C)/C=C/[C@H](C)C(C)C)CC[C@@H]23)C[C@@H](O)C[C@@H]1O,1999.0
CHEMBL1200813,Acebutolol Hydrochloride,CCCC(=O)Nc1ccc(OCC(O)CNC(C)C)c(C(C)=O)c1.Cl,1984.0
CHEMBL1200814,Acetazolamide Sodium,CC(=O)Nc1nnc(S([NH-])(=O)=O)s1.[Na+],1982.0
CHEMBL1200817,Levomethadyl Acetate Hydrochloride,CC[C@H](OC(C)=O)C(C[C@H](C)N(C)C)(c1ccccc1)c1ccccc1.Cl,1993.0
CHEMBL1200819,Articaine Hydrochloride,CCCNC(C)C(=O)Nc1c(C)csc1C(=O)OC.Cl,2000.0
CHEMBL1200820,Piperacillin Sodium,CCN1CCN(C(=O)N[C@@H](C(=O)N[C@@H]2C(=O)N3[C@@H]2SC(C)(C)[C@@H]3C(=O)[O-])c2ccccc2)C(=O)C1=O.[Na+],1981.0
CHEMBL1200821,Propyliodone,CCCOC(=O)Cn1cc(I)c(=O)c(I)c1,1982.0
CHEMBL1200822,Flecainide Acetate,CC(=O)O.O=C(NCC1CCCCN1)c1cc(OCC(F)(F)F)ccc1OCC(F)(F)F,1985.0
CHEMBL1200825,Methadone Hydrochloride,CCC(=O)C(CC(C)N(C)C)(c1ccccc1)c1ccccc1.Cl,1947.0
CHEMBL1200826,Lithium Carbonate,O=C([O-])[O-].[Li+].[Li+],1970.0
CHEMBL1200828,Cycrimine Hydrochloride,Cl.OC(CCN1CCCCC1)(c1ccccc1)C1CCCC1,1982.0
CHEMBL1200829,Gluconolactone,O=C1O[C@H](CO)[C@@H](O)[C@H](O)[C@H]1O,1990.0
CHEMBL1200831,Spirapril Hydrochloride,CCOC(=O)[C@H](CCc1ccccc1)N[C@@H](C)C(=O)N1CC2(C[C@H]1C(=O)O)SCCS2.Cl,1994.0
CHEMBL1200832,Terbinafine Hydrochloride,CN(C/C=C/C#CC(C)(C)C)Cc1cccc2ccccc12.Cl,1992.0
CHEMBL1200833,Dipivefrin Hydrochloride,CNCC(O)c1ccc(OC(=O)C(C)(C)C)c(OC(=O)C(C)(C)C)c1.Cl,1980.0
CHEMBL1200836,Oxiconazole Nitrate,Clc1ccc(CO/N=C(\Cn2ccnc2)c2ccc(Cl)cc2Cl)c(Cl)c1.O=[N+]([O-])O,1988.0
CHEMBL1200837,Levobetaxolol Hydrochloride,CC(C)NC[C@H](O)COc1ccc(CCOCC2CC2)cc1.Cl,2000.0
CHEMBL1200839,Diatrizoate Meglumine,CC(=O)Nc1c(I)c(NC(C)=O)c(I)c(C(=O)O)c1I.CNC[C@H](O)[C@@H](O)[C@H](O)[C@H](O)CO,1982.0
CHEMBL1200841,Procaine Hydrochloride,CCN(CC)CCOC(=O)c1ccc(N)cc1.Cl,1954.0
CHEMBL1200843,Methylergonovine Maleate,CC[C@@H](CO)NC(=O)[C@@H]1C=C2c3cccc4[nH]cc(c34)C[C@H]2N(C)C1.O=C(O)/C=C\C(=O)O,1946.0
CHEMBL1200845,Halcinonide,CC1(C)O[C@@H]2C[C@H]3[C@@H]4CCC5=CC(=O)CC[C@]5(C)[C@@]4(F)[C@@H](O)C[C@]3(C)[C@]2(C(=O)CCl)O1,1974.0
CHEMBL1200848,Hydroxyprogesterone Caproate,CCCCCC(=O)O[C@]1(C(C)=O)CC[C@H]2[C@@H]3CCC4=CC(=O)CC[C@]4(C)[C@H]3CC[C@@]21C,1975.0
CHEMBL1200850,Ganciclovir Sodium,Nc1nc([O-])c2ncn(COC(CO)CO)c2n1.[Na+],1989.0
CHEMBL1200851,Homatropine Methylbromide,C[N+]1(C)[C@@H]2CC[C@H]1C[C@@H](OC(=O)C(O)c1ccccc1)C2.[Br-],1943.0
CHEMBL1200852,Penicillin V Potassium,CC1(C)S[C@@H]2[C@H](NC(=O)COc3ccccc3)C(=O)N2[C@H]1C(=O)[O-].[K+],1958.0
CHEMBL1200853,Dydrogesterone,CC(=O)[C@H]1CC[C@H]2[C@@H]3C=CC4=CC(=O)CC[C@@]4(C)[C@@H]3CC[C@]12C,1982.0
CHEMBL1200854,Fluphenazine Decanoate,CCCCCCCCCC(=O)OCCN1CCN(CCCN2c3ccccc3Sc3ccc(C(F)(F)F)cc32)CC1,1972.0
CHEMBL1200855,Ticarcillin Disodium,CC1(C)S[C@@H]2[C@H](NC(=O)[C@H](C(=O)[O-])c3ccsc3)C(=O)N2[C@H]1C(=O)[O-].[Na+].[Na+],1976.0
CHEMBL1200859,Isosulfan Blue,CCN(CC)c1ccc(C(=C2C=CC(=[N+](CC)CC)C=C2)c2cc(S(=O)(=O)[O-])ccc2S(=O)(=O)[O-])cc1.[Na+],1981.0
CHEMBL1200862,Metyrosine,C[C@](N)(Cc1ccc(O)cc1)C(=O)O,1979.0
CHEMBL1200863,Melphalan Hydrochloride,Cl.N[C@@H](Cc1ccc(N(CCCl)CCCl)cc1)C(=O)O,1992.0
CHEMBL1200865,Loteprednol Etabonate,CCOC(=O)O[C@]1(C(=O)OCCl)CC[C@H]2[C@@H]3CCC4=CC(=O)C=C[C@]4(C)[C@H]3[C@@H](O)C[C@@]21C,1998.0
CHEMBL1200866,Perflubron,FC(F)(F)C(F)(F)C(F)(F)C(F)(F)C(F)(F)C(F)(F)C(F)(F)C(F)(F)Br,1993.0
CHEMBL1200868,Phenyl Aminosalicylate,Nc1ccc(C(=O)Oc2ccccc2)c(O)c1,1982.0
CHEMBL1200869,Metronidazole Hydrochloride,Cc1ncc([N+](=O)[O-])n1CCO.Cl,1980.0
CHEMBL1200870,Timolol Maleate,CC(C)(C)NC[C@H](O)COc1nsnc1N1CCOCC1.O=C(O)/C=C\C(=O)O,1978.0
CHEMBL1200873,Phentolamine Mesylate,CS(=O)(=O)O.Cc1ccc(N(CC2=NCCN2)c2cccc(O)c2)cc1,1952.0
CHEMBL1200874,Tolbutamide Sodium,CCCCNC(=O)[N-]S(=O)(=O)c1ccc(C)cc1.[Na+],1961.0
CHEMBL1200875,Flavoxate Hydrochloride,Cc1c(-c2ccccc2)oc2c(C(=O)OCCN3CCCCC3)cccc2c1=O.Cl,1970.0
CHEMBL1200877,Flumethasone Pivalate,C[C@@H]1C[C@H]2[C@@H]3C[C@H](F)C4=CC(=O)C=C[C@]4(C)[C@@]3(F)[C@@H](O)C[C@]2(C)[C@@]1(O)C(=O)COC(=O)C(C)(C)C,1982.0
CHEMBL1200878,Triamcinolone Hexacetonide,CC(C)(C)CC(=O)OCC(=O)[C@@]12OC(C)(C)O[C@@H]1C[C@H]1[C@@H]3CCC4=CC(=O)C=C[C@]4(C)[C@@]3(F)[C@@H](O)C[C@@]12C,1969.0
CHEMBL1200879,Warfarin Sodium,CC(=O)CC(c1ccccc1)c1c([O-])c2ccccc2oc1=O.[Na+],1954.0
CHEMBL1200880,Diphemanil Methylsulfate,COS(=O)(=O)[O-].C[N+]1(C)CCC(=C(c2ccccc2)c2ccccc2)CC1,1982.0
CHEMBL1200881,Minocycline Hydrochloride,CN(C)c1ccc(O)c2c1C[C@H]1C[C@H]3[C@H](N(C)C)C(O)=C(C(N)=O)C(=O)[C@@]3(O)C(O)=C1C2=O.Cl,1971.0
CHEMBL1200883,Thonzonium Bromide,CCCCCCCCCCCCCCCC[N+](C)(C)CCN(Cc1ccc(OC)cc1)c1ncccn1.[Br-],1982.0
CHEMBL1200885,Alosetron Hydrochloride,Cc1[nH]cnc1CN1CCc2c(c3ccccc3n2C)C1=O.Cl,2000.0
CHEMBL1200887,Trimethobenzamide Hydrochloride,COc1cc(C(=O)NCc2ccc(OCCN(C)C)cc2)cc(OC)c1OC.Cl,1974.0
CHEMBL1200890,Oxycodone Hydrochloride,COc1ccc2c3c1O[C@H]1C(=O)CC[C@@]4(O)[C@@H](C2)N(C)CC[C@]314.Cl,1950.0
CHEMBL1200891,Oxyphencyclimine Hydrochloride,CN1CCCN=C1COC(=O)C(O)(c1ccccc1)C1CCCCC1.Cl,1982.0
CHEMBL1200893,Protokylol Hydrochloride,CC(Cc1ccc2c(c1)OCO2)NCC(O)c1ccc(O)c(O)c1.Cl,1982.0
CHEMBL1200895,Phenelzine Sulfate,NNCCc1ccccc1.O=S(=O)(O)O,1961.0
CHEMBL1200896,Dinoprost Tromethamine,CCCCC[C@H](O)/C=C/[C@@H]1[C@@H](C/C=C\CCCC(=O)O)[C@@H](O)C[C@H]1O.NC(CO)(CO)CO,1982.0
CHEMBL1200899,Tyropanoate Sodium,CCCC(=O)Nc1c(I)cc(I)c(CC(CC)C(=O)[O-])c1I.[Na+],1969.0
CHEMBL1200901,Halofantrine Hydrochloride,CCCCN(CCCC)CCC(O)c1cc2c(Cl)cc(Cl)cc2c2cc(C(F)(F)F)ccc12.Cl,1992.0
CHEMBL1200903,Secobarbital Sodium,C=CCC1(C(C)CCC)C(=O)[N-]C(=O)NC1=O.[Na+],1950.0
CHEMBL1200904,Selegiline Hydrochloride,C#CCN(C)[C@H](C)Cc1ccccc1.Cl,1989.0
CHEMBL1200906,Oxyphenonium Bromide,CC[N+](C)(CC)CCOC(=O)C(O)(c1ccccc1)C1CCCCC1.[Br-],1982.0
CHEMBL1200907,Trilostane,C[C@]12CC[C@H]3[C@@H](CC[C@@]45O[C@@H]4C(O)=C(C#N)C[C@]35C)[C@@H]1CC[C@@H]2O,1984.0
CHEMBL1200908,Halobetasol Propionate,CCC(=O)O[C@]1(C(=O)CCl)[C@@H](C)C[C@H]2[C@@H]3C[C@H](F)C4=CC(=O)C=C[C@]4(C)[C@@]3(F)[C@@H](O)C[C@@]21C,1990.0
CHEMBL1200909,Prednisolone Tebutate,CC(C)(C)CC(=O)OCC(=O)[C@@]1(O)CC[C@H]2[C@@H]3CCC4=CC(=O)C=C[C@]4(C)[C@H]3[C@@H](O)C[C@@]21C,1956.0
CHEMBL1200910,Sulfisoxazole Acetyl,CC(=O)N(c1onc(C)c1C)S(=O)(=O)c1ccc(N)cc1,1953.0
CHEMBL1200912,Phentermine Hydrochloride,CC(C)(N)Cc1ccccc1.Cl,1973.0
CHEMBL1200914,Tamsulosin Hydrochloride,CCOc1ccccc1OCCN[C@H](C)Cc1ccc(OC)c(S(N)(=O)=O)c1.Cl,1997.0
CHEMBL1200916,Thioridazine Hydrochloride,CSc1ccc2c(c1)N(CCC1CCCCN1C)c1ccccc1S2.Cl,1962.0
CHEMBL1200920,Isoetharine Hydrochloride,CCC(NC(C)C)C(O)c1ccc(O)c(O)c1.Cl,1979.0
CHEMBL1200922,Mebutamate,CCC(C)C(C)(COC(N)=O)COC(N)=O,1982.0
CHEMBL1200925,"Potassium Phosphate, Monobasic",O=P([O-])(O)O.[K+],1982.0
CHEMBL1200927,Dexchlorpheniramine Maleate,CN(C)CC[C@@H](c1ccc(Cl)cc1)c1ccccn1.O=C(O)/C=C\C(=O)O,1981.0
CHEMBL1200928,Zinc Acetate Anhydrous,CC(=O)[O-].CC(=O)[O-].[Zn+2],1982.0
CHEMBL1200929,Zinc Sulfate,O=S(=O)([O-])[O-].[Zn+2],1987.0
CHEMBL1200930,Rabeprazole Sodium,COCCCOc1ccnc(C[S+]([O-])c2nc3ccccc3[n-]2)c1C.[Na+],1999.0
CHEMBL1200932,Iopamidol,C[C@H](O)C(=O)Nc1c(I)c(C(=O)NC(CO)CO)c(I)c(C(=O)NC(CO)CO)c1I,1985.0
CHEMBL1200933,Hexafluorenium Bromide,C[N+](C)(CCCCCC[N+](C)(C)C1c2ccccc2-c2ccccc21)C1c2ccccc2-c2ccccc21.[Br-].[Br-],1982.0
CHEMBL1200934,Norgestimate,C#C[C@]1(OC(C)=O)CC[C@H]2[C@@H]3CCC4=C/C(=N/O)CC[C@@H]4[C@H]3CC[C@@]21CC,1989.0
CHEMBL1200935,Darifenacin Hydrobromide,Br.NC(=O)C(c1ccccc1)(c1ccccc1)[C@@H]1CCN(CCc2ccc3c(c2)CCO3)C1,2004.0
CHEMBL1200936,Penicillin G Procaine,CC1(C)S[C@@H]2[C@H](NC(=O)Cc3ccccc3)C(=O)N2[C@H]1C(=O)O.CCN(CC)CCOC(=O)c1ccc(N)cc1.O,1948.0
CHEMBL1200937,Dalfopristin,CCN(CC)CCS(=O)(=O)[C@@H]1CCN2C(=O)c3coc(n3)CC(=O)C[C@H](O)/C=C(C)/C=C/CNC(=O)/C=C/[C@@H](C)[C@@H](C(C)C)OC(=O)[C@@H]12,1999.0
CHEMBL1200938,Methysergide Maleate,CC[C@@H](CO)NC(=O)[C@@H]1C=C2c3cccc4c3c(cn4C)C[C@H]2N(C)C1.O=C(O)/C=C\C(=O)O,1962.0
CHEMBL1200939,Ammonium Chloride,Cl.N,1982.0
CHEMBL1200940,Metoclopramide Hydrochloride,CCN(CC)CCNC(=O)c1cc(Cl)c(N)cc1OC.Cl.O,1979.0
CHEMBL1200941,Thiamine Hydrochloride,Cc1ncc(C[n+]2csc(CCO)c2C)c(N)n1.Cl.[Cl-],1982.0
CHEMBL1200944,Sulbactam Sodium,CC1(C)[C@H](C(=O)[O-])N2C(=O)C[C@H]2S1(=O)=O.[Na+],1986.0
CHEMBL1200945,Pentetate Calcium Trisodium,O=C([O-])CN(CCN(CC(=O)[O-])CC(=O)[O-])CCN(CC(=O)[O-])CC(=O)[O-].[Ca+2].[Na+].[Na+].[Na+],2004.0
CHEMBL1200946,Nandrolone Decanoate,CCCCCCCCCC(=O)O[C@H]1CC[C@H]2[C@@H]3CCC4=CC(=O)CC[C@@H]4[C@H]3CC[C@]12C,1983.0
CHEMBL1200947,Metipranolol Hydrochloride,CC(=O)Oc1c(C)cc(OCC(O)CNC(C)C)c(C)c1C.Cl,1989.0
CHEMBL1200948,Trimipramine Maleate,CC(CN(C)C)CN1c2ccccc2CCc2ccccc21.O=C(O)/C=C\C(=O)O,1979.0
CHEMBL1200949,Betazole Hydrochloride,Cl.NCCc1cc[nH]n1,1982.0
CHEMBL1200950,Clidinium Bromide,C[N+]12CCC(CC1)C(OC(=O)C(O)(c1ccccc1)c1ccccc1)C2.[Br-],1982.0
CHEMBL1200951,Fluphenazine Enanthate,CCCCCCC(=O)OCCN1CCN(CCCN2c3ccccc3Sc3ccc(C(F)(F)F)cc32)CC1,1967.0
CHEMBL1200952,Methamphetamine Hydrochloride,CN[C@@H](C)Cc1ccccc1.Cl,1943.0
CHEMBL1200953,Hydrocortisone Probutate,CCCC(=O)O[C@]1(C(=O)COC(=O)CC)CC[C@H]2[C@@H]3CCC4=CC(=O)CC[C@]4(C)[C@H]3[C@@H](O)C[C@@]21C,1997.0
CHEMBL1200955,Mycophenolate Mofetil Hydrochloride,COc1c(C)c2c(c(O)c1C/C=C(\C)CCC(=O)OCCN1CCOCC1)C(=O)OC2.Cl,1998.0
CHEMBL1200959,Methdilazine,CN1CCC(CN2c3ccccc3Sc3ccccc32)C1,1982.0
CHEMBL1200961,Brompheniramine Maleate,CN(C)CCC(c1ccc(Br)cc1)c1ccccn1.O=C(O)/C=C\C(=O)O,1957.0
CHEMBL1200962,Cefepime Hydrochloride,CO/N=C(\C(=O)N[C@@H]1C(=O)N2C(C(=O)O)=C(C[N+]3(C)CCCC3)CS[C@H]12)c1csc(N)n1.Cl.O.[Cl-],1996.0
CHEMBL1200963,Bimatoprost,CCNC(=O)CCC/C=C\C[C@@H]1[C@@H](/C=C/[C@@H](O)CCc2ccccc2)[C@H](O)C[C@@H]1O,2001.0
CHEMBL1200964,Amitriptyline Hydrochloride,CN(C)CCC=C1c2ccccc2CCc2ccccc21.Cl,1961.0
CHEMBL1200965,Bacampicillin Hydrochloride,CCOC(=O)OC(C)OC(=O)[C@@H]1N2C(=O)[C@@H](NC(=O)[C@H](N)c3ccccc3)[C@H]2SC1(C)C.Cl,1980.0
CHEMBL1200967,Bromodiphenhydramine Hydrochloride,CN(C)CCOC(c1ccccc1)c1ccc(Br)cc1.Cl,1954.0
CHEMBL1200968,Hydrocortisone Sodium Phosphate,C[C@]12CCC(=O)C=C1CC[C@@H]1[C@@H]2[C@@H](O)C[C@@]2(C)[C@H]1CC[C@]2(O)C(=O)COP(=O)([O-])[O-].[Na+].[Na+],1960.0
CHEMBL1200969,Dutasteride,C[C@]12C=CC(=O)N[C@@H]1CC[C@@H]1[C@@H]2CC[C@]2(C)[C@@H](C(=O)Nc3cc(C(F)(F)F)ccc3C(F)(F)F)CC[C@@H]12,2001.0
CHEMBL1200970,Ethopropazine Hydrochloride,CCN(CC)C(C)CN1c2ccccc2Sc2ccccc21.Cl,1982.0
CHEMBL1200971,Cephaloglycin,CC(=O)OCC1=C(C(=O)O)N2C(=O)[C@@H](NC(=O)[C@H](N)c3ccccc3)[C@H]2SC1,1970.0
CHEMBL1200972,Chlophedianol Hydrochloride,CN(C)CCC(O)(c1ccccc1)c1ccccc1Cl.Cl,1982.0
CHEMBL1200973,Estradiol Cypionate,C[C@]12CC[C@@H]3c4ccc(O)cc4CC[C@H]3[C@@H]1CC[C@@H]2OC(=O)CCC1CCCC1,1979.0
CHEMBL1200974,Carbinoxamine Maleate,CN(C)CCOC(c1ccc(Cl)cc1)c1ccccn1.O=C(O)/C=C\C(=O)O,1982.0
CHEMBL1200975,Clocortolone Pivalate,C[C@@H]1C[C@H]2[C@@H]3C[C@H](F)C4=CC(=O)C=C[C@]4(C)[C@@]3(Cl)[C@@H](O)C[C@]2(C)[C@H]1C(=O)COC(=O)C(C)(C)C,1977.0
CHEMBL1200976,Idarubicin Hydrochloride,CC(=O)[C@]1(O)Cc2c(O)c3c(c(O)c2[C@@H](O[C@H]2C[C@H](N)[C@H](O)[C@H](C)O2)C1)C(=O)c1ccccc1C3=O.Cl,1990.0
CHEMBL1200977,Milrinone Lactate,CC(O)C(=O)O.Cc1[nH]c(=O)c(C#N)cc1-c1ccncc1,1987.0
CHEMBL1200979,Dexpanthenol,CC(C)(CO)[C@@H](O)C(=O)NCCCO,1985.0
CHEMBL1200980,Estropipate,C1CNCCN1.C[C@]12CC[C@@H]3c4ccc(OS(=O)(=O)O)cc4CC[C@H]3[C@@H]1CCC2=O,1977.0
CHEMBL1200981,Epirubicin Hydrochloride,COc1cccc2c1C(=O)c1c(O)c3c(c(O)c1C2=O)C[C@@](O)(C(=O)CO)C[C@@H]3O[C@H]1C[C@H](N)[C@@H](O)[C@H](C)O1.Cl,1999.0
CHEMBL1200982,Butabarbital Sodium,CCC(C)C1(CC)C(=O)[N-]C(=O)NC1=O.[Na+],1939.0
CHEMBL1200984,Amlodipine Maleate,CCOC(=O)C1=C(COCCN)NC(C)=C(C(=O)OC)C1c1ccccc1Cl.O=C(O)/C=C\C(=O)O,2003.0
CHEMBL1200985,Ceftibuten Dihydrate,Nc1nc(/C(=C/CC(=O)O)C(=O)N[C@@H]2C(=O)N3C(C(=O)O)=CCS[C@H]23)cs1.O.O,1995.0
CHEMBL1200986,Haloperidol Decanoate,CCCCCCCCCC(=O)OC1(c2ccc(Cl)cc2)CCN(CCCC(=O)c2ccc(F)cc2)CC1,1986.0
CHEMBL1200987,Eprosartan Mesylate,CCCCc1ncc(/C=C(\Cc2cccs2)C(=O)O)n1Cc1ccc(C(=O)O)cc1.CS(=O)(=O)O,1997.0
CHEMBL1200988,Methantheline Bromide,CC[N+](C)(CC)CCOC(=O)C1c2ccccc2Oc2ccccc21.[Br-],1951.0
CHEMBL1200989,Alclometasone Dipropionate,CCC(=O)OCC(=O)[C@@]1(OC(=O)CC)[C@H](C)C[C@H]2[C@H]3[C@H]([C@@H](O)C[C@@]21C)[C@@]1(C)C=CC(=O)C=C1C[C@H]3Cl,1982.0
CHEMBL1200991,Carbenicillin Indanyl Sodium,CC1(C)S[C@@H]2[C@H](NC(=O)C(C(=O)Oc3ccc4c(c3)CCC4)c3ccccc3)C(=O)N2[C@H]1C(=O)[O-].[Na+],1972.0
CHEMBL1200993,Gallamine Triethiodide,CC[N+](CC)(CC)CCOc1cccc(OCC[N+](CC)(CC)CC)c1OCC[N+](CC)(CC)CC.[I-].[I-].[I-],1982.0
CHEMBL1201000,Nitrofurantoin Sodium,O=C1CN(/N=C/c2ccc([N+](=O)[O-])o2)C(=O)[N-]1.[Na+],1960.0
CHEMBL1201001,Mechlorethamine Hydrochloride,CN(CCCl)CCCl.Cl,1949.0
CHEMBL1201002,Carteolol Hydrochloride,CC(C)(C)NCC(O)COc1cccc2c1CCC(=O)N2.Cl,1988.0
CHEMBL1201003,Eletriptan Hydrobromide,Br.CN1CCC[C@@H]1Cc1c[nH]c2ccc(CCS(=O)(=O)c3ccccc3)cc12,2002.0
CHEMBL1201005,Cefonicid Sodium,O=C([O-])C1=C(CSc2nnnn2CS(=O)(=O)[O-])CS[C@@H]2[C@H](NC(=O)[C@H](O)c3ccccc3)C(=O)N12.[Na+].[Na+],1984.0
CHEMBL1201006,Pyrilamine Maleate,COc1ccc(CN(CCN(C)C)c2ccccn2)cc1.O=C(O)/C=C\C(=O)O,1973.0
CHEMBL1201010,Fludrocortisone Acetate,CC(=O)OCC(=O)[C@@]1(O)CC[C@H]2[C@@H]3CCC4=CC(=O)CC[C@]4(C)[C@@]3(F)[C@@H](O)C[C@@]21C,1955.0
CHEMBL1201011,Quinapril Hydrochloride,CCOC(=O)[C@H](CCc1ccccc1)N[C@@H](C)C(=O)N1Cc2ccccc2C[C@H]1C(=O)O.Cl,1991.0
CHEMBL1201012,Flurandrenolide,CC1(C)O[C@@H]2C[C@H]3[C@@H]4C[C@H](F)C5=CC(=O)CC[C@]5(C)[C@H]4[C@@H](O)C[C@]3(C)[C@]2(C(=O)CO)O1,1965.0
CHEMBL1201013,Olsalazine Sodium,O=C([O-])c1cc(/N=N/c2ccc(O)c(C(=O)[O-])c2)ccc1O.[Na+].[Na+],1990.0
CHEMBL1201014,Prednisolone Sodium Phosphate,C[C@]12C=CC(=O)C=C1CC[C@@H]1[C@@H]2[C@@H](O)C[C@@]2(C)[C@H]1CC[C@]2(O)C(=O)COP(=O)([O-])[O-].[Na+].[Na+],1973.0
CHEMBL1201015,Aluminum Acetate,CC(=O)[O-].CC(=O)[O-].CC(=O)[O-].[Al+3],1976.0
CHEMBL1201016,Cefpodoxime Proxetil,COCC1=C(C(=O)OC(C)OC(=O)OC(C)C)N2C(=O)[C@@H](NC(=O)/C(=N\OC)c3csc(N)n3)[C@H]2SC1,1992.0
CHEMBL1201018,Cefaclor,N[C@@H](C(=O)N[C@@H]1C(=O)N2C(C(=O)O)=C(Cl)CS[C@H]12)c1ccccc1.O,1979.0
CHEMBL1201019,Ceftizoxime Sodium,CO/N=C(\C(=O)N[C@@H]1C(=O)N2C(C(=O)[O-])=CCS[C@H]12)c1csc(N)n1.[Na+],1983.0
CHEMBL1201020,Disopyramide Phosphate,CC(C)N(CCC(C(N)=O)(c1ccccc1)c1ccccn1)C(C)C.O=P(O)(O)O,1977.0
CHEMBL1201022,Phenazopyridine Hydrochloride,Cl.Nc1ccc(/N=N/c2ccccc2)c(N)n1,1987.0
CHEMBL1201023,Orphenadrine Hydrochloride,Cc1ccccc1C(OCCN(C)C)c1ccccc1.Cl,1957.0
CHEMBL1201027,Glycopyrronium Bromide,C[N+]1(C)CCC(OC(=O)C(O)(c2ccccc2)C2CCCC2)C1.[Br-],1961.0
CHEMBL1201032,Rizatriptan Benzoate,CN(C)CCc1c[nH]c2ccc(Cn3cncn3)cc12.O=C(O)c1ccccc1,1998.0
CHEMBL1201033,Ipodate Sodium,CN(C)/C=N/c1c(I)cc(I)c(CCC(=O)[O-])c1I.[Na+],1962.0
CHEMBL1201035,Biperiden Hydrochloride,Cl.OC(CCN1CCCCC1)(c1ccccc1)C1CC2C=CC1C2,1959.0
CHEMBL1201037,Eflornithine Hydrochloride,Cl.NCCCC(N)(C(=O)O)C(F)F.O,1990.0
CHEMBL1201038,Acrisorcin,CCCCCCc1ccc(O)cc1O.Nc1c2ccccc2nc2ccccc12,1982.0
CHEMBL1201039,Benzthiazide,NS(=O)(=O)c1cc2c(cc1Cl)N=C(CSCc1ccccc1)NS2(=O)=O,1960.0
CHEMBL1201041,Azlocillin Sodium,CC1(C)S[C@@H]2[C@H](NC(=O)[C@H](NC(=O)N3CCNC3=O)c3ccccc3)C(=O)N2[C@H]1C(=O)[O-].[Na+],1982.0
CHEMBL1201042,Etidronate Disodium,CC(O)(P(=O)([O-])O)P(=O)([O-])O.[Na+].[Na+],1977.0
CHEMBL1201043,Cephapirin Sodium,CC(=O)OCC1=C(C(=O)[O-])N2C(=O)[C@@H](NC(=O)CSc3ccncc3)[C@H]2SC1.[Na+],1974.0
CHEMBL1201044,Dapiprazole Hydrochloride,Cc1ccccc1N1CCN(CCc2nnc3n2CCCC3)CC1.Cl,1990.0
CHEMBL1201045,Acetrizoate Sodium,CC(=O)Nc1c(I)cc(I)c(C(=O)[O-])c1I.O.[Na+],1982.0
CHEMBL1201046,Ceforanide,NCc1ccccc1CC(=O)N[C@@H]1C(=O)N2C(C(=O)O)=C(CSc3nnnn3CC(=O)O)CS[C@H]12,1984.0
CHEMBL1201047,Anileridine Hydrochloride,CCOC(=O)C1(c2ccccc2)CCN(CCc2ccc(N)cc2)CC1.Cl,1982.0
CHEMBL1201048,Dromostanolone Propionate,CCC(=O)O[C@H]1CC[C@H]2[C@@H]3CC[C@H]4CC(=O)[C@H](C)C[C@]4(C)[C@H]3CC[C@]12C,1982.0
CHEMBL1201049,Econazole Nitrate,Clc1ccc(COC(Cn2ccnc2)c2ccc(Cl)cc2Cl)cc1.O=[N+]([O-])O,1982.0
CHEMBL1201050,Pemirolast Potassium,Cc1cccn2c(=O)c(-c3nnn[n-]3)cnc12.[K+],1999.0
CHEMBL1201051,Cimetidine Hydrochloride,CN/C(=N\CCSCc1nc[nH]c1C)NC#N.Cl,1977.0
CHEMBL1201052,Mesoridazine Besylate,CN1CCCCC1CCN1c2ccccc2Sc2ccc([S+](C)[O-])cc21.O=S(=O)(O)c1ccccc1,1970.0
CHEMBL1201054,Selenomethionine Se 75,C[75Se]CC[C@H](N)C(=O)O,1973.0
CHEMBL1201056,Sulfacytine,CCn1ccc(NS(=O)(=O)c2ccc(N)cc2)nc1=O,1975.0
CHEMBL1201057,Cilastatin Sodium,CC1(C)C[C@@H]1C(=O)N/C(=C\CCCCSC[C@H](N)C(=O)O)C(=O)[O-].[Na+],1985.0
CHEMBL1201058,Potassium Acetate,CC(=O)[O-].[K+],1982.0
CHEMBL1201059,Proguanil Hydrochloride,CC(C)NC(=N)NC(=N)Nc1ccc(Cl)cc1.Cl,2000.0
CHEMBL1201060,Loxapine Hydrochloride,CN1CCN(C2=Nc3ccccc3Oc3ccc(Cl)cc32)CC1.Cl,1976.0
CHEMBL1201061,Levalbuterol Hydrochloride,CC(C)(C)NC[C@H](O)c1ccc(O)c(CO)c1.Cl,1999.0
CHEMBL1201063,Propafenone Hydrochloride,CCCNCC(O)COc1ccccc1C(=O)CCc1ccccc1.Cl,1989.0
CHEMBL1201064,Fluorometholone Acetate,CC(=O)O[C@]1(C(C)=O)CC[C@H]2[C@@H]3C[C@H](C)C4=CC(=O)C=C[C@]4(C)[C@@]3(F)[C@@H](O)C[C@@]21C,1986.0
CHEMBL1201065,Thiamylal Sodium,C=CCC1(C(C)CCC)C(=O)[N-]C(=S)NC1=O.[Na+],1982.0
CHEMBL1201066,Venlafaxine Hydrochloride,COc1ccc(C(CN(C)C)C2(O)CCCCC2)cc1.Cl,1993.0
CHEMBL1201067,Biperiden Lactate,CC(O)C(=O)O.OC(CCN1CCCCC1)(c1ccccc1)C1CC2C=CC1C2,1961.0
CHEMBL1201068,Propiomazine Hydrochloride,CCC(=O)c1ccc2c(c1)N(CC(C)N(C)C)c1ccccc1S2.Cl,1960.0
CHEMBL1201071,Tetracycline Phosphate Complex,CN(C)[C@@H]1C(O)=C(C(N)=O)C(=O)[C@@]2(O)C(O)=C3C(=O)c4c(O)cccc4[C@@](C)(O)[C@H]3C[C@@H]12.O=P(O)(O)O,1957.0
CHEMBL1201073,Succimer,O=C(O)[C@@H](S)[C@@H](S)C(=O)O,1991.0
CHEMBL1201075,Ioxilan,CC(=O)N(CC(O)CO)c1c(I)c(C(=O)NCCO)c(I)c(C(=O)NCC(O)CO)c1I,1995.0
CHEMBL1201080,Trimethoprim Hydrochloride,COc1cc(Cc2cnc(N)nc2N)cc(OC)c1OC.Cl,1995.0
CHEMBL1201081,Methylprednisolone Sodium Succinate,C[C@H]1C[C@@H]2[C@H]([C@@H](O)C[C@@]3(C)[C@H]2CC[C@]3(O)C(=O)COC(=O)CCC(=O)[O-])[C@@]2(C)C=CC(=O)C=C12.[Na+],1959.0
CHEMBL1201082,Fluoxetine Hydrochloride,CNCCC(Oc1ccc(C(F)(F)F)cc1)c1ccccc1.Cl,1987.0
CHEMBL1201083,Sodium Iodide I 123,[123I-].[Na+],1976.0
CHEMBL1201084,Sodium Iodide I 131,[131I-].[Na+],1982.0
CHEMBL1201087,Cabergoline,C=CCN1C[C@H](C(=O)N(CCCN(C)C)C(=O)NCC)C[C@@H]2c3cccc4[nH]cc(c34)C[C@H]21,1996.0
CHEMBL1201089,Diphenhydramine Citrate,CN(C)CCOC(c1ccccc1)c1ccccc1.O=C(O)CC(O)(CC(=O)O)C(=O)O,2005.0
CHEMBL1201092,Rivastigmine Tartrate,CCN(C)C(=O)Oc1cccc([C@H](C)N(C)C)c1.O=C(O)[C@H](O)[C@@H](O)C(=O)O,1998.0
CHEMBL1201093,Methyl Aminolevulinate Hydrochloride,COC(=O)CCC(=O)CN.Cl,2004.0
CHEMBL1201096,Krypton Kr 81M,[81Kr],1982.0
CHEMBL1201098,Cefotetan Disodium,CO[C@@]1(NC(=O)C2SC(=C(C(N)=O)C(=O)[O-])S2)C(=O)N2C(C(=O)[O-])=C(CSc3nnnn3C)CS[C@@H]21.[Na+].[Na+],1985.0
CHEMBL1201101,Testosterone Cypionate,C[C@]12CC[C@H]3[C@@H](CCC4=CC(=O)CC[C@@]43C)[C@@H]1CC[C@@H]2OC(=O)CCC1CCCC1,1978.0
CHEMBL1201102,Triflupromazine Hydrochloride,CN(C)CCCN1c2ccccc2Sc2ccc(C(F)(F)F)cc21.Cl,1957.0
CHEMBL1201103,Methoxamine Hydrochloride,COc1ccc(OC)c(C(O)C(C)N)c1.Cl,1982.0
CHEMBL1201104,Methenamine Hippurate,C1N2CN3CN1CN(C2)C3.O=C(O)CNC(=O)c1ccccc1,1967.0
CHEMBL1201108,Conivaptan Hydrochloride,Cc1nc2c([nH]1)-c1ccccc1N(C(=O)c1ccc(NC(=O)c3ccccc3-c3ccccc3)cc1)CC2.Cl,2005.0
CHEMBL1201109,Desonide,CC1(C)O[C@@H]2C[C@H]3[C@@H]4CCC5=CC(=O)C=C[C@]5(C)[C@H]4[C@@H](O)C[C@]3(C)[C@]2(C(=O)CO)O1,1972.0
CHEMBL1201110,Valacyclovir Hydrochloride,CC(C)[C@H](N)C(=O)OCCOCn1cnc2c(=O)nc(N)[nH]c21.Cl,1995.0
CHEMBL1201112,Nelarabine,COc1nc(N)nc2c1ncn2[C@@H]1O[C@H](CO)[C@@H](O)[C@@H]1O,2005.0
CHEMBL1201115,Esmolol Hydrochloride,COC(=O)CCc1ccc(OCC(O)CNC(C)C)cc1.Cl,1986.0
CHEMBL1201116,Hetacillin,CC1(C)S[C@@H]2[C@H](N3C(=O)[C@@H](c4ccccc4)NC3(C)C)C(=O)N2[C@H]1C(=O)O,1982.0
CHEMBL1201117,Methocarbamol,COc1ccccc1OCC(O)COC(N)=O,1957.0
CHEMBL1201118,Cefmetazole Sodium,CO[C@@]1(NC(=O)CSCC#N)C(=O)N2C(C(=O)[O-])=C(CSc3nnnn3C)CS[C@@H]21.[Na+],1989.0
CHEMBL1201119,Liothyronine Sodium,N[C@@H](Cc1cc(I)c(Oc2ccc(O)c(I)c2)c(I)c1)C(=O)[O-].[Na+],1956.0
CHEMBL1201120,Remifentanil Hydrochloride,CCC(=O)N(c1ccccc1)C1(C(=O)OC)CCN(CCC(=O)OC)CC1.Cl,1996.0
CHEMBL1201121,Hetacillin Potassium,CC1(C)S[C@@H]2[C@H](N3C(=O)[C@@H](c4ccccc4)NC3(C)C)C(=O)N2[C@H]1C(=O)[O-].[K+],1982.0
CHEMBL1201124,Ketorolac Tromethamine,NC(CO)(CO)CO.O=C(c1ccccc1)c1ccc2n1CCC2C(=O)O,1989.0
CHEMBL1201125,Iothalamate Meglumine,CNC(=O)c1c(I)c(NC(C)=O)c(I)c(C(=O)O)c1I.CNC[C@H](O)[C@@H](O)[C@H](O)[C@H](O)CO,1962.0
CHEMBL1201127,Darunavir Ethanolate,CC(C)CN(C[C@@H](O)[C@H](Cc1ccccc1)NC(=O)O[C@H]1CO[C@H]2OCC[C@H]21)S(=O)(=O)c1ccc(N)cc1.CCO,2006.0
CHEMBL1201129,Decitabine,Nc1ncn([C@H]2C[C@H](O)[C@@H](CO)O2)c(=O)n1,2006.0
CHEMBL1201131,Piperonyl Butoxide,CCCCOCCOCCOCc1cc2c(cc1CCC)OCO2,2000.0
CHEMBL1201132,Nalbuphine Hydrochloride,Cl.Oc1ccc2c3c1O[C@H]1[C@@H](O)CC[C@@]4(O)[C@@H](C2)N(CC2CCC2)CC[C@]314,1979.0
CHEMBL1201134,Lubiprostone,CCCCC(F)(F)[C@@]1(O)CC[C@H]2[C@@H](CC(=O)[C@@H]2CCCCCCC(=O)O)O1,2006.0
CHEMBL1201138,Leucovorin Calcium,Nc1nc(=O)c2c([nH]1)NCC(CNc1ccc(C(=O)N[C@@H](CCC(=O)[O-])C(=O)[O-])cc1)N2C=O.[Ca+2],1952.0
CHEMBL1201139,Megestrol Acetate,CC(=O)O[C@]1(C(C)=O)CC[C@H]2[C@@H]3C=C(C)C4=CC(=O)CC[C@]4(C)[C@H]3CC[C@@]21C,1971.0
CHEMBL1201141,Ibuprofen Lysine,CC(C)Cc1ccc(C(C)C(=O)O)cc1.NCCCC[C@H](N)C(=O)O,2006.0
CHEMBL1201142,Rasagiline Mesylate,C#CCN[C@@H]1CCc2ccccc21.CS(=O)(=O)O,2005.0
CHEMBL1201146,Norethindrone Acetate,C#C[C@]1(OC(C)=O)CC[C@H]2[C@@H]3CCC4=CC(=O)CC[C@@H]4[C@H]3CC[C@@]21C,1973.0
CHEMBL1201147,Octocrylene,CCCCC(CC)COC(=O)C(C#N)=C(c1ccccc1)c1ccccc1,2006.0
CHEMBL1201148,Meprednisone,C[C@H]1C[C@H]2[C@@H]3CCC4=CC(=O)C=C[C@]4(C)[C@H]3C(=O)C[C@]2(C)[C@@]1(O)C(=O)CO,1982.0
CHEMBL1201149,Naltrexone Hydrochloride,Cl.O=C1CC[C@@]2(O)[C@H]3Cc4ccc(O)c5c4[C@@]2(CCN3CC2CC2)[C@H]1O5,1984.0
CHEMBL1201150,Sumatriptan Succinate,CNS(=O)(=O)Cc1ccc2[nH]cc(CCN(C)C)c2c1.O=C(O)CCC(=O)O,1992.0
CHEMBL1201151,Mestranol,C#C[C@]1(O)CC[C@H]2[C@@H]3CCc4cc(OC)ccc4[C@H]3CC[C@@]21C,1961.0
CHEMBL1201152,Nalmefene Hydrochloride,C=C1CC[C@@]2(O)[C@H]3Cc4ccc(O)c5c4[C@@]2(CCN3CC2CC2)[C@H]1O5.Cl,1995.0
CHEMBL1201153,Isoetharine Mesylate,CCC(NC(C)C)C(O)c1ccc(O)c(O)c1.CS(=O)(=O)O,1982.0
CHEMBL1201154,Prochlorperazine Edisylate,CN1CCN(CCCN2c3ccccc3Sc3ccc(Cl)cc32)CC1.O=S(=O)(O)CCS(=O)(=O)O,1957.0
CHEMBL1201155,Loxapine Succinate,CN1CCN(C2=Nc3ccccc3Oc3ccc(Cl)cc32)CC1.O=C(O)CCC(=O)O,1975.0
CHEMBL1201156,Nortriptyline Hydrochloride,CNCCC=C1c2ccccc2CCc2ccccc21.Cl,1964.0
CHEMBL1201159,Fentanyl Hydrochloride,CCC(=O)N(c1ccccc1)C1CCN(CCc2ccccc2)CC1.Cl,2006.0
CHEMBL1201161,Mafenide Acetate,CC(=O)O.NCc1ccc(S(N)(=O)=O)cc1,1969.0
CHEMBL1201162,Dorzolamide Hydrochloride,CCN[C@H]1C[C@H](C)S(=O)(=O)c2sc(S(N)(=O)=O)cc21.Cl,1994.0
CHEMBL1201163,Sufentanil Citrate,CCC(=O)N(c1ccccc1)C1(COC)CCN(CCc2cccs2)CC1.O=C(O)CC(O)(CC(=O)O)C(=O)O,1984.0
CHEMBL1201165,Quinestrol,C#C[C@]1(O)CC[C@H]2[C@@H]3CCc4cc(OC5CCCC5)ccc4[C@H]3CC[C@@]21C,1982.0
CHEMBL1201167,Carvedilol Phosphate,COc1ccccc1OCCNCC(O)COc1cccc2[nH]c3ccccc3c12.O=P(O)(O)O,2006.0
CHEMBL1201168,Isocarboxazid,Cc1cc(C(=O)NNCc2ccccc2)no1,1959.0
CHEMBL1201170,Lithium Citrate Anhydrous,O=C([O-])CC(O)(CC(=O)[O-])C(=O)[O-].[Li+].[Li+].[Li+],1980.0
CHEMBL1201171,Pramoxine Hydrochloride,CCCCOc1ccc(OCCCN2CCOCC2)cc1.Cl,1976.0
CHEMBL1201172,Iodamide Meglumine,CC(=O)NCc1c(I)c(NC(C)=O)c(I)c(C(=O)O)c1I.CNC[C@H](O)[C@@H](O)[C@H](O)[C@H](O)CO,1982.0
CHEMBL1201173,Medrysone,CC(=O)[C@H]1CC[C@H]2[C@@H]3C[C@H](C)C4=CC(=O)CC[C@]4(C)[C@H]3[C@@H](O)C[C@]12C,1969.0
CHEMBL1201174,Sitagliptin Phosphate,N[C@@H](CC(=O)N1CCn2c(nnc2C(F)(F)F)C1)Cc1cc(F)c(F)cc1F.O.O=P(O)(O)O,2006.0
CHEMBL1201177,Levobunolol Hydrochloride,CC(C)(C)NC[C@H](O)COc1cccc2c1CCCC2=O.Cl,1985.0
CHEMBL1201178,Lisdexamfetamine Dimesylate,CS(=O)(=O)O.CS(=O)(=O)O.C[C@@H](Cc1ccccc1)NC(=O)[C@@H](N)CCCCN,2007.0
CHEMBL1201179,Lapatinib Ditosylate,CS(=O)(=O)CCNCc1ccc(-c2ccc3ncnc(Nc4ccc(OCc5cccc(F)c5)c(Cl)c4)c3c2)o1.Cc1ccc(S(=O)(=O)O)cc1.Cc1ccc(S(=O)(=O)O)cc1.O,2007.0
CHEMBL1201180,Diclofenac Epolamine,O=C(O)Cc1ccccc1Nc1c(Cl)cccc1Cl.OCCN1CCCC1,2007.0
CHEMBL1201182,Temsirolimus,CO[C@H]1C[C@@H]2CC[C@@H](C)[C@@](O)(O2)C(=O)C(=O)N2CCCC[C@H]2C(=O)O[C@H]([C@H](C)C[C@@H]2CC[C@@H](OC(=O)C(C)(CO)CO)[C@H](OC)C2)CC(=O)[C@H](C)/C=C(\C)[C@@H](O)[C@@H](OC)C(=O)[C@H](C)C[C@H](C)/C=C/C=C/C=C/1C,2007.0
CHEMBL1201189,Ammonia N 13,[13NH3],2007.0
CHEMBL1201190,Levocetirizine Dihydrochloride,Cl.Cl.O=C(O)COCCN1CCN([C@H](c2ccccc2)c2ccc(Cl)cc2)CC1,2007.0
CHEMBL1201191,Levocetirizine,O=C(O)COCCN1CCN([C@H](c2ccccc2)c2ccc(Cl)cc2)CC1,2007.0
CHEMBL1201192,Armodafinil,NC(=O)C[S@@+]([O-])C(c1ccccc1)c1ccccc1,2007.0
CHEMBL1201193,Levobupivacaine,CCCCN1CCCC[C@H]1C(=O)Nc1c(C)cccc1C,1999.0
CHEMBL1201195,Cefmetazole,CO[C@@]1(NC(=O)CSCC#N)C(=O)N2C(C(=O)O)=C(CSc3nnnn3C)CS[C@@H]21,1989.0
CHEMBL1201196,Sertaconazole,Clc1ccc(C(Cn2ccnc2)OCc2csc3c(Cl)cccc23)c(Cl)c1,2003.0
CHEMBL1201197,Alatrofloxacin,C[C@H](N)C(=O)N[C@@H](C)C(=O)N[C@H]1[C@@H]2CN(c3nc4c(cc3F)c(=O)c(C(=O)O)cn4-c3ccc(F)cc3F)C[C@@H]21,1997.0
CHEMBL1201198,Pemirolast,Cc1cccn2c(=O)c(-c3nnn[nH]3)cnc12,1999.0
CHEMBL1201201,Methamphetamine,CN[C@@H](C)Cc1ccccc1,1943.0
CHEMBL1201203,Benztropine,CN1[C@@H]2CC[C@H]1C[C@@H](OC(c1ccccc1)c1ccccc1)C2,1954.0
CHEMBL1201204,Cefpiramide,Cc1cc(O)c(C(=O)N[C@@H](C(=O)N[C@@H]2C(=O)N3C(C(=O)O)=C(CSc4nnnn4C)CS[C@H]23)c2ccc(O)cc2)cn1,1989.0
CHEMBL1201206,Pipecuronium,CC(=O)O[C@H]1C[C@@H]2CC[C@@H]3[C@H](CC[C@@]4(C)[C@H]3C[C@H](N3CC[N+](C)(C)CC3)[C@@H]4OC(C)=O)[C@@]2(C)C[C@@H]1N1CC[N+](C)(C)CC1,1990.0
CHEMBL1201207,Betamethasone Phosphoric Acid,C[C@H]1C[C@H]2[C@@H]3CCC4=CC(=O)C=C[C@]4(C)[C@@]3(F)[C@@H](O)C[C@]2(C)[C@@]1(O)C(=O)COP(=O)(O)O,1965.0
CHEMBL1201208,Phenmetrazine,CC1NCCOC1c1ccccc1,1982.0
CHEMBL1201210,Propiomazine,CCC(=O)c1ccc2c(c1)N(CC(C)N(C)C)c1ccccc1S2,1960.0
CHEMBL1201212,Midodrine,COc1ccc(OC)c(C(O)CNC(=O)CN)c1,1996.0
CHEMBL1201213,Isoetharine,CCC(NC(C)C)C(O)c1ccc(O)c(O)c1,1979.0
CHEMBL1201216,Dapiprazole,Cc1ccccc1N1CCN(CCc2nnc3n2CCCC3)CC1,1990.0
CHEMBL1201217,Dyclonine,CCCCOc1ccc(C(=O)CCN2CCCCC2)cc1,1982.0
CHEMBL1201218,Cefamandole Nafate Free Base,Cn1nnnc1SCC1=C(C(=O)O)N2C(=O)[C@@H](NC(=O)[C@H](OC=O)c3ccccc3)[C@H]2SC1,1978.0
CHEMBL1201219,Vecuronium,CC(=O)O[C@H]1C[C@@H]2CC[C@@H]3[C@H](CC[C@@]4(C)[C@H]3C[C@H]([N+]3(C)CCCCC3)[C@@H]4OC(C)=O)[C@@]2(C)C[C@@H]1N1CCCCC1,1984.0
CHEMBL1201220,Diatrizoic Acid,CC(=O)Nc1c(I)c(NC(C)=O)c(I)c(C(=O)O)c1I,1954.0
CHEMBL1201222,Lisdexamfetamine,C[C@@H](Cc1ccccc1)NC(=O)[C@@H](N)CCCCN,2007.0
CHEMBL1201224,Cefmenoxime,CO/N=C(\C(=O)N[C@@H]1C(=O)N2C(C(=O)O)=C(CSc3nnnn3C)CS[C@H]12)c1csc(N)n1,1987.0
CHEMBL1201227,Cycrimine,OC(CCN1CCCCC1)(c1ccccc1)C1CCCC1,1982.0
CHEMBL1201229,Demecarium,CN(CCCCCCCCCCN(C)C(=O)Oc1cccc([N+](C)(C)C)c1)C(=O)Oc1cccc([N+](C)(C)C)c1,1959.0
CHEMBL1201231,Prednisolone Phosphoric Acid,C[C@]12C=CC(=O)C=C1CC[C@@H]1[C@@H]2[C@@H](O)C[C@@]2(C)[C@H]1CC[C@]2(O)C(=O)COP(=O)(O)O,1973.0
CHEMBL1201232,Isopropamide,CC(C)[N+](C)(CCC(C(N)=O)(c1ccccc1)c1ccccc1)C(C)C,1957.0
CHEMBL1201233,Methyldopate,CCOC(=O)[C@@](C)(N)Cc1ccc(O)c(O)c1,1962.0
CHEMBL1201234,Mephentermine,CNC(C)(C)Cc1ccccc1,1951.0
CHEMBL1201235,Methylhomatropine,C[N+]1(C)[C@@H]2CC[C@H]1C[C@@H](OC(=O)C(O)c1ccccc1)C2,1943.0
CHEMBL1201236,Carbidopa Anhydrous,C[C@@](Cc1ccc(O)c(O)c1)(NN)C(=O)O,1975.0
CHEMBL1201237,Levobunolol,CC(C)(C)NC[C@H](O)COc1cccc2c1CCCC2=O,1985.0
CHEMBL1201239,Iodamide,CC(=O)NCc1c(I)c(NC(C)=O)c(I)c(C(=O)O)c1I,1982.0
CHEMBL1201242,Indecainide,CC(C)NCCCC1(C(N)=O)c2ccccc2-c2ccccc21,1989.0
CHEMBL1201243,Ipodate,CN(C)/C=N/c1c(I)cc(I)c(CCC(=O)O)c1I,1962.0
CHEMBL1201244,Rocuronium,C=CC[N+]1([C@H]2C[C@H]3[C@@H]4CC[C@H]5C[C@H](O)[C@@H](N6CCOCC6)C[C@]5(C)[C@H]4CC[C@]3(C)[C@H]2OC(C)=O)CCCC1,1994.0
CHEMBL1201245,Bromodiphenhydramine,CN(C)CCOC(c1ccccc1)c1ccc(Br)cc1,1954.0
CHEMBL1201248,Cisatracurium,COc1ccc(C[C@@H]2c3cc(OC)c(OC)cc3CC[N@+]2(C)CCC(=O)OCCCCCOC(=O)CC[N@@+]2(C)CCc3cc(OC)c(OC)cc3[C@H]2Cc2ccc(OC)c(OC)c2)cc1OC,1995.0
CHEMBL1201250,Benzquinamide,CCN(CC)C(=O)C1CN2CCc3cc(OC)c(OC)cc3C2CC1OC(C)=O,1974.0
CHEMBL1201251,Arbutamine,Oc1ccc(CCCCNC[C@H](O)c2ccc(O)c(O)c2)cc1,1997.0
CHEMBL1201256,Trimethobenzamide,COc1cc(C(=O)NCc2ccc(OCCN(C)C)cc2)cc(OC)c1OC,1974.0
CHEMBL1201260,Bethanidine,C/N=C(\NC)NCc1ccccc1,1982.0
CHEMBL1201261,Tyropanoic Acid,CCCC(=O)Nc1c(I)cc(I)c(CC(CC)C(=O)O)c1I,1969.0
CHEMBL1201262,Dipivefrin,CNCC(O)c1ccc(OC(=O)C(C)(C)C)c(OC(=O)C(C)(C)C)c1,1980.0
CHEMBL1201263,Hydrocortamate,CCN(CC)CC(=O)OCC(=O)[C@@]1(O)CC[C@H]2[C@@H]3CCC4=CC(=O)CC[C@]4(C)[C@H]3[C@@H](O)C[C@@]21C,1956.0
CHEMBL1201264,Methantheline,CC[N+](C)(CC)CCOC(=O)C1c2ccccc2Oc2ccccc21,1951.0
CHEMBL1201265,Methylprednisolone Hemisuccinate,C[C@H]1C[C@@H]2[C@H]([C@@H](O)C[C@@]3(C)[C@H]2CC[C@]3(O)C(=O)COC(=O)CCC(=O)O)[C@@]2(C)C=CC(=O)C=C12,1959.0
CHEMBL1201266,Lodoxamide,N#Cc1cc(NC(=O)C(=O)O)c(Cl)c(NC(=O)C(=O)O)c1,1993.0
CHEMBL1201269,Chlorphentermine,CC(C)(N)Cc1ccc(Cl)cc1,
CHEMBL1201270,Methenamine,C1N2CN3CN1CN(C2)C3,1967.0
CHEMBL1201271,Buclizine,CC(C)(C)c1ccc(CN2CCN(C(c3ccccc3)c3ccc(Cl)cc3)CC2)cc1,1982.0
CHEMBL1201273,Protokylol,CC(Cc1ccc2c(c1)OCO2)NCC(O)c1ccc(O)c(O)c1,1982.0
CHEMBL1201274,Levobetaxolol,CC(C)NC[C@H](O)COc1ccc(CCOCC2CC2)cc1,2000.0
CHEMBL1201275,Isosulfan Blue Inner Salt,CCN(CC)c1ccc(C(=C2C=CC(=[N+](CC)CC)C=C2)c2cc(S(=O)(=O)[O-])ccc2S(=O)(=O)O)cc1,1981.0
CHEMBL1201281,Chloramphenicol Succinic Acid,O=C(O)CCC(=O)OC[C@@H](NC(=O)C(Cl)Cl)[C@H](O)c1ccc([N+](=O)[O-])cc1,1959.0
CHEMBL1201284,Cinacalcet,C[C@@H](NCCCc1cccc(C(F)(F)F)c1)c1cccc2ccccc12,2004.0
CHEMBL1201286,Oxyphenonium,CC[N+](C)(CC)CCOC(=O)C(O)(c1ccccc1)C1CCCCC1,1982.0
CHEMBL1201287,Dexbrompheniramine,CN(C)CC[C@@H](c1ccc(Br)cc1)c1ccccn1,1963.0
CHEMBL1201288,Dantrolene,O=C1CN(/N=C/c2ccc(-c3ccc([N+](=O)[O-])cc3)o2)C(=O)N1,1974.0
CHEMBL1201289,Clindamycin Palmitate,CCCCCCCCCCCCCCCC(=O)O[C@@H]1[C@@H](O)[C@@H](O)[C@@H]([C@H](NC(=O)[C@@H]2C[C@@H](CCC)CN2C)[C@H](C)Cl)O[C@@H]1SC,1982.0
CHEMBL1201291,Ioxaglic Acid,CNC(=O)c1c(I)c(C(=O)NCC(=O)Nc2c(I)c(C(=O)O)c(I)c(C(=O)NCCO)c2I)c(I)c(N(C)C(C)=O)c1I,1985.0
CHEMBL1201293,Acamprosate,CC(=O)NCCCS(=O)(=O)O,2004.0
CHEMBL1201294,Diphenoxylate,CCOC(=O)C1(c2ccccc2)CCN(CCC(C#N)(c2ccccc2)c2ccccc2)CC1,1960.0
CHEMBL1201295,Bitolterol,Cc1ccc(C(=O)Oc2ccc(C(O)CNC(C)(C)C)cc2OC(=O)c2ccc(C)cc2)cc1,1984.0
CHEMBL1201300,Iothalamic Acid,CNC(=O)c1c(I)c(NC(C)=O)c(I)c(C(=O)O)c1I,1962.0
CHEMBL1201302,Dexamethasone Phosphoric Acid,C[C@@H]1C[C@H]2[C@@H]3CCC4=CC(=O)C=C[C@]4(C)[C@@]3(F)[C@@H](O)C[C@]2(C)[C@@]1(O)C(=O)COP(=O)(O)O,1959.0
CHEMBL1201303,Pyrvinium,Cc1cc(/C=C/c2ccc3cc(N(C)C)ccc3[n+]2C)c(C)n1-c1ccccc1,1982.0
CHEMBL1201304,Indocyanine Green Acid Form,CC1(C)C(/C=C/C=C/C=C/C=C2\N(CCCCS(=O)(=O)O)c3ccc4ccccc4c3C2(C)C)=[N+](CCCCS(=O)(=O)[O-])c2ccc3ccccc3c21,1959.0
CHEMBL1201308,Iofetamine,CC(C)NC(C)Cc1ccc(I)cc1,1987.0
CHEMBL1201313,Chlophedianol,CN(C)CCC(O)(c1ccccc1)c1ccccc1Cl,1982.0
CHEMBL1201314,Valganciclovir,CC(C)[C@H](N)C(=O)OCC(CO)OCn1cnc2c(=O)[nH]c(N)nc21,2001.0
CHEMBL1201317,Triclofos,O=P(O)(O)OCC(Cl)(Cl)Cl,1982.0
CHEMBL1201319,Metaraminol,C[C@H](N)[C@H](O)c1cccc(O)c1,1954.0
CHEMBL1201320,Esomeprazole,COc1ccc2[nH]c([S@@+]([O-])Cc3ncc(C)c(OC)c3C)nc2c1,2001.0
CHEMBL1201321,Difenoxin,N#CC(CCN1CCC(C(=O)O)(c2ccccc2)CC1)(c1ccccc1)c1ccccc1,1978.0
CHEMBL1201322,Thonzonium,CCCCCCCCCCCCCCCC[N+](C)(C)CCN(Cc1ccc(OC)cc1)c1ncccn1,1982.0
CHEMBL1201323,Betazole,NCCc1cc[nH]n1,1982.0
CHEMBL1201325,Hexocyclium,C[N+]1(C)CCN(CC(O)(c2ccccc2)C2CCCCC2)CC1,1982.0
CHEMBL1201327,Acetrizoic Acid,CC(=O)Nc1c(I)cc(I)c(C(=O)O)c1I,1982.0
CHEMBL1201328,Carphenazine,CCC(=O)c1ccc2c(c1)N(CCCN1CCN(CCO)CC1)c1ccccc1S2,1982.0
CHEMBL1201329,Trimethaphan,O=C1N(Cc2ccccc2)C2C[S+]3CCCC3C2N1Cc1ccccc1,1982.0
CHEMBL1201335,Glycopyrronium,C[N+]1(C)CCC(OC(=O)C(O)(c2ccccc2)C2CCCC2)C1,1961.0
CHEMBL1201336,Fosphenytoin,O=C1NC(c2ccccc2)(c2ccccc2)C(=O)N1COP(=O)(O)O,1996.0
CHEMBL1201338,Cyclopentolate,CN(C)CCOC(=O)C(c1ccccc1)C1(O)CCCC1,1974.0
CHEMBL1201340,Diphemanil,C[N+]1(C)CCC(=C(c2ccccc2)c2ccccc2)CC1,1982.0
CHEMBL1201341,Echothiophate,CCOP(=O)(OCC)SCC[N+](C)(C)C,1960.0
CHEMBL1201342,Methixene,CN1CCCC(CC2c3ccccc3Sc3ccccc32)C1,1982.0
CHEMBL1201345,Tetradecyl Sulfuric Acid,CCCCC(CC)CCC(CC(C)C)OS(=O)(=O)O,1946.0
CHEMBL1201346,Balsalazide,O=C(O)CCNC(=O)c1ccc(/N=N/c2ccc(O)c(C(=O)O)c2)cc1,2000.0
CHEMBL1201347,Anileridine,CCOC(=O)C1(c2ccccc2)CCN(CCc2ccc(N)cc2)CC1,1982.0
CHEMBL1201348,Menadiol Diphosphoric Acid,Cc1cc(OP(=O)(O)O)c2ccccc2c1OP(=O)(O)O,1982.0
CHEMBL1201349,Hexafluorenium,C[N+](C)(CCCCCC[N+](C)(C)C1c2ccccc2-c2ccccc21)C1c2ccccc2-c2ccccc21,1982.0
CHEMBL1201352,Rapacuronium,C=CC[N+]1([C@H]2C[C@H]3[C@@H]4CC[C@H]5C[C@H](OC(C)=O)[C@@H](N6CCCCC6)C[C@]5(C)[C@H]4CC[C@]3(C)[C@H]2OC(=O)CC)CCCCC1,1999.0
CHEMBL1201353,Dexchlorpheniramine,CN(C)CC[C@@H](c1ccc(Cl)cc1)c1ccccn1,1981.0
CHEMBL1201354,Tridihexethyl,CC[N+](CC)(CC)CCC(O)(c1ccccc1)C1CCCCC1,1954.0
CHEMBL1201356,Methylergonovine,CC[C@@H](CO)NC(=O)[C@@H]1C=C2c3cccc4[nH]cc(c34)C[C@H]2N(C)C1,1946.0
CHEMBL1201728,Desvenlafaxine Succinate,CN(C)CC(c1ccc(O)cc1)C1(O)CCCCC1.O=C(O)CCC(=O)O,2008.0
CHEMBL1201729,Dronedarone Hydrochloride,CCCCc1oc2ccc(NS(C)(=O)=O)cc2c1C(=O)c1ccc(OCCCN(CCCC)CCCC)cc1.Cl,2009.0
CHEMBL1201731,Nebivolol Hydrochloride,Cl.OC(CNCC(O)C1CCc2cc(F)ccc2O1)C1CCc2cc(F)ccc2O1,2007.0
CHEMBL1201733,Pazopanib Hydrochloride,Cc1ccc(Nc2nccc(N(C)c3ccc4c(C)n(C)nc4c3)n2)cc1S(N)(=O)=O.Cl,2009.0
CHEMBL1201734,Bendamustine Hydrochloride,Cl.Cn1c(CCCC(=O)O)nc2cc(N(CCCl)CCCl)ccc21,2008.0
CHEMBL1201735,Bupropion Hydrobromide,Br.CC(NC(C)(C)C)C(=O)c1cccc(Cl)c1,2008.0
CHEMBL1201740,Nilotinib Hydrochloride Monohydrate,Cc1cn(-c2cc(NC(=O)c3ccc(C)c(Nc4nccc(-c5cccnc5)n4)c3)cc(C(F)(F)F)c2)cn1.Cl.O,2007.0
CHEMBL1201743,Saxagliptin Hydrochloride,Cl.N#C[C@@H]1C[C@@H]2C[C@@H]2N1C(=O)[C@@H](N)C12CC3CC(CC(O)(C3)C1)C2,2009.0
CHEMBL1201745,Choline Fenofibrate,CC(C)(Oc1ccc(C(=O)c2ccc(Cl)cc2)cc1)C(=O)[O-].C[N+](C)(C)CCO,2008.0
CHEMBL1201746,Pralatrexate,C#CCC(Cc1cnc2nc(N)nc(N)c2n1)c1ccc(C(=O)N[C@@H](CCC(=O)O)C(=O)O)cc1,2009.0
CHEMBL1201747,Alcaftadine,CN1CCC(=C2c3ccccc3CCn3c(C=O)cnc32)CC1,2010.0
CHEMBL1201748,Cabazitaxel,CO[C@H]1C(=O)[C@]2(C)[C@@H](OC)C[C@H]3OC[C@@]3(OC(C)=O)[C@H]2[C@H](OC(=O)c2ccccc2)[C@]2(O)C[C@H](OC(=O)[C@H](O)[C@@H](NC(=O)OC(C)(C)C)c3ccccc3)C(C)=C1C2(C)C,2010.0
CHEMBL1201749,Difluprednate,CCCC(=O)O[C@]1(C(=O)COC(C)=O)CC[C@H]2[C@@H]3C[C@H](F)C4=CC(=O)C=C[C@]4(C)[C@@]3(F)[C@@H](O)C[C@@]21C,2008.0
CHEMBL1201752,Ixabepilone,C/C(=C\c1csc(C)n1)[C@@H]1C[C@@H]2O[C@]2(C)CCC[C@H](C)[C@H](O)[C@@H](C)C(=O)C(C)(C)[C@@H](O)CC(=O)N1,2007.0
CHEMBL1201753,Pitavastatin,O=C(O)C[C@H](O)C[C@H](O)/C=C/c1c(C2CC2)nc2ccccc2c1-c1ccc(F)cc1,2009.0
CHEMBL1201754,Rufinamide,NC(=O)c1cn(Cc2c(F)cccc2F)nn1,2007.0
CHEMBL1201758,Bepotastine,O=C(O)CCCN1CCC(O[C@@H](c2ccc(Cl)cc2)c2ccccn2)CC1,2009.0
CHEMBL1201759,Bepotastine Besylate,O=C(O)CCCN1CCC(O[C@@H](c2ccc(Cl)cc2)c2ccccn2)CC1.O=S(=O)(O)c1ccccc1,2009.0
CHEMBL1201760,Besifloxacin,N[C@@H]1CCCCN(c2c(F)cc3c(=O)c(C(=O)O)cn(C4CC4)c3c2Cl)C1,2009.0
CHEMBL1201761,Besifloxacin Hydrochloride,Cl.N[C@@H]1CCCCN(c2c(F)cc3c(=O)c(C(=O)O)cn(C4CC4)c3c2Cl)C1,2009.0
CHEMBL1201764,Fesoterodine,CC(C)C(=O)Oc1ccc(CO)cc1[C@H](CCN(C(C)C)C(C)C)c1ccccc1,2007.0
CHEMBL1201765,Fesoterodine Fumarate,CC(C)C(=O)Oc1ccc(CO)cc1[C@H](CCN(C(C)C)C(C)C)c1ccccc1.O=C(O)/C=C/C(=O)O,2007.0
CHEMBL1201766,Fospropofol,CC(C)c1cccc(C(C)C)c1OCOP(=O)(O)O,2008.0
CHEMBL1201770,Methylnaltrexone Bromide,C[N+]1(CC2CC2)CC[C@]23c4c5ccc(O)c4O[C@H]2C(=O)CC[C@@]3(O)[C@H]1C5.[Br-],2008.0
CHEMBL1201772,Prasugrel,CC(=O)Oc1cc2c(s1)CCN(C(C(=O)C1CC1)c1ccccc1F)C2,2009.0
CHEMBL1201773,Prasugrel Hydrochloride,CC(=O)Oc1cc2c(s1)CCN(C(C(=O)C1CC1)c1ccccc1F)C2.Cl,2009.0
CHEMBL1201774,Sapropterin,C[C@H](O)[C@H](O)[C@H]1CNc2nc(N)[nH]c(=O)c2N1,2007.0
CHEMBL1201775,Sapropterin Dihydrochloride,C[C@H](O)[C@H](O)[C@H]1CNc2[nH]c(N)nc(=O)c2N1.Cl.Cl,2007.0
CHEMBL1201776,Tapentadol,CC[C@@H](c1cccc(O)c1)[C@@H](C)CN(C)C,2008.0
CHEMBL1201777,Tapentadol Hydrochloride,CC[C@@H](c1cccc(O)c1)[C@@H](C)CN(C)C.Cl,2008.0
CHEMBL1201780,Carglumic Acid,NC(=O)N[C@@H](CCC(=O)O)C(=O)O,2003.0
CHEMBL1201782,Fosaprepitant Dimeglumine,CNC[C@H](O)[C@@H](O)[C@H](O)[C@H](O)CO.CNC[C@H](O)[C@@H](O)[C@H](O)[C@H](O)CO.C[C@@H](O[C@H]1OCCN(Cc2nn(P(=O)(O)O)c(=O)[nH]2)[C@H]1c1ccc(F)cc1)c1cc(C(F)(F)F)cc(C(F)(F)F)c1,2008.0
CHEMBL1201784,Hexaminolevulinate,CCCCCCOC(=O)CCC(=O)CN,2010.0
CHEMBL1201785,Hexaminolevulinate Hydrochloride,CCCCCCOC(=O)CCC(=O)CN.Cl,2010.0
CHEMBL1201786,Lapyrium,CCCCCCCCCCCC(=O)OCCNC(=O)C[n+]1ccccc1,1982.0
CHEMBL1201787,Lapyrium Chloride,CCCCCCCCCCCC(=O)OCCNC(=O)C[n+]1ccccc1.[Cl-],1982.0
CHEMBL1201794,Riboflavin 5'-Phosphate,Cc1cc2nc3c(=O)[nH]c(=O)nc-3n(C[C@H](O)[C@H](O)[C@H](O)COP(=O)(O)O)c2cc1C,1985.0
CHEMBL1201863,Dexlansoprazole,Cc1c(OCC(F)(F)F)ccnc1C[S@@+]([O-])c1nc2ccccc2[nH]1,2009.0
CHEMBL1201864,Dienogest,C[C@]12CCC3=C4CCC(=O)C=C4CC[C@H]3[C@@H]1CC[C@@]2(O)CC#N,2010.0
CHEMBL1201891,Deflazacort,CC(=O)OCC(=O)[C@@]12N=C(C)O[C@@H]1C[C@H]1[C@@H]3CCC4=CC(=O)C=C[C@]4(C)[C@H]3[C@@H](O)C[C@@]12C,2017.0
CHEMBL1204165,Dilevalol Hydrochloride,C[C@H](CCc1ccccc1)NC[C@H](O)c1ccc(O)c(C(N)=O)c1.Cl,1990.0
CHEMBL1204187,Gepirone Hydrochloride,CC1(C)CC(=O)N(CCCCN2CCN(c3ncccn3)CC2)C(=O)C1.Cl,2023.0
CHEMBL1206690,Parecoxib,CCC(=O)NS(=O)(=O)c1ccc(-c2c(-c3ccccc3)noc2C)cc1,2002.0
CHEMBL1208155,Elagolix,COc1cccc(-c2c(C)n(Cc3c(F)cccc3C(F)(F)F)c(=O)n(C[C@H](NCCCC(=O)O)c3ccccc3)c2=O)c1F,2018.0
CHEMBL1208422,Rose Bengal Free Acid,O=C(O)c1c(Cl)c(Cl)c(Cl)c(Cl)c1-c1c2cc(I)c(=O)c(I)c-2oc2c(I)c(O)c(I)cc12,1971.0
CHEMBL1208642,Thiosulfuric Acid,O=S(O)(O)=S,1992.0
CHEMBL1208646,Theophylline Glycinate,Cn1c(=O)c2[nH]cnc2n(C)c1=O.NCC(=O)O,1982.0
CHEMBL1213165,Dolutegravir Sodium,C[C@@H]1CCO[C@H]2Cn3cc(C(=O)NCc4ccc(F)cc4F)c(=O)c([O-])c3C(=O)N12.[Na+],2013.0
CHEMBL1213250,Ceftolozane Sulfate,Cn1c(N)c(NC(=O)NCCN)c[n+]1CC1=C(C(=O)O)N2C(=O)[C@@H](NC(=O)/C(=N\OC(C)(C)C(=O)[O-])c3nsc(N)n3)[C@H]2SC1.O=S(=O)(O)O,2014.0
CHEMBL1213251,Clobenzorex,CC(Cc1ccccc1)NCc1ccccc1Cl,
CHEMBL1213252,Clorazepic Acid,O=C(O)C1N=C(c2ccccc2)c2cc(Cl)ccc2NC1=O,1972.0
CHEMBL1213351,Propoxyphene,CCC(=O)O[C@](Cc1ccccc1)(c1ccccc1)[C@H](C)CN(C)C,1957.0
CHEMBL1213492,Givinostat,CCN(CC)Cc1ccc2cc(COC(=O)Nc3ccc(C(=O)NO)cc3)ccc2c1,2024.0
CHEMBL1214124,Perampanel,N#Cc1ccccc1-c1cc(-c2ccccn2)cn(-c2ccccc2)c1=O,2012.0
CHEMBL1222250,Dextrose,OC[C@H]1OC(O)[C@H](O)[C@@H](O)[C@@H]1O,1982.0
CHEMBL1229211,Dolutegravir,C[C@@H]1CCO[C@H]2Cn3cc(C(=O)NCc4ccc(F)cc4F)c(=O)c(O)c3C(=O)N12,2013.0
CHEMBL1229517,Vemurafenib,CCCS(=O)(=O)Nc1ccc(F)c(C(=O)c2c[nH]c3ncc(-c4ccc(Cl)cc4)cc23)c1F,2011.0
CHEMBL1230314,Estetrol Anhydrous,C[C@]12CC[C@@H]3c4ccc(O)cc4CC[C@H]3[C@@H]1[C@@H](O)[C@@H](O)[C@@H]2O,2021.0
CHEMBL1231574,Levomefolic Acid,CN1c2c([nH]c(N)nc2=O)NC[C@@H]1CNc1ccc(C(=O)N[C@@H](CCC(=O)O)C(=O)O)cc1,2010.0
CHEMBL1232131,Dobesilic Acid,O=S(=O)(O)c1cc(O)ccc1O,
CHEMBL1233877,Krypton,[Kr],1982.0
CHEMBL1234579,Nitrous Oxide,[N-]=[N+]=O,
CHEMBL1234886,Oxygen,O=O,2006.0
CHEMBL1235452,Sulfur,S1SSSSSSS1,1982.0
CHEMBL1236315,Tartaric Acid,O=C(O)[C@H](O)[C@@H](O)C(=O)O,1985.0
CHEMBL1236802,Xenon,[Xe],1982.0
CHEMBL1236821,Xylose,O=C[C@H](O)[C@@H](O)[C@H](O)CO,1982.0
CHEMBL1237021,Lurasidone,O=C1[C@@H]2[C@H]3CC[C@H](C3)[C@@H]2C(=O)N1C[C@@H]1CCCC[C@H]1CN1CCN(c2nsc3ccccc23)CC1,2010.0
CHEMBL1237044,Tramadol,COc1cccc(C2(O)CCCCC2CN(C)C)c1,1995.0
CHEMBL1237054,Plicamycin,CO[C@H](C(=O)[C@@H](O)[C@@H](C)O)[C@@H]1Cc2cc3cc(O[C@H]4C[C@@H](O[C@@H]5C[C@@H](O)[C@H](O)[C@@H](C)O5)[C@H](O)[C@@H](C)O4)c(C)c(O)c3c(O)c2C(=O)[C@H]1O[C@H]1C[C@@H](O[C@@H]2C[C@@H](O)[C@@H](O[C@@H]3C[C@](C)(O)[C@H](O)[C@@H](C)O3)[C@@H](C)O2)[C@H](O)[C@@H](C)O1,1970.0
CHEMBL1237055,Hydromorphone Hydrochloride,CN1CC[C@]23c4c5ccc(O)c4O[C@H]2C(=O)CC[C@H]3[C@H]1C5.Cl,1984.0
CHEMBL1237061,Pitavastatin Calcium,O=C([O-])C[C@H](O)C[C@H](O)/C=C/c1c(C2CC2)nc2ccccc2c1-c1ccc(F)cc1.O=C([O-])C[C@H](O)C[C@H](O)/C=C/c1c(C2CC2)nc2ccccc2c1-c1ccc(F)cc1.[Ca+2],2009.0
CHEMBL1237065,Tramadol Hydrochloride,COc1cccc(C2(O)CCCCC2CN(C)C)c1.Cl,1995.0
CHEMBL1237066,Calcium Gluceptate,O=C([O-])C(O)[C@H](O)[C@@H](O)[C@H](O)[C@H](O)CO.O=C([O-])C(O)[C@H](O)[C@@H](O)[C@H](O)[C@H](O)CO.[Ca+2],1982.0
CHEMBL1237070,Micafungin Sodium,CCCCCOc1ccc(-c2cc(-c3ccc(C(=O)N[C@H]4C[C@@H](O)[C@@H](O)NC(=O)[C@@H]5[C@@H](O)[C@@H](C)CN5C(=O)[C@H]([C@H](O)CC(N)=O)NC(=O)[C@H]([C@H](O)[C@@H](O)c5ccc(O)c(OS(=O)(=O)[O-])c5)NC(=O)[C@@H]5C[C@@H](O)CN5C(=O)[C@H]([C@@H](C)O)NC4=O)cc3)no2)cc1.[Na+],2005.0
CHEMBL1237072,Dirithromycin,CC[C@H]1OC(=O)[C@H](C)[C@@H](O[C@H]2C[C@@](C)(OC)[C@@H](O)[C@H](C)O2)[C@H](C)[C@@H](O[C@@H]2O[C@H](C)C[C@H](N(C)C)[C@H]2O)[C@](C)(O)C[C@@H](C)[C@@H]2N[C@@H](COCCOC)O[C@H]([C@H]2C)[C@]1(C)O,1995.0
CHEMBL1237080,Granisetron Hydrochloride,CN1C2CCCC1CC(NC(=O)c1nn(C)c3ccccc13)C2.Cl,1993.0
CHEMBL1237082,Mecamylamine Hydrochloride,CNC1(C)C2CCC(C2)C1(C)C.Cl,1956.0
CHEMBL1237099,Doxacurium Chloride,COc1cc(CC2c3c(cc(OC)c(OC)c3OC)CC[N+]2(C)CCCOC(=O)CCC(=O)OCCC[N+]2(C)CCc3cc(OC)c(OC)c(OC)c3C2Cc2cc(OC)c(OC)c(OC)c2)cc(OC)c1OC.[Cl-].[Cl-],1991.0
CHEMBL1237102,Levocabastine Hydrochloride,C[C@@H]1CN([C@H]2CC[C@](C#N)(c3ccc(F)cc3)CC2)CC[C@]1(C(=O)O)c1ccccc1.Cl,1993.0
CHEMBL1237104,Propoxyphene Hydrochloride,CCC(=O)O[C@](Cc1ccccc1)(c1ccccc1)[C@H](C)CN(C)C.Cl,1957.0
CHEMBL1237105,Carboprost Tromethamine,CCCCC[C@](C)(O)/C=C/[C@@H]1[C@@H](C/C=C\CCCC(=O)O)[C@@H](O)C[C@H]1O.NC(CO)(CO)CO,1979.0
CHEMBL1237119,Treprostinil,CCCCC[C@H](O)CC[C@@H]1[C@H]2Cc3cccc(OCC(=O)O)c3C[C@H]2C[C@H]1O,2002.0
CHEMBL1237122,Carboprost,CCCCC[C@](C)(O)/C=C/[C@@H]1[C@@H](C/C=C\CCCC(=O)O)[C@@H](O)C[C@H]1O,1979.0
CHEMBL1237123,Doxacurium,COc1cc(CC2c3c(cc(OC)c(OC)c3OC)CC[N+]2(C)CCCOC(=O)CCC(=O)OCCC[N+]2(C)CCc3cc(OC)c(OC)c(OC)c3C2Cc2cc(OC)c(OC)c(OC)c2)cc(OC)c1OC,1991.0
CHEMBL1237132,Clevidipine,CCCC(=O)OCOC(=O)C1=C(C)NC(C)=C(C(=O)OC)C1c1cccc(Cl)c1Cl,2008.0
CHEMBL1237135,Maprotiline Hydrochloride,CNCCCC12CCC(c3ccccc31)c1ccccc12.Cl,1980.0
CHEMBL1241951,Letermovir,COc1cccc(N2CCN(C3=Nc4c(F)cccc4[C@H](CC(=O)O)N3c3cc(C(F)(F)F)ccc3OC)CC2)c1,2017.0
CHEMBL1254682,Levallorphan,C=CCN1CC[C@]23CCCC[C@H]2[C@H]1Cc1ccc(O)cc13,1982.0
CHEMBL1255654,Tetracaine Hydrochloride,CCCCNc1ccc(C(=O)OCCN(C)C)cc1.Cl,2016.0
CHEMBL1255739,Methapyrilene Hydrochloride,CN(C)CCN(Cc1cccs1)c1ccccn1.Cl,
CHEMBL1255800,Fidaxomicin,CCc1c(Cl)c(O)c(Cl)c(O)c1C(=O)O[C@H]1[C@H](O)[C@H](OC)[C@H](OC/C2=C\C=C\C[C@H](O)/C(C)=C/[C@H](CC)[C@@H](O[C@@H]3OC(C)(C)[C@@H](OC(=O)C(C)C)[C@H](O)[C@@H]3O)/C(C)=C/C(C)=C/C[C@@H]([C@@H](C)O)OC2=O)O[C@@H]1C,2011.0
CHEMBL1256137,Cysteamine Hydrochloride,Cl.NCCS,2012.0
CHEMBL1256391,Pirfenidone,Cc1ccc(=O)n(-c2ccccc2)c1,2011.0
CHEMBL1256400,Xylometazoline Hydrochloride,Cc1cc(C(C)(C)C)cc(C)c1CC1=NCCN1.Cl,
CHEMBL1256696,Carbetapentane Citrate,CCN(CC)CCOCCOC(=O)C1(c2ccccc2)CCCC1.O=C(O)CC(O)(CC(=O)O)C(=O)O,
CHEMBL1256786,Formoterol,COc1ccc(CC(C)NCC(O)c2ccc(O)c(NC=O)c2)cc1,2001.0
CHEMBL1256818,Dextromethorphan Hydrobromide,Br.COc1ccc2c(c1)[C@]13CCCC[C@@H]1[C@H](C2)N(C)CC3.O,1984.0
CHEMBL1256841,Nialamide,O=C(CCNNC(=O)c1ccncc1)NCc1ccccc1,
CHEMBL1256842,Nomifensine Maleate,CN1Cc2c(N)cccc2C(c2ccccc2)C1.O=C(O)/C=C\C(=O)O,1984.0
CHEMBL1256958,Epinephrine Bitartrate,CNC[C@H](O)c1ccc(O)c(O)c1.O=C(O)C(O)C(O)C(=O)O,1965.0
CHEMBL1256987,Fusidate Sodium,CC(=O)O[C@H]1C[C@@]2(C)[C@@H](C[C@@H](O)[C@H]3[C@@]4(C)CC[C@@H](O)[C@@H](C)[C@@H]4CC[C@@]32C)/C1=C(\CCC=C(C)C)C(=O)[O-].[Na+],
CHEMBL1257015,Picotamide,COc1ccc(C(=O)NCc2cccnc2)cc1C(=O)NCc1cccnc1,
CHEMBL1257040,Trifluoperazine Hydrochloride,CN1CCN(CCCN2c3ccccc3Sc3ccc(C(F)(F)F)cc32)CC1.Cl.Cl,1959.0
CHEMBL1257051,Tedizolid,Cn1nnc(-c2ccc(-c3ccc(N4C[C@H](CO)OC4=O)cc3F)cn2)n1,
CHEMBL1257073,Tecovirimat,O=C(NN1C(=O)[C@@H]2[C@@H]3C=C[C@@H]([C@H]4C[C@@H]34)[C@@H]2C1=O)c1ccc(C(F)(F)F)cc1,2018.0
CHEMBL1259059,Sofosbuvir,CC(C)OC(=O)[C@H](C)N[P@](=O)(OC[C@H]1O[C@@H](n2ccc(=O)[nH]c2=O)[C@](C)(F)[C@@H]1O)Oc1ccccc1,2013.0
CHEMBL1269025,Edoxaban,CN1CCc2nc(C(=O)N[C@@H]3C[C@@H](C(=O)N(C)C)CC[C@@H]3NC(=O)C(=O)Nc3ccc(Cl)cn3)sc2C1,2015.0
CHEMBL1276308,Mifepristone,CC#C[C@]1(O)CC[C@H]2[C@@H]3CCC4=CC(=O)CCC4=C3[C@@H](c3ccc(N(C)C)cc3)C[C@@]21C,2000.0
CHEMBL1287853,Fedratinib,Cc1cnc(Nc2ccc(OCCN3CCCC3)cc2)nc1Nc1cccc(S(=O)(=O)NC(C)(C)C)c1,2019.0
CHEMBL1289494,Tivozanib,COc1cc2nccc(Oc3ccc(NC(=O)Nc4cc(C)on4)c(Cl)c3)c2cc1OC,2017.0
CHEMBL1289601,Lenvatinib,COc1cc2nccc(Oc3ccc(NC(=O)NC4CC4)c(Cl)c3)c2cc1C(N)=O,2015.0
CHEMBL1289926,Axitinib,CNC(=O)c1ccccc1Sc1ccc2c(/C=C/c3ccccn3)n[nH]c2c1,2012.0
CHEMBL1314751,Prochlorperazine Maleate,CN1CCN(CCCN2c3ccccc3Sc3ccc(Cl)cc32)CC1.O=C(O)/C=C\C(=O)O.O=C(O)/C=C\C(=O)O,1956.0
CHEMBL1315867,Terbutaline Sulfate,CC(C)(C)NCC(O)c1cc(O)cc(O)c1.CC(C)(C)NCC(O)c1cc(O)cc(O)c1.O=S(=O)(O)O,1974.0
CHEMBL1318287,Pentolinium Tartrate,C[N+]1(CCCCC[N+]2(C)CCCC2)CCCC1.O=C([O-])[C@H](O)[C@@H](O)C(=O)O.O=C([O-])[C@H](O)[C@@H](O)C(=O)O,1982.0
CHEMBL1319139,Bromhexine Hydrochloride,CN(Cc1cc(Br)cc(Br)c1N)C1CCCCC1.Cl,
CHEMBL1319362,Homatropine Hydrobromide,Br.CN1[C@@H]2CC[C@H]1C[C@@H](OC(=O)C(O)c1ccccc1)C2,
CHEMBL1322884,Phenothrin,CC(C)=CC1C(C(=O)OCc2cccc(Oc3ccccc3)c2)C1(C)C,
CHEMBL1329455,Molsidomine,CCOC(=O)[N-]c1c[n+](N2CCOCC2)no1,
CHEMBL1330792,Acetarsone,CC(=O)Nc1cc([As](=O)(O)O)ccc1O,
CHEMBL1334033,Perhexiline Maleate,C1CCC(C(CC2CCCCN2)C2CCCCC2)CC1.O=C(O)/C=C\C(=O)O,1974.0
CHEMBL1334078,Sodium Hypochlorite,[Na+].[O-]Cl,
CHEMBL1354199,Methscopolamine Bromide,C[N+]1(C)[C@@H]2C[C@@H](OC(=O)[C@H](CO)c3ccccc3)C[C@H]1[C@@H]1O[C@@H]12.[Br-],1953.0
CHEMBL1356238,Pyrithione,[O-][n+]1ccccc1S,1986.0
CHEMBL1357648,Amodiaquine Hydrochloride,CCN(CC)Cc1cc(Nc2ccnc3cc(Cl)ccc23)ccc1O.Cl.Cl.O.O,1982.0
CHEMBL1364144,Methylprednisolone Acetate,CC(=O)OCC(=O)[C@@]1(O)CC[C@H]2[C@@H]3C[C@H](C)C4=CC(=O)C=C[C@]4(C)[C@H]3[C@@H](O)C[C@@]21C,1959.0
CHEMBL1364551,Minaprine Hydrochloride,Cc1cc(-c2ccccc2)nnc1NCCN1CCOCC1.Cl.Cl,
CHEMBL1367605,Ritodrine Hydrochloride,CC(NCCc1ccc(O)cc1)C(O)c1ccc(O)cc1.Cl,1982.0
CHEMBL1372950,Nicergoline,CO[C@]12C[C@@H](COC(=O)c3cncc(Br)c3)CN(C)[C@@H]1Cc1cn(C)c3cccc2c13,
CHEMBL1374379,Benzonatate,CCCCNc1ccc(C(=O)OCCOCCOCCOCCOCCOCCOCCOCCOCCOC)cc1,1958.0
CHEMBL1375743,Ziprasidone Hydrochloride,Cl.O.O=C1Cc2cc(CCN3CCN(c4nsc5ccccc45)CC3)c(Cl)cc2N1,2001.0
CHEMBL1382627,"Sulfadiazine, Silver",Nc1ccc(S(=O)(=O)[N-]c2ncccn2)cc1.[Ag+],1973.0
CHEMBL1398126,Amiloride Hydrochloride,Cl.N=C(N)NC(=O)c1nc(Cl)c(N)nc1N.O.O,1981.0
CHEMBL1402684,Oxyphenisatin Acetate,CC(=O)Oc1ccc(C2(c3ccc(OC(C)=O)cc3)C(=O)Nc3ccccc32)cc1,
CHEMBL1407915,Nefopam Hydrochloride,CN1CCOC(c2ccccc2)c2ccccc2C1.Cl,
CHEMBL1410743,Paraldehyde,CC1OC(C)OC(C)O1,
CHEMBL1411979,Methapyrilene,CN(C)CCN(Cc1cccs1)c1ccccn1,
CHEMBL1414320,Suxibuzone,CCCCC1(COC(=O)CCC(=O)O)C(=O)N(c2ccccc2)N(c2ccccc2)C1=O,
CHEMBL1417019,Mitoxantrone Hydrochloride,Cl.Cl.O=C1c2c(O)ccc(O)c2C(=O)c2c(NCCNCCO)ccc(NCCNCCO)c21,1987.0
CHEMBL1418176,Methandrostenolone,C[C@]12C=CC(=O)C=C1CC[C@@H]1[C@@H]2CC[C@@]2(C)[C@H]1CC[C@]2(C)O,
CHEMBL1434513,Norepinephrine Bitartrate,NC[C@H](O)c1ccc(O)c(O)c1.O.O=C(O)C(O)C(O)C(=O)O,1950.0
CHEMBL1441059,Albuterol Sulfate,CC(C)(C)NCC(O)c1ccc(O)c(CO)c1.CC(C)(C)NCC(O)c1ccc(O)c(CO)c1.O=S(=O)(O)O,1982.0
CHEMBL1442422,Dibenzepin,CN(C)CCN1C(=O)c2ccccc2N(C)c2ccccc21,
CHEMBL1446650,Mebeverine Hydrochloride,CCN(CCCCOC(=O)c1ccc(OC)c(OC)c1)C(C)Cc1ccc(OC)cc1.Cl,
CHEMBL1446813,Betahistine Hydrochloride,CNCCc1ccccn1.Cl.Cl,
CHEMBL1447476,Bithionolate Sodium,[Na+].[Na+].[O-]c1c(Cl)cc(Cl)cc1Sc1cc(Cl)cc(Cl)c1[O-],
CHEMBL1448187,Fluphenazine Hydrochloride,Cl.Cl.OCCN1CCN(CCCN2c3ccccc3Sc3ccc(C(F)(F)F)cc32)CC1,1959.0
CHEMBL1449676,Ornidazole,Cc1ncc([N+](=O)[O-])n1CC(O)CCl,
CHEMBL1452696,Feprazone,CC(C)=CCC1C(=O)N(c2ccccc2)N(c2ccccc2)C1=O,
CHEMBL1454910,Nitroxoline,O=[N+]([O-])c1ccc(O)c2ncccc12,
CHEMBL1463345,Canrenone,C[C@]12CCC(=O)C=C1C=C[C@@H]1[C@@H]2CC[C@@]2(C)[C@H]1CC[C@@]21CCC(=O)O1,
CHEMBL1472989,Bisoprolol Fumarate,CC(C)NCC(O)COc1ccc(COCCOC(C)C)cc1.CC(C)NCC(O)COc1ccc(COCCOC(C)C)cc1.O=C(O)/C=C/C(=O)O,1992.0
CHEMBL1474889,Clobutinol,CC(CN(C)C)C(C)(O)Cc1ccc(Cl)cc1,1961.0
CHEMBL1474963,Benzarone,CCc1oc2ccccc2c1C(=O)c1ccc(O)cc1,
CHEMBL1476022,Nomegestrol Acetate,CC(=O)O[C@]1(C(C)=O)CC[C@H]2[C@@H]3C=C(C)C4=CC(=O)CC[C@@H]4[C@H]3CC[C@@]21C,
CHEMBL1477036,Docusate,CCCCC(CC)COC(=O)CC(C(=O)OCC(CC)CCCC)S(=O)(=O)O,
CHEMBL1477274,Meptazinol Hydrochloride,CCC1(c2cccc(O)c2)CCCCN(C)C1.Cl,
CHEMBL1480987,Cyclandelate,CC1CC(OC(=O)C(O)c2ccccc2)CC(C)(C)C1,
CHEMBL1492500,Dothiepin,CN(C)CC/C=C1\c2ccccc2CSc2ccccc21,
CHEMBL1500276,Oxeladin,CCN(CC)CCOCCOC(=O)C(CC)(CC)c1ccccc1,
CHEMBL1511957,Piperidolate Hydrochloride,CCN1CCCC(OC(=O)C(c2ccccc2)c2ccccc2)C1.Cl,
CHEMBL1514715,Ethamsylate,CCNCC.O=S(=O)(O)c1cc(O)ccc1O,
CHEMBL1515611,Bromisovalum,CC(C)C(Br)C(=O)NC(N)=O,
CHEMBL1516474,Tegaserod Maleate,CCCCCNC(=N)N/N=C/c1c[nH]c2ccc(OC)cc12.O=C(O)/C=C\C(=O)O,2002.0
CHEMBL1523964,Ephedrine Sulfate,CN[C@@H](C)[C@H](O)c1ccccc1.CN[C@@H](C)[C@H](O)c1ccccc1.O=S(=O)(O)O,2016.0
CHEMBL1524273,Phthalylsulfathiazole,O=C(O)c1ccccc1C(=O)Nc1ccc(S(=O)(=O)Nc2nccs2)cc1,
CHEMBL1525826,Sulfalene,COc1nccnc1NS(=O)(=O)c1ccc(N)cc1,
CHEMBL1528134,Benzydamine Hydrochloride,CN(C)CCCOc1nn(Cc2ccccc2)c2ccccc12.Cl,
CHEMBL1528839,Phenformin Hydrochloride,Cl.N=C(N)NC(=N)NCCc1ccccc1,
CHEMBL1530428,Dexamethasone Acetate,CC(=O)OCC(=O)[C@@]1(O)[C@H](C)C[C@H]2[C@@H]3CCC4=CC(=O)C=C[C@]4(C)[C@@]3(F)[C@@H](O)C[C@@]21C,1973.0
CHEMBL1531864,Pirenzepine Hydrochloride,CN1CCN(CC(=O)N2c3ccccc3C(=O)Nc3cccnc32)CC1.Cl.Cl,
CHEMBL1533310,Histamine Dihydrochloride,Cl.Cl.NCCc1c[nH]cn1,2008.0
CHEMBL1534525,Mibefradil Dihydrochloride,COCC(=O)O[C@]1(CCN(C)CCCc2nc3ccccc3[nH]2)CCc2cc(F)ccc2[C@@H]1C(C)C.Cl.Cl,1997.0
CHEMBL1560089,Xanthinol Niacinate,CN(CCO)CC(O)Cn1cnc2c1c(=O)n(C)c(=O)n2C.O=C(O)c1cccnc1,
CHEMBL1562610,Meclofenamate Sodium,Cc1ccc(Cl)c(Nc2ccccc2C(=O)[O-])c1Cl.O.[Na+],1980.0
CHEMBL1567328,Omeprazole Magnesium,COc1ccc2[n-]c([S+]([O-])Cc3ncc(C)c(OC)c3C)nc2c1.COc1ccc2[n-]c([S+]([O-])Cc3ncc(C)c(OC)c3C)nc2c1.[Mg+2],2003.0
CHEMBL1568057,Metaproterenol Sulfate,CC(C)NCC(O)c1cc(O)cc(O)c1.CC(C)NCC(O)c1cc(O)cc(O)c1.O=S(=O)(O)O,1973.0
CHEMBL1568276,Nafcillin Sodium,CCOc1ccc2ccccc2c1C(=O)N[C@@H]1C(=O)N2[C@@H]1SC(C)(C)[C@@H]2C(=O)[O-].O.[Na+],1965.0
CHEMBL1568698,Ganaxolone,CC(=O)[C@H]1CC[C@H]2[C@@H]3CC[C@H]4C[C@](C)(O)CC[C@]4(C)[C@H]3CC[C@]12C,2022.0
CHEMBL1571863,Isoconazole,Clc1ccc(C(Cn2ccnc2)OCc2c(Cl)cccc2Cl)c(Cl)c1,
CHEMBL1593558,Debrisoquin Sulfate,N=C(N)N1CCc2ccccc2C1.N=C(N)N1CCc2ccccc2C1.O=S(=O)(O)O,
CHEMBL1593719,Phenicarbazide,NC(=O)NNc1ccccc1,
CHEMBL1593906,Levopropoxyphene Napsylate,CCC(=O)O[C@@](Cc1ccccc1)(c1ccccc1)[C@@H](C)CN(C)C.O=S(=O)(O)c1ccc2ccccc2c1,1962.0
CHEMBL1599768,Pyrantel Pamoate,CN1CCCN=C1/C=C/c1cccs1.O=C(O)c1cc2ccccc2c(Cc2c(O)c(C(=O)O)cc3ccccc23)c1O,
CHEMBL1601669,Alfacalcidol,C=C1/C(=C\C=C2/CCC[C@]3(C)[C@@H]([C@H](C)CCCC(C)C)CC[C@@H]23)C[C@@H](O)C[C@@H]1O,
CHEMBL1607273,Cetirizine Hydrochloride,Cl.Cl.O=C(O)COCCN1CCN(C(c2ccccc2)c2ccc(Cl)cc2)CC1,1995.0
CHEMBL1607480,Oxytetracycline Hydrochloride,CN(C)[C@@H]1C(O)=C(C(N)=O)C(=O)[C@@]2(O)C(O)=C3C(=O)c4c(O)cccc4[C@@](C)(O)[C@H]3[C@H](O)[C@@H]12.Cl,1964.0
CHEMBL1614701,Selumetinib,Cn1cnc2c(F)c(Nc3ccc(Br)cc3Cl)c(C(=O)NOCCO)cc21,2020.0
CHEMBL1615350,Clomacran,CN(C)CCCC1c2ccccc2Nc2ccc(Cl)cc21,
CHEMBL1615369,Dabigatran Etexilate Mesylate,CCCCCCOC(=O)NC(=N)c1ccc(NCc2nc3cc(C(=O)N(CCC(=O)OCC)c4ccccn4)ccc3n2C)cc1.CS(=O)(=O)O,2008.0
CHEMBL1615371,Levomefolate Calcium,CN1c2c([nH]c(N)nc2=O)NC[C@@H]1CNc1ccc(C(=O)N[C@@H](CCC(=O)[O-])C(=O)[O-])cc1.[Ca+2],2010.0
CHEMBL1615372,Lurasidone Hydrochloride,Cl.O=C1[C@@H]2[C@H]3CC[C@H](C3)[C@@H]2C(=O)N1C[C@@H]1CCCC[C@H]1CN1CCN(c2nsc3ccccc23)CC1,2010.0
CHEMBL1615374,Vilazodone Hydrochloride,Cl.N#Cc1ccc2[nH]cc(CCCCN3CCN(c4ccc5oc(C(N)=O)cc5c4)CC3)c2c1,2011.0
CHEMBL1615438,Levocabastine,C[C@@H]1CN([C@H]2CC[C@](C#N)(c3ccc(F)cc3)CC2)CC[C@]1(C(=O)O)c1ccccc1,1993.0
CHEMBL1615439,Phendimetrazine,C[C@H]1[C@H](c2ccccc2)OCCN1C,1976.0
CHEMBL1615487,Iodoxamic Acid,O=C(CCOCCOCCOCCOCCC(=O)Nc1c(I)cc(I)c(C(=O)O)c1I)Nc1c(I)cc(I)c(C(=O)O)c1I,1982.0
CHEMBL1615779,Iobenguane I 131,N=C(N)NCc1cccc([131I])c1,2018.0
CHEMBL1616046,Hypochlorous Acid,OCl,
CHEMBL1618018,Homatropine,CN1[C@@H]2CC[C@H]1C[C@@H](OC(=O)C(O)c1ccccc1)C2,
CHEMBL1621597,Ipratropium,CC(C)[N+]1(C)[C@@H]2CC[C@H]1C[C@@H](OC(=O)C(CO)c1ccccc1)C2,1986.0
CHEMBL1623992,Piperidolate,CCN1CCCC(OC(=O)C(c2ccccc2)c2ccccc2)C1,
CHEMBL1624126,Xanthinol,CN(CCO)CC(O)Cn1cnc2c1c(=O)n(C)c(=O)n2C,
CHEMBL1626223,Pyrantel,CN1CCCN=C1/C=C/c1cccs1,
CHEMBL1626570,Hexocyclium Methylsulfate,COS(=O)(=O)[O-].C[N+]1(C)CCN(CC(O)(c2ccccc2)C2CCCCC2)CC1,1982.0
CHEMBL1627367,Fluoroestradiol,C[C@]12CC[C@@H]3c4ccc(O)cc4CC[C@H]3[C@@H]1C[C@@H](F)[C@@H]2O,2020.0
CHEMBL1628227,Doxepin,CN(C)CCC=C1c2ccccc2COc2ccccc21,1969.0
CHEMBL1628233,Fluorescein Sodium,O=C([O-])c1ccccc1-c1c2ccc(=O)cc-2oc2cc([O-])ccc12.[Na+].[Na+],1976.0
CHEMBL1628234,Doxepin Hydrochloride,CN(C)CCC=C1c2ccccc2COc2ccccc21.Cl,1969.0
CHEMBL1628385,Procaine Benzylpenicillin,CC1(C)S[C@@H]2[C@H](NC(=O)Cc3ccccc3)C(=O)N2[C@H]1C(=O)O.CCN(CC)CCOC(=O)c1ccc(N)cc1,1948.0
CHEMBL1628502,Gabapentin Enacarbil,CC(OC(=O)NCC1(CC(=O)O)CCCCC1)OC(=O)C(C)C,2011.0
CHEMBL1628504,Rilpivirine Hydrochloride,Cc1cc(/C=C/C#N)cc(C)c1Nc1ccnc(Nc2ccc(C#N)cc2)n1.Cl,2011.0
CHEMBL1630575,Caspofungin,CC[C@H](C)C[C@H](C)CCCCCCCCC(=O)N[C@H]1C[C@@H](O)[C@@H](NCCN)NC(=O)[C@@H]2[C@@H](O)CCN2C(=O)[C@H]([C@H](O)CCN)NC(=O)[C@H]([C@H](O)[C@@H](O)c2ccc(O)cc2)NC(=O)[C@@H]2C[C@@H](O)CN2C(=O)[C@H]([C@@H](C)O)NC1=O,2001.0
CHEMBL1631694,Fexinidazole,CSc1ccc(OCc2ncc([N+](=O)[O-])n2C)cc1,2021.0
CHEMBL1643895,Ramosetron,Cn1cc(C(=O)[C@@H]2CCc3[nH]cnc3C2)c2ccccc21,2015.0
CHEMBL1644029,Potassium Nitrate,O=[N+]([O-])[O-].[K+],
CHEMBL1644695,Sodium Iodide,[I-].[Na+],1976.0
CHEMBL1650443,Trelagliptin,Cn1c(=O)cc(N2CCC[C@@H](N)C2)n(Cc2cc(F)ccc2C#N)c1=O,
CHEMBL1650559,Plazomicin,CN[C@@H]1[C@@H](O)[C@@H](O[C@@H]2[C@@H](O)[C@H](O[C@H]3OC(CNCCO)=CC[C@H]3N)[C@@H](N)C[C@H]2NC(=O)[C@@H](O)CCN)OC[C@]1(C)O,2018.0
CHEMBL1650818,Amdinocillin Pivoxil,CC(C)(C)C(=O)OCOC(=O)[C@@H]1N2C(=O)[C@@H](/N=C/N3CCCCCC3)[C@H]2SC1(C)C,2024.0
CHEMBL1651990,Fenticonazole,Clc1ccc(C(Cn2ccnc2)OCc2ccc(Sc3ccccc3)cc2)c(Cl)c1,
CHEMBL1652606,Ceftobiprole Medocaril Free Acid,Cc1oc(=O)oc1COC(=O)N1CC[C@@H](N2CC/C(=C\C3=C(C(=O)O)N4C(=O)[C@@H](NC(=O)/C(=N/O)c5nsc(N)n5)[C@H]4SC3)C2=O)C1,2024.0
CHEMBL1683544,Eribulin Mesylate,C=C1C[C@@H]2CC[C@@]34C[C@H]5O[C@H]6[C@@H](O3)[C@H]3O[C@H](CC[C@@H]3O[C@H]6[C@H]5O4)CC(=O)C[C@@H]3[C@@H](OC)[C@@H](C[C@H](O)CN)O[C@H]3C[C@H]3O[C@@H](CC[C@@H]1O2)C[C@@H](C)C3=C.CS(=O)(=O)O,2010.0
CHEMBL1683590,Eribulin,C=C1C[C@@H]2CC[C@@]34C[C@H]5O[C@H]6[C@@H](O3)[C@H]3O[C@H](CC[C@@H]3O[C@H]6[C@H]5O4)CC(=O)C[C@@H]3[C@@H](OC)[C@@H](C[C@H](O)CN)O[C@H]3C[C@H]3O[C@@H](CC[C@@H]1O2)C[C@@H](C)C3=C,2010.0
CHEMBL1688530,Oritavancin,CN[C@H](CC(C)C)C(=O)N[C@H]1C(=O)N[C@@H](CC(N)=O)C(=O)N[C@H]2C(=O)N[C@H]3C(=O)N[C@H](C(=O)N[C@H](C(=O)O)c4cc(O)cc(O)c4-c4cc3ccc4O)[C@H](O[C@H]3C[C@](C)(N)[C@@H](O)[C@H](C)O3)c3ccc(c(Cl)c3)Oc3cc2cc(c3O[C@@H]2O[C@H](CO)[C@@H](O)[C@H](O)[C@H]2O[C@H]2C[C@](C)(NCc3ccc(-c4ccc(Cl)cc4)cc3)[C@@H](O)[C@H](C)O2)Oc2ccc(cc2Cl)[C@H]1O,2014.0
CHEMBL1689063,Avibactam,NC(=O)[C@@H]1CC[C@@H]2CN1C(=O)N2OS(=O)(=O)O,2015.0
CHEMBL1689772,Omadacycline,CN(C)c1cc(CNCC(C)(C)C)c(O)c2c1C[C@H]1C[C@H]3[C@H](N(C)C)C(O)=C(C(N)=O)C(=O)[C@@]3(O)C(O)=C1C2=O,2018.0
CHEMBL1697686,Cloforex,CCOC(=O)NC(C)(C)Cc1ccc(Cl)cc1,
CHEMBL1697708,Mezlocillin Sodium,CC1(C)S[C@@H]2[C@H](NC(=O)[C@H](NC(=O)N3CCN(S(C)(=O)=O)C3=O)c3ccccc3)C(=O)N2[C@H]1C(=O)[O-].[Na+],1981.0
CHEMBL1697717,Carbenoxolone Sodium,CC1(C)[C@@H](OC(=O)CCC(=O)[O-])CC[C@]2(C)[C@H]3C(=O)C=C4[C@@H]5C[C@@](C)(C(=O)[O-])CC[C@]5(C)CC[C@@]4(C)[C@]3(C)CC[C@@H]12.[Na+].[Na+],
CHEMBL1697737,Clotiazepam,CCc1cc2c(s1)N(C)C(=O)CN=C2c1ccccc1Cl,
CHEMBL1697744,Erdosteine,O=C(O)CSCC(=O)NC1CCSC1=O,
CHEMBL1697751,Isaxonine Phosphate,CC(C)Nc1ncccn1.O=P(O)(O)O,
CHEMBL1697760,Muzolimine,CC(c1ccc(Cl)c(Cl)c1)N1N=C(N)CC1=O,
CHEMBL1697768,Sodium Picosulfate,O=S(=O)([O-])Oc1ccc(C(c2ccc(OS(=O)(=O)[O-])cc2)c2ccccn2)cc1.[Na+].[Na+],2012.0
CHEMBL1697841,Isometheptene,CNC(C)CCC=C(C)C,
CHEMBL1697856,Bucetin,CCOc1ccc(NC(=O)CC(C)O)cc1,
CHEMBL1707007,Glucosamine Hydrochloride,Cl.N[C@H]1C(O)O[C@H](CO)[C@@H](O)[C@@H]1O,
CHEMBL1711280,Dothiepin Hydrochloride,CN(C)CC/C=C1\c2ccccc2CSc2ccccc21.Cl,
CHEMBL1712842,Mepazine Acetate,CC(=O)O.CN1CCCC(CN2c3ccccc3Sc3ccccc32)C1,
CHEMBL1714574,Terconazole,CC(C)N1CCN(c2ccc(OCC3COC(Cn4cncn4)(c4ccc(Cl)cc4Cl)O3)cc2)CC1,1987.0
CHEMBL1722209,Tolterodine Tartrate,Cc1ccc(O)c([C@H](CCN(C(C)C)C(C)C)c2ccccc2)c1.O=C(O)C(O)C(O)C(=O)O,1998.0
CHEMBL1723241,Sulfacetamide Sodium,CC(=O)[N-]S(=O)(=O)c1ccc(N)cc1.O.[Na+],1961.0
CHEMBL1738797,Alectinib,CCc1cc2c(cc1N1CCC(N3CCOCC3)CC1)C(C)(C)c1[nH]c3cc(C#N)ccc3c1C2=O,2015.0
CHEMBL1738990,Levopropoxyphene,CCC(=O)O[C@@](Cc1ccccc1)(c1ccccc1)[C@@H](C)CN(C)C,1962.0
CHEMBL1740513,Isaxonine,CC(C)Nc1ncccn1,
CHEMBL1741134,Picosulfuric Acid,O=S(=O)(O)Oc1ccc(C(c2ccc(OS(=O)(=O)O)cc2)c2ccccn2)cc1,2012.0
CHEMBL1742423,Bilastine,CCOCCn1c(C2CCN(CCc3ccc(C(C)(C)C(=O)O)cc3)CC2)nc2ccccc21,
CHEMBL1742424,Celiprolol Hydrochloride,CCN(CC)C(=O)Nc1ccc(OCC(O)CNC(C)(C)C)c(C(C)=O)c1.Cl,
CHEMBL1742466,Landiolol,CC1(C)OC[C@@H](COC(=O)CCc2ccc(OC[C@@H](O)CNCCNC(=O)N3CCOCC3)cc2)O1,2024.0
CHEMBL1742471,Ebrotidine,NC(N)=Nc1nc(CSCCN/C=N/S(=O)(=O)c2ccc(Br)cc2)cs1,
CHEMBL1744447,Rosuvastatin Calcium,CC(C)c1nc(N(C)S(C)(=O)=O)nc(-c2ccc(F)cc2)c1/C=C/[C@@H](O)C[C@@H](O)CC(=O)[O-].CC(C)c1nc(N(C)S(C)(=O)=O)nc(-c2ccc(F)cc2)c1/C=C/[C@@H](O)C[C@@H](O)CC(=O)[O-].[Ca+2],2003.0
CHEMBL1767408,Diquafosol Tetrasodium,O=c1ccn([C@@H]2O[C@H](COP(=O)([O-])OP(=O)([O-])OP(=O)([O-])OP(=O)([O-])OC[C@H]3O[C@@H](n4ccc(=O)[nH]c4=O)[C@H](O)[C@@H]3O)[C@@H](O)[C@H]2O)c(=O)[nH]1.[Na+].[Na+].[Na+].[Na+],2010.0
CHEMBL1770248,Ertugliflozin,CCOc1ccc(Cc2cc([C@]34OC[C@](CO)(O3)[C@@H](O)[C@H](O)[C@H]4O)ccc2Cl)cc1,2017.0
CHEMBL1770916,Nirogacestat,CCC[C@H](N[C@H]1CCc2cc(F)cc(F)c2C1)C(=O)Nc1cn(C(C)(C)CNCC(C)(C)C)cn1,2023.0
CHEMBL1774461,Florbetapir F 18,CNc1ccc(/C=C/c2ccc(OCCOCCOCC[18F])nc2)cc1,2012.0
CHEMBL1779710,Evogliptin,CC(C)(C)OC[C@@H]1C(=O)NCCN1C(=O)C[C@H](N)Cc1cc(F)c(F)cc1F,2015.0
CHEMBL1788132,Lofexidine Hydrochloride,CC(Oc1c(Cl)cccc1Cl)C1=NCCN1.Cl,2018.0
CHEMBL1788385,Tilbroquinol,Cc1cc(Br)c(O)c2ncccc12,
CHEMBL1788386,Tetramethrin,CC(C)=CC1C(C(=O)OCN2C(=O)C3=C(CCCC3)C2=O)C1(C)C,
CHEMBL1788403,Bioallethrin,C=CCC1=C(C)C(OC(=O)[C@@H]2[C@@H](C=C(C)C)C2(C)C)CC1=O,
CHEMBL1789842,Indacaterol Maleate,CCc1cc2c(cc1CC)CC(NC[C@H](O)c1ccc(O)c3[nH]c(=O)ccc13)C2.O=C(O)/C=C\C(=O)O,2009.0
CHEMBL1789941,Ruxolitinib,N#CC[C@H](C1CCCC1)n1cc(-c2ncnc3[nH]ccc23)cn1,2011.0
CHEMBL1790041,Ranitidine,CNC(=C[N+](=O)[O-])NCCSCc1ccc(CN(C)C)o1,1983.0
CHEMBL1795071,Ruxolitinib Phosphate,N#CC[C@H](C1CCCC1)n1cc(-c2ncnc3[nH]ccc23)cn1.O=P(O)(O)O,2011.0
CHEMBL1796997,Helium,[He],2015.0
CHEMBL1796998,Sulfur Hexafluoride,FS(F)(F)(F)(F)F,2001.0
CHEMBL1800159,Relugolix,CONC(=O)Nc1ccc(-c2sc3c(c2CN(C)C)c(=O)n(-c2ccc(OC)nn2)c(=O)n3Cc2c(F)cccc2F)cc1,
CHEMBL1801800,Metabromsalan,O=C(Nc1ccccc1)c1cc(Br)cc(Br)c1O,
CHEMBL1808388,Bexagliflozin,OC[C@H]1O[C@@H](c2ccc(Cl)c(Cc3ccc(OCCOC4CC4)cc3)c2)[C@H](O)[C@@H](O)[C@@H]1O,2023.0
CHEMBL1834657,Infigratinib Phosphate,CCN1CCN(c2ccc(Nc3cc(N(C)C(=O)Nc4c(Cl)c(OC)cc(OC)c4Cl)ncn3)cc2)CC1.O=P(O)(O)O,2021.0
CHEMBL1852688,Infigratinib,CCN1CCN(c2ccc(Nc3cc(N(C)C(=O)Nc4c(Cl)c(OC)cc(OC)c4Cl)ncn3)cc2)CC1,2021.0
CHEMBL1863513,Ingenol Mebutate,C/C=C(/C)C(=O)O[C@H]1C(C)=C[C@]23C(=O)[C@@H](C=C(CO)[C@@H](O)[C@]12O)[C@H]1[C@@H](C[C@H]3C)C1(C)C,2010.0
CHEMBL1865134,Dibunic Acid,CC(C)(C)c1ccc2c(S(=O)(=O)O)c(C(C)(C)C)ccc2c1,
CHEMBL1873475,Ibrutinib,C=CC(=O)N1CCC[C@@H](n2nc(-c3ccc(Oc4ccccc4)cc3)c3c(N)ncnc32)C1,2013.0
CHEMBL1874750,Cinepazide,COc1cc(/C=C/C(=O)N2CCN(CC(=O)N3CCCC3)CC2)cc(OC)c1OC,1980.0
CHEMBL1887891,Dexfenfluramine Hydrochloride,CCN[C@@H](C)Cc1cccc(C(F)(F)F)c1.Cl,
CHEMBL1888176,Trospium,O=C(O[C@H]1C[C@H]2CC[C@@H](C1)[N+]21CCCC1)C(O)(c1ccccc1)c1ccccc1,2004.0
CHEMBL1889140,Ropivacaine Hydrochloride,CCCN1CCCC[C@H]1C(=O)Nc1c(C)cccc1C.Cl,1996.0
CHEMBL1899801,Perflenapent,FC(F)(F)C(F)(F)C(F)(F)C(F)(F)C(F)(F)F,1998.0
CHEMBL1900528,Tiotropium,C[N+]1(C)[C@@H]2C[C@@H](OC(=O)C(O)(c3cccs3)c3cccs3)C[C@H]1[C@@H]1O[C@@H]12,2004.0
CHEMBL1905872,Docusate Sodium,CCCCC(CC)COC(=O)CC(C(=O)OCC(CC)CCCC)S(=O)(=O)[O-].[Na+],
CHEMBL1908307,Flosequinan,Cn1cc([S+](C)[O-])c(=O)c2ccc(F)cc21,1992.0
CHEMBL1908315,Gemeprost,CCCCC(C)(C)[C@H](O)/C=C/[C@H]1[C@H](O)CC(=O)[C@@H]1CCCC/C=C/C(=O)OC,
CHEMBL1908348,Sparteine Sulfate,C1CCN2C[C@@H]3C[C@@H](CN4CCCC[C@@H]34)[C@H]2C1.O.O.O.O.O.O=S(=O)(O)O,
CHEMBL1908359,Sodium Monofluorophosphate,O=P([O-])([O-])F.[Na+].[Na+],1986.0
CHEMBL1908360,Everolimus,CO[C@H]1C[C@@H]2CC[C@@H](C)[C@@](O)(O2)C(=O)C(=O)N2CCCC[C@H]2C(=O)O[C@H]([C@H](C)C[C@@H]2CC[C@@H](OCCO)[C@H](OC)C2)CC(=O)[C@H](C)/C=C(\C)[C@@H](O)[C@@H](OC)C(=O)[C@H](C)C[C@H](C)/C=C/C=C/C=C/1C,2009.0
CHEMBL1908361,Levoleucovorin Calcium,Nc1nc(=O)c2c([nH]1)NC[C@H](CNc1ccc(C(=O)N[C@@H](CCC(=O)[O-])C(=O)[O-])cc1)N2C=O.[Ca+2],2008.0
CHEMBL1908370,Finafloxacin,N#Cc1c(N2C[C@@H]3NCCO[C@H]3C2)c(F)cc2c(=O)c(C(=O)O)cn(C3CC3)c12,2014.0
CHEMBL1908377,Pyrvinium Pamoate,Cc1cc(/C=C/c2ccc3cc(N(C)C)ccc3[n+]2C)c(C)n1-c1ccccc1.Cc1cc(/C=C/c2ccc3cc(N(C)C)ccc3[n+]2C)c(C)n1-c1ccccc1.O=C([O-])c1cc2ccccc2c(Cc2c(O)c(C(=O)[O-])cc3ccccc23)c1O,1982.0
CHEMBL1908841,Levoleucovorin,Nc1nc(=O)c2c([nH]1)NC[C@H](CNc1ccc(C(=O)N[C@@H](CCC(=O)O)C(=O)O)cc1)N2C=O,2008.0
CHEMBL1908847,Sparteine,C1CCN2C[C@@H]3C[C@@H](CN4CCCC[C@@H]34)[C@H]2C1,
CHEMBL1908906,Florbetaben,CNc1ccc(/C=C/c2ccc(OCCOCCOCCF)cc2)cc1,2014.0
CHEMBL1908917,Fluciclovine,N[C@]1(C(=O)O)C[C@@H](F)C1,2016.0
CHEMBL1908919,Florbetapir,CNc1ccc(/C=C/c2ccc(OCCOCCOCCF)nc2)cc1,2012.0
CHEMBL1909072,Pipamazine,NC(=O)C1CCN(CCCN2c3ccccc3Sc3ccc(Cl)cc32)CC1,
CHEMBL1909282,Fenclozic Acid,O=C(O)Cc1csc(-c2ccc(Cl)cc2)n1,
CHEMBL1909283,Mebanazine,CC(NN)c1ccccc1,
CHEMBL1909285,Nitrefazole,Cc1nc([N+](=O)[O-])cn1-c1ccc([N+](=O)[O-])cc1,
CHEMBL1909286,Phenoxypropazine,CC(COc1ccccc1)NN,
CHEMBL1909288,Triacetyldiphenolisatin,CC(=O)Oc1ccc(C2(c3ccc(OC(C)=O)cc3)C(=O)N(C(C)=O)c3ccccc32)cc1,
CHEMBL1909289,Xenazoic Acid,CCOC(Nc1ccc(C(=O)O)cc1)C(=O)c1ccc(-c2ccccc2)cc1,
CHEMBL1909298,Pinaverium Bromide,COc1cc(Br)c(C[N+]2(CCOCCC3CCC4CC3C4(C)C)CCOCC2)cc1OC.[Br-],
CHEMBL1909324,Pinaverium,COc1cc(Br)c(C[N+]2(CCOCCC3CCC4CC3C4(C)C)CCOCC2)cc1OC,
CHEMBL1929396,Anagliptin,Cc1cc2ncc(C(=O)NCC(C)(C)NCC(=O)N3CCC[C@H]3C#N)cn2n1,
CHEMBL1945778,Ioflupane,COC(=O)[C@H]1[C@@H](c2ccc(I)cc2)C[C@@H]2CC[C@H]1N2CCCF,2000.0
CHEMBL1946170,Regorafenib,CNC(=O)c1cc(Oc2ccc(NC(=O)Nc3ccc(Cl)c(C(F)(F)F)c3)c(F)c2)ccn1,2012.0
CHEMBL1950576,Dihydrostreptomycin,CN[C@@H]1[C@H](O[C@H]2[C@H](O[C@H]3[C@H](O)[C@@H](O)[C@H](NC(=N)N)[C@@H](O)[C@@H]3NC(=N)N)O[C@@H](C)[C@]2(O)CO)O[C@@H](CO)[C@H](O)[C@H]1O,
CHEMBL1951071,Arformoterol Tartrate,COc1ccc(C[C@@H](C)NC[C@H](O)c2ccc(O)c(NC=O)c2)cc1.O=C(O)C(O)C(O)C(=O)O,2006.0
CHEMBL1951095,Eravacycline,CN(C)[C@@H]1C(O)=C(C(N)=O)C(=O)[C@@]2(O)C(O)=C3C(=O)c4c(O)c(NC(=O)CN5CCCC5)cc(F)c4C[C@H]3C[C@@H]12,2018.0
CHEMBL1963681,Avanafil,COc1ccc(CNc2nc(N3CCC[C@H]3CO)ncc2C(=O)NCc2ncccn2)cc1Cl,2011.0
CHEMBL1963683,Tafluprost,CC(C)OC(=O)CCC/C=C\C[C@@H]1[C@@H](/C=C/C(F)(F)COc2ccccc2)[C@H](O)C[C@@H]1O,2012.0
CHEMBL1977579,Streptozocin,CN(N=O)C(=O)N[C@@H](C=O)[C@@H](O)[C@H](O)[C@H](O)CO,1982.0
CHEMBL1983268,Entrectinib,CN1CCN(c2ccc(C(=O)Nc3n[nH]c4ccc(Cc5cc(F)cc(F)c5)cc34)c(NC3CCOCC3)c2)CC1,2019.0
CHEMBL1983350,Stiripentol,CC(C)(C)C(O)/C=C/c1ccc2c(c1)OCO2,2007.0
CHEMBL1998966,Pifoxime,C/C(=N\O)c1ccc(OCC(=O)N2CCCCC2)cc1,
CHEMBL2005186,Belumosudil,CC(C)NC(=O)COc1cccc(-c2nc(Nc3ccc4[nH]ncc4c3)c3ccccc3n2)c1,2021.0
CHEMBL2009089,Selenious Acid,O=[Se](O)O,2019.0
CHEMBL2010601,Ivacaftor,CC(C)(C)c1cc(C(C)(C)C)c(NC(=O)c2c[nH]c3ccccc3c2=O)cc1O,2012.0
CHEMBL2018096,Ipragliflozin,OC[C@H]1O[C@@H](c2ccc(F)c(Cc3cc4ccccc4s3)c2)[C@H](O)[C@@H](O)[C@@H]1O,2013.0
CHEMBL2021422,Fospropofol Disodium,CC(C)c1cccc(C(C)C)c1OCOP(=O)([O-])[O-].[Na+].[Na+],2008.0
CHEMBL2021423,Magnesium Sulfate Anhydrous,O=S(=O)([O-])[O-].[Mg+2],1981.0
CHEMBL2021424,Potassium Sulfate,O=S(=O)([O-])[O-].[K+].[K+],2010.0
CHEMBL2021430,Dexamethasone Sodium Phosphate,C[C@@H]1C[C@H]2[C@@H]3CCC4=CC(=O)C=C[C@]4(C)[C@@]3(F)[C@@H](O)C[C@]2(C)[C@@]1(O)C(=O)COP(=O)([O-])[O-].[Na+].[Na+],1959.0
CHEMBL2023895,Hydroxystilbamidine Isethionate,N=C(N)c1ccc(/C=C/c2ccc(C(=N)N)cc2O)cc1.O=S(=O)(O)CCO.O=S(=O)(O)CCO,1953.0
CHEMBL2023898,Daclatasvir,COC(=O)N[C@H](C(=O)N1CCC[C@H]1c1ncc(-c2ccc(-c3ccc(-c4cnc([C@@H]5CCCN5C(=O)[C@@H](NC(=O)OC)C(C)C)[nH]4)cc3)cc2)[nH]1)C(C)C,2014.0
CHEMBL2024517,Cariprazine Hydrochloride,CN(C)C(=O)N[C@H]1CC[C@H](CCN2CCN(c3cccc(Cl)c3Cl)CC2)CC1.Cl,2015.0
CHEMBL2028019,Cariprazine,CN(C)C(=O)N[C@H]1CC[C@H](CCN2CCN(c3cccc(Cl)c3Cl)CC2)CC1,2015.0
CHEMBL2028661,Azilsartan Medoxomil,CCOc1nc2cccc(C(=O)OCc3oc(=O)oc3C)c2n1Cc1ccc(-c2ccccc2-c2noc(=O)[nH]2)cc1,2011.0
CHEMBL2028663,Dabrafenib,CC(C)(C)c1nc(-c2cccc(NS(=O)(=O)c3c(F)cccc3F)c2F)c(-c2ccnc(N)n2)s1,2013.0
CHEMBL2030434,Fludeoxyglucose F 18,OC[C@H]1OC(O)[C@H]([18F])[C@@H](O)[C@@H]1O,1994.0
CHEMBL2035187,Pacritinib,C1=N/C2=N/c3ccc(OCCN4CCCC4)c(c3)COC/C=C/COCc3cccc(c3)C(=C1)N2,2022.0
CHEMBL2040682,Ciclesonide,CC(C)C(=O)OCC(=O)[C@@]12O[C@H](C3CCCCC3)O[C@@H]1C[C@H]1[C@@H]3CCC4=CC(=O)C=C[C@]4(C)[C@H]3[C@@H](O)C[C@@]12C,2006.0
CHEMBL2042122,Flutemetamol F 18,CNc1ccc(-c2nc3ccc(O)cc3s2)cc1[18F],2013.0
CHEMBL2043437,Glasdegib,CN1CC[C@@H](NC(=O)Nc2ccc(C#N)cc2)C[C@@H]1c1nc2ccccc2[nH]1,2018.0
CHEMBL2048028,Lifitegrast,CS(=O)(=O)c1cccc(C[C@H](NC(=O)c2c(Cl)cc3c(c2Cl)CCN(C(=O)c2ccc4ccoc4c2)C3)C(=O)O)c1,2016.0
CHEMBL2048484,Canagliflozin Anhydrous,Cc1ccc([C@@H]2O[C@H](CO)[C@@H](O)[C@H](O)[C@H]2O)cc1Cc1ccc(-c2ccc(F)cc2)s1,2011.0
CHEMBL2062163,Phendimetrazine Tartrate,C[C@H]1[C@H](c2ccccc2)OCCN1C.O=C(O)C(O)C(O)C(=O)O,1976.0
CHEMBL2062262,Metaraminol Bitartrate,C[C@H](N)[C@H](O)c1cccc(O)c1.O=C(O)C(O)C(O)C(=O)O,1954.0
CHEMBL2062264,Phenylephrine Bitartrate,CNC[C@H](O)c1cccc(O)c1.O=C(O)C(O)C(O)C(=O)O,1973.0
CHEMBL2062266,Dihydrocodeine Bitartrate,COc1ccc2c3c1O[C@H]1[C@@H](O)CC[C@H]4[C@@H](C2)N(C)CC[C@@]341.O=C(O)C(O)C(O)C(=O)O,1983.0
CHEMBL2062276,Levallorphan Tartrate,C=CCN1CC[C@]23CCCC[C@H]2[C@H]1Cc1ccc(O)cc13.O=C(O)C(O)C(O)C(=O)O,1982.0
CHEMBL2062335,Metoprolol Tartrate,COCCc1ccc(OCC(O)CNC(C)C)cc1.COCCc1ccc(OCC(O)CNC(C)C)cc1.O=C(O)C(O)C(O)C(=O)O,1978.0
CHEMBL2063090,Grazoprevir Anhydrous,C=C[C@@H]1C[C@]1(NC(=O)[C@@H]1C[C@@H]2CN1C(=O)[C@H](C(C)(C)C)NC(=O)O[C@@H]1C[C@H]1CCCCCc1nc3ccc(OC)cc3nc1O2)C(=O)NS(=O)(=O)C1CC1,2016.0
CHEMBL2064032,Vonoprazan Fumarate,CNCc1cc(-c2ccccc2F)n(S(=O)(=O)c2cccnc2)c1.O=C(O)/C=C/C(=O)O,2022.0
CHEMBL2068723,Calcium Metrizoate,CC(=O)Nc1c(I)c(C(=O)[O-])c(I)c(N(C)C(C)=O)c1I.CC(=O)Nc1c(I)c(C(=O)[O-])c(I)c(N(C)C(C)=O)c1I.[Ca+2],1982.0
CHEMBL2068724,Acamprosate Calcium,CC(=O)NCCCS(=O)(=O)[O-].CC(=O)NCCCS(=O)(=O)[O-].[Ca+2],2004.0
CHEMBL2068725,Ipodate Calcium,CN(C)/C=N/c1c(I)cc(I)c(CCC(=O)[O-])c1I.CN(C)/C=N/c1c(I)cc(I)c(CCC(=O)[O-])c1I.[Ca+2],1982.0
CHEMBL2068864,Fludeoxyglucose,OC[C@H]1OC(O)[C@H](F)[C@@H](O)[C@@H]1O,1994.0
CHEMBL2068884,Sodium Gluconate,O=C([O-])[C@H]1O[C@H](O)[C@H](O)[C@@H](O)[C@@H]1O.[Na+],1982.0
CHEMBL2079130,Vonoprazan,CNCc1cc(-c2ccccc2F)n(S(=O)(=O)c2cccnc2)c1,2022.0
CHEMBL2079587,Stanozolol,C[C@]12Cc3c[nH]nc3C[C@@H]1CC[C@@H]1[C@@H]2CC[C@@]2(C)[C@H]1CC[C@]2(C)O,1962.0
CHEMBL2079793,Penciclovir Sodium,Nc1nc([O-])c2ncn(CCC(CO)CO)c2n1.[Na+],1996.0
CHEMBL2095206,Bosutinib Monohydrate,COc1cc(Nc2c(C#N)cnc3cc(OCCCN4CCN(C)CC4)c(OC)cc23)c(Cl)cc1Cl.O,2012.0
CHEMBL2095207,Choline C-11,C[N+](C)([11CH3])CCO.[Cl-],2012.0
CHEMBL2095208,Cobicistat,CC(C)c1nc(CN(C)C(=O)N[C@@H](CCN2CCOCC2)C(=O)N[C@H](CC[C@H](Cc2ccccc2)NC(=O)OCc2cncs2)Cc2ccccc2)cs1,2012.0
CHEMBL2095209,Icosapent Ethyl,CC/C=C\C/C=C\C/C=C\C/C=C\C/C=C\CCCC(=O)OCC,2012.0
CHEMBL2095211,Lorcaserin Hydrochloride,C[C@H]1CNCCc2ccc(Cl)cc21.Cl,2012.0
CHEMBL2095212,Mirabegron,Nc1nc(CC(=O)Nc2ccc(CCNC[C@H](O)c3ccccc3)cc2)cs1,2012.0
CHEMBL2096631,Clorazepate Dipotassium,O=C([O-])C1N=C(c2ccccc2)c2cc(Cl)ccc2NC1=O.[K+].[K+].[OH-],1972.0
CHEMBL2096633,Magnesium Trisilicate,O=[Si]([O-])O[Si]([O-])([O-])O[Si](=O)[O-].[Mg+2].[Mg+2],1983.0
CHEMBL2096635,Urea C 14,N[14C](N)=O,1997.0
CHEMBL2096642,Inamrinone Lactate,CC(O)C(=O)O.Nc1cc(-c2ccncc2)c[nH]c1=O,1984.0
CHEMBL2096646,Aminosalicylate Sodium,Nc1ccc(C(=O)[O-])c(O)c1.O.O.[Na+],1950.0
CHEMBL2096648,Urea C 13,N[13C](N)=O,1996.0
CHEMBL2096650,Sodium Thiosulfate,O.O.O.O.O.O=S([O-])([O-])=S.[Na+].[Na+],1992.0
CHEMBL2103736,Fenoprofen Calcium,CC(C(=O)[O-])c1cccc(Oc2ccccc2)c1.CC(C(=O)[O-])c1cccc(Oc2ccccc2)c1.O.O.[Ca+2],1976.0
CHEMBL2103738,Lithium Citrate,O.O.O.O.O=C([O-])CC(O)(CC(=O)[O-])C(=O)[O-].[Li+].[Li+].[Li+],1980.0
CHEMBL2103739,Emedastine Difumarate,CCOCCn1c(N2CCCN(C)CC2)nc2ccccc21.O=C(O)/C=C/C(=O)O.O=C(O)/C=C/C(=O)O,1997.0
CHEMBL2103741,Levothyroxine Sodium,N[C@@H](Cc1cc(I)c(Oc2cc(I)c(O)c(I)c2)c(I)c1)C(=O)[O-].O.[Na+],1982.0
CHEMBL2103743,Tofacitinib Citrate,C[C@@H]1CCN(C(=O)CC#N)C[C@@H]1N(C)c1ncnc2[nH]ccc12.O=C(O)CC(O)(CC(=O)O)C(=O)O,2012.0
CHEMBL2103744,Morphine Sulfate,CN1CC[C@]23c4c5ccc(O)c4O[C@H]2[C@@H](O)C=C[C@H]3[C@H]1C5.CN1CC[C@]23c4c5ccc(O)c4O[C@H]2[C@@H](O)C=C[C@H]3[C@H]1C5.O.O.O.O.O.O=S(=O)(O)O,1984.0
CHEMBL2103772,Racecadotril,CC(=O)SCC(Cc1ccccc1)C(=O)NCC(=O)OCc1ccccc1,
CHEMBL2103774,Tibolone,C#C[C@]1(O)CC[C@H]2[C@@H]3[C@H](C)CC4=C(CCC(=O)C4)[C@H]3CC[C@@]21C,
CHEMBL2103795,Azilsartan Kamedoxomil,CCOc1nc2cccc(C(=O)OCc3oc(=O)oc3C)c2n1Cc1ccc(-c2ccccc2-c2noc(=O)[n-]2)cc1.[K+],2011.0
CHEMBL2103802,Dapagliflozin Propanediol,CCOc1ccc(Cc2cc([C@@H]3O[C@H](CO)[C@@H](O)[C@H](O)[C@H]3O)ccc2Cl)cc1.C[C@H](O)CO.O,2012.0
CHEMBL2103822,Tasimelteon,CCC(=O)NC[C@@H]1C[C@H]1c1cccc2c1CCO2,2014.0
CHEMBL2103827,Droxidopa,N[C@H](C(=O)O)[C@H](O)c1ccc(O)c(O)c1,2014.0
CHEMBL2103830,Fostamatinib,COc1cc(Nc2ncc(F)c(Nc3ccc4c(n3)N(COP(=O)(O)O)C(=O)C(C)(C)O4)n2)cc(OC)c1OC,2018.0
CHEMBL2103837,Tafamidis,O=C(O)c1ccc2nc(-c3cc(Cl)cc(Cl)c3)oc2c1,2011.0
CHEMBL2103844,Pixantrone Dimaleate,NCCNc1ccc(NCCN)c2c1C(=O)c1ccncc1C2=O.O=C(O)/C=C\C(=O)O.O=C(O)/C=C\C(=O)O,2012.0
CHEMBL2103846,Ulipristal,CC(=O)[C@@]1(O)CC[C@H]2[C@@H]3CCC4=CC(=O)CCC4=C3[C@@H](c3ccc(N(C)C)cc3)C[C@@]21C,
CHEMBL2103854,Omadacycline Tosylate,CN(C)c1cc(CNCC(C)(C)C)c(O)c2c1C[C@H]1C[C@H]3[C@H](N(C)C)C(O)=C(C(N)=O)C(=O)[C@@]3(O)C(O)=C1C2=O.Cc1ccc(S(=O)(=O)O)cc1,2018.0
CHEMBL2103855,Telotristat,Cc1ccn(-c2cc(Cl)ccc2[C@@H](Oc2cc(-c3ccc(C[C@H](N)C(=O)O)cc3)nc(N)n2)C(F)(F)F)n1,
CHEMBL2103868,Cabozantinib S-Malate,COc1cc2nccc(Oc3ccc(NC(=O)C4(C(=O)Nc5ccc(F)cc5)CC4)cc3)c2cc1OC.O=C(O)C[C@H](O)C(=O)O,2012.0
CHEMBL2103870,Lumacaftor,Cc1ccc(NC(=O)C2(c3ccc4c(c3)OC(F)(F)O4)CC2)nc1-c1cccc(C(=O)O)c1,2015.0
CHEMBL2103872,Ceftolozane,Cn1c(N)c(NC(=O)NCCN)c[n+]1CC1=C(C(=O)O)N2C(=O)[C@@H](NC(=O)/C(=N\OC(C)(C)C(=O)[O-])c3nsc(N)n3)[C@H]2SC1,2014.0
CHEMBL2103873,Macitentan,CCCNS(=O)(=O)Nc1ncnc(OCCOc2ncc(Br)cn2)c1-c1ccc(Br)cc1,2010.0
CHEMBL2103875,Trametinib,CC(=O)Nc1cccc(-n2c(=O)n(C3CC3)c(=O)c3c(Nc4ccc(I)cc4F)n(C)c(=O)c(C)c32)c1,2013.0
CHEMBL2103877,Efinaconazole,C=C1CCN([C@H](C)[C@](O)(Cn2cncn2)c2ccc(F)cc2F)CC1,2014.0
CHEMBL2103883,Avatrombopag,O=C(Nc1nc(-c2cc(Cl)cs2)c(N2CCN(C3CCCCC3)CC2)s1)c1cnc(N2CCC(C(=O)O)CC2)c(Cl)c1,2018.0
CHEMBL2103929,Lymecycline,CN(C)[C@@H]1C(O)=C(C(=O)NCNCCCC[C@H](N)C(=O)O)C(=O)[C@@]2(O)C(O)=C3C(=O)c4c(O)cccc4[C@@](C)(O)[C@H]3C[C@@H]12,
CHEMBL2104095,Choline Salicylate,C[N+](C)(C)CCO.O=C([O-])c1ccccc1O,
CHEMBL2104136,Clomacran Phosphate,CN(C)CCCC1c2ccccc2Nc2ccc(Cl)cc21.O=P(O)(O)O,
CHEMBL2104287,Dibenzepin Hydrochloride,CN(C)CCN1C(=O)c2ccccc2N(C)c2ccccc21.Cl,
CHEMBL2104356,Ketazolam,CC1=CC(=O)N2CC(=O)N(C)c3ccc(Cl)cc3C2(c2ccccc2)O1,
CHEMBL2104415,Moxidectin,CO/N=C1\C[C@]2(C[C@@H]3C[C@@H](C/C=C(\C)C[C@@H](C)/C=C/C=C4\CO[C@@H]5[C@H](O)C(C)=C[C@@H](C(=O)O3)[C@]45O)O2)O[C@H](/C(C)=C/C(C)C)[C@H]1C,2018.0
CHEMBL2104445,Tritoqualine,CCOc1c(N)c2c(c(OCC)c1OCC)C(C1c3c(cc4c(c3OC)OCO4)CCN1C)OC2=O,
CHEMBL2104489,Anagestone Acetate,CC(=O)O[C@]1(C(C)=O)CCC2[C@@H]3C[C@H](C)C4=CCCC[C@]4(C)[C@H]3CC[C@@]21C,
CHEMBL2104537,Amoproxan,COc1cc(C(=O)OC(COCCC(C)C)CN2CCOCC2)cc(OC)c1OC,
CHEMBL2104594,Calcium Glubionate,O.O=C([O-])[C@H](O)[C@@H](O)[C@H](O)[C@H](O)CO.O=C([O-])[C@H](O)[C@@H](O)[C@H](O[C@@H]1O[C@H](CO)[C@H](O)[C@H](O)[C@H]1O)[C@H](O)CO.[Ca+2],
CHEMBL2104793,Pyrovalerone Hydrochloride,CCCC(C(=O)c1ccc(C)cc1)N1CCCC1.Cl,
CHEMBL2104910,Sulfadicramide,CC(C)=CC(=O)NS(=O)(=O)c1ccc(N)cc1,
CHEMBL2104941,Indoramin Hydrochloride,Cl.O=C(NC1CCN(CCc2c[nH]c3ccccc23)CC1)c1ccccc1,
CHEMBL2104993,Vortioxetine,Cc1ccc(Sc2ccccc2N2CCNCC2)c(C)c1,2013.0
CHEMBL2105023,Indigotindisulfonate Sodium,O=C1/C(=C2\Nc3ccc(S(=O)(=O)[O-])cc3C2=O)Nc2ccc(S(=O)(=O)[O-])cc21.[Na+].[Na+],2022.0
CHEMBL2105131,Mefruside,CN(CC1(C)CCCO1)S(=O)(=O)c1ccc(Cl)c(S(N)(=O)=O)c1,
CHEMBL2105224,Pholcodine,CN1CC[C@]23c4c5ccc(OCCN6CCOCC6)c4O[C@H]2[C@@H](O)C=C[C@H]3[C@H]1C5,
CHEMBL2105233,Proxibarbal,C=CCC1(CC(C)O)C(=O)NC(=O)NC1=O,
CHEMBL2105248,Potassium Bitartrate,O=C([O-])[C@H](O)[C@@H](O)C(=O)O.[K+],2020.0
CHEMBL2105275,Propylhexedrine,CNC(C)CC1CCCCC1,
CHEMBL2105345,Propanidid,CCCOC(=O)Cc1ccc(OCC(=O)N(CC)CC)c(OC)c1,
CHEMBL2105395,Ospemifene,OCCOc1ccc(/C(=C(/CCCl)c2ccccc2)c2ccccc2)cc1,2013.0
CHEMBL2105420,Taurolidine,O=S1(=O)CCN(CN2CCS(=O)(=O)NC2)CN1,2023.0
CHEMBL2105458,Thenalidine,CN1CCC(N(Cc2cccs2)c2ccccc2)CC1,
CHEMBL2105497,Zipeprol,COC(CN1CCN(CC(O)C(OC)c2ccccc2)CC1)c1ccccc1,
CHEMBL2105527,Tetrazepam,CN1C(=O)CN=C(C2=CCCCC2)c2cc(Cl)ccc21,
CHEMBL2105566,Fenproporex,CC(Cc1ccccc1)NCCC#N,
CHEMBL2105581,Veralipride,C=CCN1CCCC1CNC(=O)c1cc(S(N)(=O)=O)cc(OC)c1OC,1979.0
CHEMBL2105611,Tacalcitol,C=C1/C(=C\C=C2/CCC[C@]3(C)[C@@H]([C@H](C)CC[C@@H](O)C(C)C)CC[C@@H]23)C[C@@H](O)C[C@@H]1O,
CHEMBL2105613,Divalproex Sodium,CCCC(CCC)C(=O)O.CCCC(CCC)C(=O)[O-].[Na+],1983.0
CHEMBL2105629,Vinflunine Ditartrate,CC[C@]12C=CCN3CC[C@@]4(c5cc([C@@]6(C(=O)OC)C[C@@H]7C[C@@H](C(C)(F)F)CN(Cc8c6[nH]c6ccccc86)C7)c(OC)cc5N(C)[C@H]4[C@@](O)(C(=O)OC)[C@@H]1OC(C)=O)[C@@H]32.O=C(O)C(O)C(O)C(=O)O.O=C(O)C(O)C(O)C(=O)O,2009.0
CHEMBL2105637,Delafloxacin,Nc1nc(-n2cc(C(=O)O)c(=O)c3cc(F)c(N4CC(O)C4)c(Cl)c32)c(F)cc1F,2017.0
CHEMBL2105638,Delafloxacin Meglumine,CNC[C@H](O)[C@@H](O)[C@H](O)[C@H](O)CO.Nc1nc(-n2cc(C(=O)O)c(=O)c3cc(F)c(N4CC(O)C4)c(Cl)c32)c(F)cc1F,2017.0
CHEMBL2105648,Palovarotene,CC1(C)CCC(C)(C)c2cc(Cn3cccn3)c(/C=C/c3ccc(C(=O)O)cc3)cc21,2023.0
CHEMBL2105662,Lomitapide Mesylate,CS(=O)(=O)O.O=C(NC1CCN(CCCCC2(C(=O)NCC(F)(F)F)c3ccccc3-c3ccccc32)CC1)c1ccccc1-c1ccc(C(F)(F)F)cc1,2012.0
CHEMBL2105669,Tedizolid Phosphate,Cn1nnc(-c2ccc(-c3ccc(N4C[C@H](COP(=O)(O)O)OC4=O)cc3F)cn2)n1,2014.0
CHEMBL2105675,Tafamidis Meglumine,CNC[C@H](O)[C@@H](O)[C@H](O)[C@H](O)CO.O=C(O)c1ccc2nc(-c3cc(Cl)cc(Cl)c3)oc2c1,2011.0
CHEMBL2105680,Rifamycin Sodium,CO[C@H]1/C=C/O[C@@]2(C)Oc3c(C)c([O-])c4c(O)c(cc(O)c4c3C2=O)NC(=O)/C(C)=C\C=C\[C@H](C)[C@H](O)[C@@H](C)[C@@H](O)[C@@H](C)[C@H](OC(C)=O)[C@@H]1C.[Na+],2018.0
CHEMBL2105682,Edoxaban Tosylate,CN1CCc2nc(C(=O)N[C@@H]3C[C@@H](C(=O)N(C)C)CC[C@@H]3NC(=O)C(=O)Nc3ccc(Cl)cn3)sc2C1.Cc1ccc(S(=O)(=O)O)cc1,2015.0
CHEMBL2105684,Selumetinib Sulfate,Cn1cnc2c(F)c(Nc3ccc(Br)cc3Cl)c(C(=O)NOCCO)cc21.O=S(=O)(O)O,2020.0
CHEMBL2105689,Luliconazole,N#C/C(=C1/SC[C@@H](c2ccc(Cl)cc2Cl)S1)n1ccnc1,2013.0
CHEMBL2105695,Telotristat Ethyl,CCOC(=O)[C@@H](N)Cc1ccc(-c2cc(O[C@H](c3ccc(Cl)cc3-n3ccc(C)n3)C(F)(F)F)nc(N)n2)cc1,2017.0
CHEMBL2105700,Bedaquiline Fumarate,COc1nc2ccc(Br)cc2cc1[C@@H](c1ccccc1)[C@@](O)(CCN(C)C)c1cccc2ccccc12.O=C(O)/C=C/C(=O)O,2012.0
CHEMBL2105704,Lenvatinib Mesylate,COc1cc2nccc(Oc3ccc(NC(=O)NC4CC4)c(Cl)c3)c2cc1C(N)=O.CS(=O)(=O)O,2015.0
CHEMBL2105708,Ponatinib Hydrochloride,Cc1ccc(C(=O)Nc2ccc(CN3CCN(C)CC3)c(C(F)(F)F)c2)cc1C#Cc1cnc2cccnn12.Cl,2012.0
CHEMBL2105709,Quizartinib Dihydrochloride,CC(C)(C)c1cc(NC(=O)Nc2ccc(-c3cn4c(n3)sc3cc(OCCN5CCOCC5)ccc34)cc2)no1.Cl.Cl,2023.0
CHEMBL2105711,Tofogliflozin,CCc1ccc(Cc2ccc3c(c2)[C@]2(OC3)O[C@H](CO)[C@@H](O)[C@H](O)[C@H]2O)cc1.O,
CHEMBL2105712,Afatinib Dimaleate,CN(C)C/C=C/C(=O)Nc1cc2c(Nc3ccc(F)c(Cl)c3)ncnc2cc1O[C@H]1CCOC1.O=C(O)/C=C\C(=O)O.O=C(O)/C=C\C(=O)O,2013.0
CHEMBL2105717,Cabozantinib,COc1cc2nccc(Oc3ccc(NC(=O)C4(C(=O)Nc5ccc(F)cc5)CC4)cc3)c2cc1OC,2012.0
CHEMBL2105719,Dacomitinib,COc1cc2ncnc(Nc3ccc(F)c(Cl)c3)c2cc1NC(=O)/C=C/CN1CCCCC1.O,2018.0
CHEMBL2105720,Lesinurad,O=C(O)CSc1nnc(Br)n1-c1ccc(C2CC2)c2ccccc12,2015.0
CHEMBL2105722,Nomegestrol,CC(=O)[C@@]1(O)CC[C@H]2[C@@H]3C=C(C)C4=CC(=O)CC[C@@H]4[C@H]3CC[C@@]21C,
CHEMBL2105729,Dabrafenib Mesylate,CC(C)(C)c1nc(-c2cccc(NS(=O)(=O)c3c(F)cccc3F)c2F)c(-c2ccnc(N)n2)s1.CS(=O)(=O)O,2013.0
CHEMBL2105732,Levomilnacipran Hydrochloride,CCN(CC)C(=O)[C@@]1(c2ccccc2)C[C@H]1CN.Cl,2013.0
CHEMBL2105735,Asunaprevir,C=C[C@@H]1C[C@]1(NC(=O)[C@@H]1C[C@@H](Oc2ncc(OC)c3ccc(Cl)cc23)CN1C(=O)[C@@H](NC(=O)OC(C)(C)C)C(C)(C)C)C(=O)NS(=O)(=O)C1CC1,2014.0
CHEMBL2105737,Sonidegib,Cc1c(C(=O)Nc2ccc(N3C[C@@H](C)O[C@@H](C)C3)nc2)cccc1-c1ccc(OC(F)(F)F)cc1,2015.0
CHEMBL2105740,Sitaxentan Sodium,Cc1cc2c(cc1CC(=O)c1sccc1S(=O)(=O)[N-]c1onc(C)c1Cl)OCO2.[Na+],2006.0
CHEMBL2105741,Trametinib Dimethyl Sulfoxide,CC(=O)Nc1cccc(-n2c(=O)n(C3CC3)c(=O)c3c(Nc4ccc(I)cc4F)n(C)c(=O)c(C)c32)c1.C[S+](C)[O-],2013.0
CHEMBL2105743,Olodaterol Hydrochloride,COc1ccc(CC(C)(C)NC[C@H](O)c2cc(O)cc3c2OCC(=O)N3)cc1.Cl,2014.0
CHEMBL2105745,Glycerol Phenylbutyrate,O=C(CCCc1ccccc1)OCC(COC(=O)CCCc1ccccc1)OC(=O)CCCc1ccccc1,2013.0
CHEMBL2105748,Prucalopride Succinate,COCCCN1CCC(NC(=O)c2cc(Cl)c(N)c3c2OCC3)CC1.O=C(O)CCC(=O)O,2009.0
CHEMBL2105749,Samidorphan L-Malate,NC(=O)c1ccc2c(c1O)[C@]13CCN(CC4CC4)[C@H](C2)[C@]1(O)CCC(=O)C3.O=C(O)C[C@H](O)C(=O)O,2021.0
CHEMBL2105754,Trelagliptin Succinate,Cn1c(=O)cc(N2CCC[C@@H](N)C2)n(Cc2cc(F)ccc2C#N)c1=O.O=C(O)CCC(=O)O,
CHEMBL2105755,Naldemedine,CC(C)(NC(=O)C1=C(O)[C@@H]2Oc3c(O)ccc4c3[C@@]23CCN(CC2CC2)[C@H](C4)[C@]3(O)C1)c1nc(-c2ccccc2)no1,2017.0
CHEMBL2105756,Tivozanib Hydrochloride,COc1cc2nccc(Oc3ccc(NC(=O)Nc4cc(C)on4)c(Cl)c3)c2cc1OC.Cl.O,2017.0
CHEMBL2105758,Avatrombopag Maleate,O=C(Nc1nc(-c2cc(Cl)cs2)c(N2CCN(C3CCCCC3)CC2)s1)c1cnc(N2CCC(C(=O)O)CC2)c(Cl)c1.O=C(O)/C=C\C(=O)O,2018.0
CHEMBL2105759,Baricitinib,CCS(=O)(=O)N1CC(CC#N)(n2cc(-c3ncnc4[nH]ccc34)cn2)C1,2017.0
CHEMBL2105760,Brexpiprazole,O=c1ccc2ccc(OCCCCN3CCN(c4cccc5sccc45)CC3)cc2[nH]1,2015.0
CHEMBL2105762,Omarigliptin,CS(=O)(=O)n1cc2c(n1)CN([C@H]1CO[C@H](c3cc(F)ccc3F)[C@@H](N)C1)C2,2015.0
CHEMBL2105827,"Glycerol, Iodinated",CC(I)C1OCC(CO)O1,
CHEMBL2105842,Cortivazol,CC(=O)OCC(=O)[C@@]1(O)[C@H](C)C[C@H]2[C@@H]3C=C(C)C4=Cc5c(cnn5-c5ccccc5)C[C@]4(C)[C@H]3[C@@H](O)C[C@@]21C,
CHEMBL2105897,Barium Sulfate,O=S(=O)([O-])[O-].[Ba+2],2016.0
CHEMBL2105904,Barbital Sodium,CCC1(CC)C(=O)[N-]C(=O)NC1=O.[Na+],
CHEMBL2105941,Amobarbital Sodium,CCC1(CCC(C)C)C(=O)N=C([O-])NC1=O.[Na+],
CHEMBL2105980,Chlorphenoxamine Hydrochloride,CN(C)CCOC(C)(c1ccccc1)c1ccc(Cl)cc1.Cl,
CHEMBL2106076,Cefpirome Sulfate,CO/N=C(\C(=O)N[C@@H]1C(=O)N2C(C(=O)[O-])=C(C[n+]3cccc4c3CCC4)CS[C@H]12)c1csc(N)n1.O=S(=O)(O)O,
CHEMBL2106119,Calcium Gluconate,O=C([O-])[C@H](O)[C@@H](O)[C@H](O)[C@H](O)CO.O=C([O-])[C@H](O)[C@@H](O)[C@H](O)[C@H](O)CO.[Ca+2],2017.0
CHEMBL2106122,Emepronium Bromide,CC[N+](C)(C)C(C)CC(c1ccccc1)c1ccccc1.[Br-],
CHEMBL2106155,Encainide Hydrochloride,COc1ccc(C(=O)Nc2ccccc2CCC2CCCCN2C)cc1.Cl,1986.0
CHEMBL2106195,Dexmedetomidine Hydrochloride,Cc1cccc([C@H](C)c2c[nH]cn2)c1C.Cl,1999.0
CHEMBL2106217,Fenfluramine Hydrochloride,CCNC(C)Cc1cccc(C(F)(F)F)c1.Cl,1963.0
CHEMBL2106318,Iothalamate Sodium I 125,CNC(=O)c1c(I)c(NC(C)=O)c([125I])c(C(=O)[O-])c1[125I].[Na+],1982.0
CHEMBL2106439,Pipotiazine Palmitate,CCCCCCCCCCCCCCCC(=O)OCCC1CCN(CCCN2c3ccccc3Sc3ccc(S(=O)(=O)N(C)C)cc32)CC1,
CHEMBL2106441,Noxytiolin,CNC(=S)NCO,
CHEMBL2106483,Viloxazine Hydrochloride,CCOc1ccccc1OCC1CNCCO1.Cl,2021.0
CHEMBL2106556,Cyclobarbital Calcium,CCC1(C2=CCCCC2)C(=O)[N-]C(=O)NC1=O.CCC1(C2=CCCCC2)C(=O)[N-]C(=O)NC1=O.[Ca+2],
CHEMBL2106615,Bazedoxifene Acetate,CC(=O)O.Cc1c(-c2ccc(O)cc2)n(Cc2ccc(OCCN3CCCCCC3)cc2)c2ccc(O)cc12,2009.0
CHEMBL2106638,Lofepramine Hydrochloride,CN(CCCN1c2ccccc2CCc2ccccc21)CC(=O)c1ccc(Cl)cc1.Cl,
CHEMBL2106643,Mycophenolate Sodium,COc1c(C)c2c(c(O)c1C/C=C(\C)CCC(=O)[O-])C(=O)OC2.[Na+],2004.0
CHEMBL2106660,Acefylline Piperazine,C1CNCCN1.Cn1c(=O)c2c(ncn2CC(=O)O)n(C)c1=O.Cn1c(=O)c2c(ncn2CC(=O)O)n(C)c1=O,
CHEMBL2106732,Noscapine Hydrochloride,COc1ccc2c(c1OC)C(=O)O[C@@H]2[C@H]1c2c(cc3c(c2OC)OCO3)CCN1C.Cl,
CHEMBL2106794,Naftazone,NC(=O)N/N=C1\C=Cc2ccccc2C1=O,
CHEMBL2106825,Medrogestone,CC(=O)[C@@]1(C)CC[C@H]2[C@@H]3C=C(C)C4=CC(=O)CC[C@]4(C)[C@H]3CC[C@@]21C,
CHEMBL2106829,Methaqualone Hydrochloride,Cc1ccccc1-n1c(C)nc2ccccc2c1=O.Cl,
CHEMBL2106907,Methiodal Sodium,O=S(=O)([O-])CI.[Na+],
CHEMBL2106915,Methopholine,COc1cc2c(cc1OC)C(CCc1ccc(Cl)cc1)N(C)CC2,
CHEMBL2106939,Polihexanide,CCCCCCNC(=N)NC(=N)N,2024.0
CHEMBL2106975,Potassium Bicarbonate,O=C([O-])O.[K+],
CHEMBL2107011,Oxypertine,COc1cc2[nH]c(C)c(CCN3CCN(c4ccccc4)CC3)c2cc1OC,
CHEMBL2107067,Testosterone Undecanoate,CCCCCCCCCCC(=O)O[C@H]1CC[C@H]2[C@@H]3CCC4=CC(=O)CC[C@]4(C)[C@H]3CC[C@]12C,2014.0
CHEMBL2107124,Prothipendyl Hydrochloride,CN(C)CCCN1c2ccccc2Sc2cccnc21.Cl,
CHEMBL2107175,Ranelic Acid,N#Cc1c(N(CC(=O)O)CC(=O)O)sc(C(=O)O)c1CC(=O)O,2004.0
CHEMBL2107214,Iomeprol,CN(C(=O)CO)c1c(I)c(C(=O)NCC(O)CO)c(I)c(C(=O)NCC(O)CO)c1I,2024.0
CHEMBL2107239,Ioxitalamic Acid,CC(=O)Nc1c(I)c(C(=O)O)c(I)c(C(=O)NCCO)c1I,
CHEMBL2107253,Sulfadimethoxine Sodium,COc1cc([N-]S(=O)(=O)c2ccc(N)cc2)nc(OC)n1.[Na+],
CHEMBL2107260,Sulfamerazine Sodium,Cc1ccnc([N-]S(=O)(=O)c2ccc(N)cc2)n1.[Na+],
CHEMBL2107333,Dimethyl Fumarate,COC(=O)/C=C/C(=O)OC,2013.0
CHEMBL2107354,Mifamurtide,CCCCCCCCCCCCCCCC(=O)OC[C@H](COP(=O)([O-])OCCNC(=O)[C@H](C)NC(=O)CC[C@@H](NC(=O)[C@H](C)NC(=O)[C@@H](C)O[C@H]1[C@H](O)[C@@H](CO)OC(O)[C@@H]1NC(C)=O)C(N)=O)OC(=O)CCCCCCCCCCCCCCC.O.[Na+],2009.0
CHEMBL2107355,Migalastat Hydrochloride,Cl.OC[C@H]1NC[C@H](O)[C@@H](O)[C@H]1O,2016.0
CHEMBL2107360,Paliperidone Palmitate,CCCCCCCCCCCCCCCC(=O)OC1CCCn2c1nc(C)c(CCN1CCC(c3noc4cc(F)ccc34)CC1)c2=O,2009.0
CHEMBL2107381,Uridine Triacetate,CC(=O)OC[C@H]1O[C@@H](n2ccc(=O)[nH]c2=O)[C@H](OC(C)=O)[C@@H]1OC(C)=O,2015.0
CHEMBL2107383,Vernakalant Hydrochloride,COc1ccc(CCO[C@@H]2CCCC[C@H]2N2CC[C@@H](O)C2)cc1OC.Cl,2010.0
CHEMBL2107386,Vorapaxar Sulfate,CCOC(=O)N[C@@H]1CC[C@@H]2[C@@H](C1)C[C@H]1C(=O)O[C@H](C)[C@H]1[C@H]2/C=C/c1ccc(-c2cccc(F)c2)cn1.O=S(=O)(O)O,2014.0
CHEMBL2107387,Vortioxetine Hydrobromide,Br.Cc1ccc(Sc2ccccc2N2CCNCC2)c(C)c1,2013.0
CHEMBL2107430,Flutrimazole,Fc1ccc(C(c2ccccc2)(c2ccccc2F)n2ccnc2)cc1,
CHEMBL2107431,Lynestrenol,C#C[C@]1(O)CC[C@H]2[C@@H]3CCC4=CCCC[C@@H]4[C@H]3CC[C@@]21C,
CHEMBL2107495,Temafloxacin Hydrochloride,CC1CN(c2cc3c(cc2F)c(=O)c(C(=O)O)cn3-c2ccc(F)cc2F)CCN1.Cl,1992.0
CHEMBL2107519,Chlornaphazine,ClCCN(CCCl)c1ccc2ccccc2c1,
CHEMBL2107525,Sodium Phosphate P 32,O=[32P]([O-])([O-])O.[Na+].[Na+],1957.0
CHEMBL2107554,Sodium Dibunate,CC(C)(C)c1ccc2c(S(=O)(=O)[O-])c(C(C)(C)C)ccc2c1.[Na+],
CHEMBL2107560,"Sodium Phosphate, Dibasic",O.O.O=P([O-])([O-])O.[Na+].[Na+],1983.0
CHEMBL2107703,Fenticonazole Nitrate,Clc1ccc(C(Cn2ccnc2)OCc2ccc(Sc3ccccc3)cc2)c(Cl)c1.O=[N+]([O-])O,
CHEMBL2107726,Arimoclomol,[O-][n+]1cccc(/C(Cl)=N/OC[C@H](O)CN2CCCCC2)c1,2024.0
CHEMBL2107797,Norgestrel,C#CC1(O)CC[C@H]2[C@@H]3CCC4=CC(=O)CC[C@@H]4[C@H]3CC[C@@]21CC,1968.0
CHEMBL2107799,Flurpiridaz F 18,CC(C)(C)n1ncc(OCc2ccc(COCC[18F])cc2)c(Cl)c1=O,2024.0
CHEMBL2107806,Talaporfin Sodium,C=Cc1c(C)c2cc3nc(c(CC(=O)N[C@@H](CC(=O)[O-])C(=O)[O-])c4[nH]c(cc5nc(cc1[nH]2)C(C)=C5CC)c(C)c4C(=O)[O-])[C@@H](CCC(=O)[O-])[C@@H]3C.[Na+].[Na+].[Na+].[Na+],2015.0
CHEMBL2107815,Treprostinil Diolamine,CCCCC[C@H](O)CC[C@@H]1[C@H]2Cc3cccc(OCC(=O)O)c3C[C@H]2C[C@H]1O.OCCNCCO,2013.0
CHEMBL2107816,Radium Ra 223 Dichloride,Cl[223Ra]Cl,2013.0
CHEMBL2107817,Avibactam Sodium,NC(=O)[C@@H]1CC[C@@H]2CN1C(=O)N2OS(=O)(=O)[O-].[Na+],2015.0
CHEMBL2107825,Tenofovir Alafenamide,CC(C)OC(=O)[C@H](C)N[P@](=O)(CO[C@H](C)Cn1cnc2c(N)ncnc21)Oc1ccccc1,2015.0
CHEMBL2107826,Vibegron,O=C(Nc1ccc(C[C@@H]2CC[C@H]([C@H](O)c3ccccc3)N2)cc1)[C@@H]1CCc2nccc(=O)n21,
CHEMBL2107830,Empagliflozin,OC[C@H]1O[C@@H](c2ccc(Cl)c(Cc3ccc(O[C@H]4CCOC4)cc3)c2)[C@H](O)[C@@H](O)[C@@H]1O,2014.0
CHEMBL2107831,Lusutrombopag,CCCCCCO[C@@H](C)c1cccc(-c2csc(NC(=O)c3cc(Cl)c(/C=C(\C)C(=O)O)c(Cl)c3)n2)c1OC,2018.0
CHEMBL2107834,Riociguat,COC(=O)N(C)c1c(N)nc(-c2nn(Cc3ccccc3F)c3ncccc23)nc1N,2013.0
CHEMBL2109882,Trisilicate,O=[Si](O)O[Si](O)(O)O[Si](=O)O,1983.0
CHEMBL2110367,Trimethoprim Sulfate,COc1cc(Cc2cnc(N)nc2N)cc(OC)c1OC.COc1cc(Cc2cnc(N)nc2N)cc(OC)c1OC.O=S(=O)(O)O,1988.0
CHEMBL2110368,Bethanidine Sulfate,C/N=C(\NC)NCc1ccccc1.C/N=C(\NC)NCc1ccccc1.O=S(=O)(O)O,1982.0
CHEMBL2110372,Ranitidine Hydrochloride,CNC(=C[N+](=O)[O-])NCCSCc1ccc(CN(C)C)o1.Cl,1983.0
CHEMBL2110557,Rubidium Chloride,[Cl-].[Rb+],1989.0
CHEMBL2110588,Eliglustat,CCCCCCCC(=O)N[C@H](CN1CCCC1)[C@H](O)c1ccc2c(c1)OCCO2,2014.0
CHEMBL2110636,Bunamiodyl,CCCC(=O)Nc1c(I)cc(I)c(/C=C(\CC)C(=O)O)c1I,
CHEMBL2110725,Vinflunine,CC[C@]12C=CCN3CC[C@@]4(c5cc([C@@]6(C(=O)OC)C[C@@H]7C[C@@H](C(C)(F)F)CN(Cc8c6[nH]c6ccccc86)C7)c(OC)cc5N(C)[C@H]4[C@@](O)(C(=O)OC)[C@@H]1OC(C)=O)[C@@H]32,2009.0
CHEMBL2110731,Tofogliflozin Anhydrous,CCc1ccc(Cc2ccc3c(c2)[C@]2(OC3)O[C@H](CO)[C@@H](O)[C@H](O)[C@H]2O)cc1,
CHEMBL2110732,Dacomitinib Anhydrous,COc1cc2ncnc(Nc3ccc(F)c(Cl)c3)c2cc1NC(=O)/C=C/CN1CCCCC1,2018.0
CHEMBL2110774,Chlorphenoxamine,CN(C)CCOC(C)(c1ccccc1)c1ccc(Cl)cc1,
CHEMBL2110805,Emepronium,CC[N+](C)(C)C(C)CC(c1ccccc1)c1ccccc1,
CHEMBL2110816,Butriptyline,CC(CC1c2ccccc2CCc2ccccc21)CN(C)C,
CHEMBL2110962,Mefenorex,CC(Cc1ccccc1)NCCCCl,
CHEMBL2110978,Methiodal,O=S(=O)(O)CI,
CHEMBL2111030,Prothipendyl,CN(C)CCCN1c2ccccc2Sc2cccnc21,
CHEMBL2111097,Levamlodipine,CCOC(=O)C1=C(COCCN)NC(C)=C(C(=O)OC)[C@@H]1c1ccccc1Cl,2019.0
CHEMBL2111100,Mifamurtide Acid,CCCCCCCCCCCCCCCC(=O)OC[C@H](COP(=O)(O)OCCNC(=O)[C@H](C)NC(=O)CC[C@@H](NC(=O)[C@H](C)NC(=O)[C@@H](C)O[C@H]1[C@H](O)[C@@H](CO)OC(O)[C@@H]1NC(C)=O)C(N)=O)OC(=O)CCCCCCCCCCCCCCC,2009.0
CHEMBL2111101,Pimavanserin,CC(C)COc1ccc(CNC(=O)N(Cc2ccc(F)cc2)C2CCN(C)CC2)cc1,2016.0
CHEMBL2111112,Vernakalant,COc1ccc(CCO[C@@H]2CCCC[C@H]2N2CC[C@@H](O)C2)cc1OC,2010.0
CHEMBL2111186,Talaporfin,C=Cc1c(C)c2cc3nc(c(CC(=O)N[C@@H](CC(=O)O)C(=O)O)c4[nH]c(cc5nc(cc1[nH]2)C(C)=C5CC)c(C)c4C(=O)O)[C@@H](CCC(=O)O)[C@@H]3C,2015.0
CHEMBL2111187,Radium Dichloride,Cl[Ra]Cl,2013.0
CHEMBL2111286,Ranitidine Bismuth Citrate,CNC(=C[N+](=O)[O-])NCCSCc1ccc(CN(C)C)o1.O=C([O-])CC(O)(CC(=O)[O-])C(=O)[O-].[Bi+3],1996.0
CHEMBL2134724,Ipratropium Bromide,CC(C)[N+]1(C)[C@@H]2CC[C@H]1C[C@@H](OC(=O)C(CO)c1ccccc1)C2.O.[Br-],1986.0
CHEMBL2138684,Frovatriptan Succinate,CN[C@@H]1CCc2[nH]c3ccc(C(N)=O)cc3c2C1.O.O=C(O)CCC(=O)O,2001.0
CHEMBL2145077,Ivabradine Hydrochloride,COc1cc2c(cc1OC)CC(=O)N(CCCN(C)C[C@H]1Cc3cc(OC)c(OC)cc31)CC2.Cl,2005.0
CHEMBL2146063,Chlortetracycline Hydrochloride,CN(C)[C@@H]1C(O)=C(C(N)=O)C(=O)[C@@]2(O)C(O)=C3C(=O)c4c(O)ccc(Cl)c4[C@@](C)(O)[C@H]3C[C@@H]12.Cl,1950.0
CHEMBL2146102,Ephedrine Hydrochloride,CN[C@@H](C)[C@H](O)c1ccccc1.Cl,2021.0
CHEMBL2146123,Methacycline Hydrochloride,C=C1c2cccc(O)c2C(=O)C2=C(O)[C@]3(O)C(=O)C(C(N)=O)=C(O)[C@@H](N(C)C)[C@@H]3[C@@H](O)[C@H]12.Cl,1982.0
CHEMBL2146124,Cefuroxime Sodium,CO/N=C(\C(=O)N[C@@H]1C(=O)N2C(C(=O)[O-])=C(COC(N)=O)CS[C@H]12)c1ccco1.[Na+],1983.0
CHEMBL2146140,Esomeprazole Strontium,COc1ccc2[n-]c([S@@+]([O-])Cc3ncc(C)c(OC)c3C)nc2c1.COc1ccc2[n-]c([S@@+]([O-])Cc3ncc(C)c(OC)c3C)nc2c1.O.O.O.O.[Sr+2],2013.0
CHEMBL2146146,Atropine Sulfate,CN1[C@@H]2CC[C@H]1C[C@@H](OC(=O)C(CO)c1ccccc1)C2.O=S(=O)(O)O,1960.0
CHEMBL2146883,Cobimetinib,O=C(c1ccc(F)c(F)c1Nc1ccc(I)cc1F)N1CC(O)([C@@H]2CCCCN2)C1,2015.0
CHEMBL2147777,Teneligliptin,Cc1cc(N2CCN([C@@H]3CN[C@H](C(=O)N4CCSC4)C3)CC2)n(-c2ccccc2)n1,
CHEMBL2159122,Eluxadoline,COc1ccc(CN(C(=O)[C@@H](N)Cc2c(C)cc(C(N)=O)cc2C)[C@@H](C)c2ncc(-c3ccccc3)[nH]2)cc1C(=O)O,2015.0
CHEMBL2165326,Aprocitentan,NS(=O)(=O)Nc1ncnc(OCCOc2ncc(Br)cn2)c1-c1ccc(Br)cc1,2024.0
CHEMBL2178422,Rimegepant,N[C@@H]1c2cccnc2[C@H](OC(=O)N2CCC(n3c(=O)[nH]c4ncccc43)CC2)CC[C@H]1c1cccc(F)c1F,2020.0
CHEMBL2181927,Finerenone,CCOc1ncc(C)c2c1[C@H](c1ccc(C#N)cc1OC)C(C(N)=O)=C(C)N2,2021.0
CHEMBL2205807,Abametapir,Cc1ccc(-c2ccc(C)cn2)nc1,2020.0
CHEMBL2206196,Paromomycin Sulfate,NC[C@@H]1O[C@H](O[C@H]2[C@@H](O)[C@H](O[C@@H]3[C@@H](O)[C@H](N)C[C@H](N)[C@H]3O[C@H]3O[C@H](CO)[C@@H](O)[C@H](O)[C@H]3N)O[C@@H]2CO)[C@H](N)[C@@H](O)[C@@H]1O.O=S(=O)(O)O,1969.0
CHEMBL2216870,Idelalisib,CC[C@H](Nc1ncnc2[nH]cnc12)c1nc2cccc(F)c2c(=O)n1-c1ccccc1,2014.0
CHEMBL2218861,Quinagolide,CCCN1CC(NS(=O)(=O)N(CC)CC)CC2Cc3c(O)cccc3CC21,2004.0
CHEMBL2218877,Erythromycin Estolate,CCC(=O)O[C@H]1[C@H](O[C@@H]2[C@@H](C)[C@H](O[C@H]3C[C@@](C)(OC)[C@@H](O)[C@H](C)O3)[C@@H](C)C(=O)O[C@H](CC)[C@@](C)(O)[C@H](O)[C@@H](C)C(=O)[C@H](C)C[C@@]2(C)O)O[C@H](C)C[C@@H]1N(C)C.CCCCCCCCCCCCOS(=O)(=O)O,1967.0
CHEMBL2218878,Trimetrexate Glucuronate,COc1cc(NCc2ccc3nc(N)nc(N)c3c2C)cc(OC)c1OC.O=C(O)[C@H]1O[C@H](O)[C@H](O)[C@@H](O)[C@@H]1O,1993.0
CHEMBL2218894,Fluvastatin Sodium,CC(C)n1c(/C=C/C(O)CC(O)CC(=O)[O-])c(-c2ccc(F)cc2)c2ccccc21.[Na+],1993.0
CHEMBL2218896,Nabilone,CCCCCCC(C)(C)c1cc(O)c2c(c1)OC(C)(C)C1CCC(=O)CC21,1985.0
CHEMBL2218917,Cevimeline Hydrochloride,CC1OC2(CS1)CN1CCC2CC1.Cl.O,2000.0
CHEMBL2219411,Momelotinib Dihydrochloride,Cl.Cl.N#CCNC(=O)c1ccc(-c2ccnc(Nc3ccc(N4CCOCC4)cc3)n2)cc1,2023.0
CHEMBL2219414,Eravacycline Dihydrochloride,CN(C)[C@@H]1C(O)=C(C(N)=O)C(=O)[C@@]2(O)C(O)=C3C(=O)c4c(O)c(NC(=O)CN5CCCC5)cc(F)c4C[C@H]3C[C@@H]12.Cl.Cl,2018.0
CHEMBL2219416,Naloxegol Oxalate,C=CCN1CC[C@]23c4c5ccc(O)c4O[C@H]2[C@@H](OCCOCCOCCOCCOCCOCCOCCOC)CC[C@@]3(O)[C@H]1C5.O=C(O)C(=O)O,2014.0
CHEMBL2219418,Naloxegol,C=CCN1CC[C@]23c4c5ccc(O)c4O[C@H]2[C@@H](OCCOCCOCCOCCOCCOCCOCCOC)CC[C@@]3(O)[C@H]1C5,2014.0
CHEMBL2219425,Aripiprazole Lauroxil,CCCCCCCCCCCC(=O)OCN1C(=O)CCc2ccc(OCCCCN3CCN(c4cccc(Cl)c4Cl)CC3)cc21,2015.0
CHEMBL2219640,Strontium Chloride,[Cl-].[Cl-].[Sr+2],1993.0
CHEMBL2219642,Magnesium Chloride Anhydrous,[Cl-].[Cl-].[Mg+2],1982.0
CHEMBL2219740,Calcium Glubionate Anhydrous,O=C([O-])[C@H](O)[C@@H](O)[C@H](O)[C@H](O)CO.O=C([O-])[C@H](O)[C@@H](O)[C@H](O[C@@H]1O[C@H](CO)[C@H](O)[C@H](O)[C@H]1O)[C@H](O)CO.[Ca+2],
CHEMBL2220427,Erythromycin Propionate,CCC(=O)O[C@H]1[C@H](O[C@@H]2[C@@H](C)[C@H](O[C@H]3C[C@@](C)(OC)[C@@H](O)[C@H](C)O3)[C@@H](C)C(=O)O[C@H](CC)[C@@](C)(O)[C@H](O)[C@@H](C)C(=O)[C@H](C)C[C@@]2(C)O)O[C@H](C)C[C@@H]1N(C)C,1967.0
CHEMBL2220442,Fluvastatin,CC(C)n1c(/C=C/C(O)CC(O)CC(=O)O)c(-c2ccc(F)cc2)c2ccccc21,1993.0
CHEMBL2303621,Daclatasvir Dihydrochloride,COC(=O)N[C@H](C(=O)N1CCC[C@H]1c1ncc(-c2ccc(-c3ccc(-c4cnc([C@@H]5CCCN5C(=O)[C@@H](NC(=O)OC)C(C)C)[nH]4)cc3)cc2)[nH]1)C(C)C.Cl.Cl,2014.0
CHEMBL2308885,Clobetasone Butyrate,CCCC(=O)O[C@]1(C(=O)CCl)[C@H](C)C[C@@H]2[C@@H]3CCC4=CC(=O)C=C[C@]4(C)[C@]3(F)C(=O)C[C@@]21C,
CHEMBL2311071,Vinyl Chloride,C=CCl,
CHEMBL2325741,Capivasertib,NC1(C(=O)N[C@@H](CCO)c2ccc(Cl)cc2)CCN(c2nc[nH]c3nccc2-3)CC1,2023.0
CHEMBL2336050,Xanomeline Tartrate,CCCCCCOc1nsnc1C1=CCCN(C)C1.O=C(O)C(O)C(O)C(=O)O,2024.0
CHEMBL2336071,Siponimod,CCc1cc(/C(C)=N/OCc2ccc(C3CCCCC3)c(C(F)(F)F)c2)ccc1CN1CC(C(=O)O)C1,2019.0
CHEMBL2338329,Roxadustat,Cc1nc(C(=O)NCC(=O)O)c(O)c2ccc(Oc3ccccc3)cc12,2021.0
CHEMBL2338675,Fosdenopterin,Nc1nc(=O)c2c([nH]1)N[C@@H]1O[C@@H]3COP(=O)(O)O[C@@H]3C(O)(O)[C@@H]1N2,2021.0
CHEMBL2348780,Vamorolone,C[C@@H]1C[C@H]2[C@@H]3CCC4=CC(=O)C=C[C@]4(C)C3=CC[C@]2(C)[C@@]1(O)C(=O)CO,2023.0
CHEMBL2355051,Clomiphene,CCN(CC)CCOc1ccc(C(=C(Cl)c2ccccc2)c2ccccc2)cc1,1967.0
CHEMBL2355333,Zimeldine Hydrochloride,CN(C)C/C=C(/c1ccc(Br)cc1)c1cccnc1.Cl.Cl.O,
CHEMBL2355456,Ibutilide Fumarate,CCCCCCCN(CC)CCCC(O)c1ccc(NS(C)(=O)=O)cc1.CCCCCCCN(CC)CCCC(O)c1ccc(NS(C)(=O)=O)cc1.O=C(O)/C=C/C(=O)O,1995.0
CHEMBL2355839,Isometheptene Mucate,CNC(C)CCC=C(C)C.CNC(C)CCC=C(C)C.O=C(O)[C@@H](O)[C@H](O)[C@H](O)[C@@H](O)C(=O)O,
CHEMBL2356023,Dihydrotachysterol,CC(C)[C@@H](C)/C=C/[C@@H](C)[C@H]1CC[C@H]2/C(=C/C=C3\C[C@@H](O)CC[C@@H]3C)CCC[C@]12C,
CHEMBL2356097,Metoprolol Succinate,COCCc1ccc(OCC(O)CNC(C)C)cc1.COCCc1ccc(OCC(O)CNC(C)C)cc1.O=C(O)CCC(=O)O,1992.0
CHEMBL2358147,Carphenazine Maleate,CCC(=O)c1ccc2c(c1)N(CCCN1CCN(CCO)CC1)c1ccccc1S2.O=C(O)/C=C\C(=O)O.O=C(O)/C=C\C(=O)O,1982.0
CHEMBL2359670,Thiethylperazine Malate,CCSc1ccc2c(c1)N(CCCN1CCN(C)CC1)c1ccccc1S2.O=C(O)CC(O)C(=O)O.O=C(O)CC(O)C(=O)O,1961.0
CHEMBL2359966,Quinine Sulfate,C=C[C@H]1CN2CC[C@H]1C[C@H]2[C@H](O)c1ccnc2ccc(OC)cc12.C=C[C@H]1CN2CC[C@H]1C[C@H]2[C@H](O)c1ccnc2ccc(OC)cc12.O.O.O=S(=O)(O)O,2005.0
CHEMBL2360079,Acetophenazine Maleate,CC(=O)c1ccc2c(c1)N(CCCN1CCN(CCO)CC1)c1ccccc1S2.O=C(O)/C=C\C(=O)O.O=C(O)/C=C\C(=O)O,1961.0
CHEMBL2360464,Pemetrexed Disodium,Nc1nc2[nH]cc(CCc3ccc(C(=O)N[C@@H](CCC(=O)[O-])C(=O)[O-])cc3)c2c(=O)[nH]1.[Na+].[Na+],2004.0
CHEMBL2360580,Buclizine Hydrochloride,CC(C)(C)c1ccc(CN2CCN(C(c3ccccc3)c3ccc(Cl)cc3)CC2)cc1.Cl.Cl,1982.0
CHEMBL2361370,Penbutolol Sulfate,CC(C)(C)NC[C@H](O)COc1ccccc1C1CCCC1.CC(C)(C)NC[C@H](O)COc1ccccc1C1CCCC1.O=S(=O)(O)O,1987.0
CHEMBL2362410,Landiolol Hydrochloride,CC1(C)OC[C@@H](COC(=O)CCc2ccc(OC[C@@H](O)CNCCNC(=O)N3CCOCC3)cc2)O1.Cl,2024.0
CHEMBL2364574,Doxycycline Calcium,C[C@H]1c2cccc([O-])c2C(=O)C2=C(O)[C@]3(O)C(=O)C(C(N)=O)=C(O)[C@@H](N(C)C)[C@@H]3[C@@H](O)[C@@H]21.C[C@H]1c2cccc([O-])c2C(=O)C2=C(O)[C@]3(O)C(=O)C(C(N)=O)=C(O)[C@@H](N(C)C)[C@@H]3[C@@H](O)[C@@H]21.[Ca+2],1974.0
CHEMBL2364607,Cobimetinib Fumarate,O=C(O)/C=C/C(=O)O.O=C(c1ccc(F)c(F)c1Nc1ccc(I)cc1F)N1CC(O)([C@@H]2CCCCN2)C1.O=C(c1ccc(F)c(F)c1Nc1ccc(I)cc1F)N1CC(O)([C@@H]2CCCCN2)C1,2015.0
CHEMBL2364608,Doravirine,Cn1c(Cn2ccc(C(F)(F)F)c(Oc3cc(Cl)cc(C#N)c3)c2=O)n[nH]c1=O,2018.0
CHEMBL2364609,Esketamine Hydrochloride,CN[C@]1(c2ccccc2Cl)CCCCC1=O.Cl,2019.0
CHEMBL2364612,Latanoprostene Bunod,O=C(CCC/C=C\C[C@@H]1[C@@H](CC[C@@H](O)CCc2ccccc2)[C@H](O)C[C@@H]1O)OCCCCO[N+](=O)[O-],2017.0
CHEMBL2364617,Macimorelin Acetate,CC(=O)O.CC(C)(N)C(=O)N[C@H](Cc1c[nH]c2ccccc12)C(=O)N[C@H](Cc1c[nH]c2ccccc12)NC=O,2017.0
CHEMBL2364623,Plazomicin Sulfate,CN[C@@H]1[C@@H](O)[C@@H](O[C@@H]2[C@@H](O)[C@H](O[C@H]3OC(CNCCO)=CC[C@H]3N)[C@@H](N)C[C@H]2NC(=O)[C@@H](O)CCN)OC[C@]1(C)O.O=S(=O)(O)O,2018.0
CHEMBL2364629,Rimegepant Sulfate,N[C@@H]1c2cccnc2[C@H](OC(=O)N2CCC(n3c(=O)[nH]c4ncccc43)CC2)CC[C@H]1c1cccc(F)c1F.N[C@@H]1c2cccnc2[C@H](OC(=O)N2CCC(n3c(=O)[nH]c4ncccc43)CC2)CC[C@H]1c1cccc(F)c1F.O.O.O.O=S(=O)(O)O,2020.0
CHEMBL2364632,Sarecycline,CON(C)Cc1ccc(O)c2c1C[C@H]1C[C@H]3[C@H](N(C)C)C(O)=C(C(N)=O)C(=O)[C@@]3(O)C(O)=C1C2=O,2018.0
CHEMBL2364633,Sarecycline Hydrochloride,CON(C)Cc1ccc(O)c2c1C[C@H]1C[C@H]3[C@H](N(C)C)C(O)=C(C(N)=O)C(=O)[C@@]3(O)C(O)=C1C2=O.Cl,2018.0
CHEMBL2364635,Tafenoquine Succinate,COc1cc(C)c2c(Oc3cccc(C(F)(F)F)c3)c(OC)cc(NC(C)CCCN)c2n1.O=C(O)CCC(=O)O,2018.0
CHEMBL2364637,Tenofovir Alafenamide Fumarate,CC(C)OC(=O)[C@H](C)N[P@](=O)(CO[C@H](C)Cn1cnc2c(N)ncnc21)Oc1ccccc1.CC(C)OC(=O)[C@H](C)N[P@](=O)(CO[C@H](C)Cn1cnc2c(N)ncnc21)Oc1ccccc1.O=C(O)/C=C/C(=O)O,2015.0
CHEMBL2364638,Ubrogepant,C[C@@H]1[C@H](c2ccccc2)C[C@H](NC(=O)c2cnc3c(c2)C[C@@]2(C3)C(=O)Nc3ncccc32)C(=O)N1CC(F)(F)F,2019.0
CHEMBL2364639,Valbenazine,COc1cc2c(cc1OC)[C@H]1C[C@@H](OC(=O)[C@@H](N)C(C)C)[C@H](CC(C)C)CN1CC2,2017.0
CHEMBL2364738,Metrizoate Magnesium,CC(=O)Nc1c(I)c(C(=O)[O-])c(I)c(N(C)C(C)=O)c1I.CC(=O)Nc1c(I)c(C(=O)[O-])c(I)c(N(C)C(C)=O)c1I.[Mg+2],1982.0
CHEMBL2368861,Buprenorphine Hydrochloride,CO[C@@]12CC[C@@]3(C[C@@H]1[C@](C)(O)C(C)(C)C)[C@H]1Cc4ccc(O)c5c4[C@@]3(CCN1CC1CC1)[C@H]2O5.Cl,1981.0
CHEMBL2368924,Dolasetron Mesylate,CS(=O)(=O)O.O.O=C(O[C@@H]1C[C@@H]2C[C@H]3C[C@H](C1)N2CC3=O)c1c[nH]c2ccccc12,1997.0
CHEMBL2368925,Dolasetron,O=C(O[C@@H]1C[C@@H]2C[C@H]3C[C@H](C1)N2CC3=O)c1c[nH]c2ccccc12,1997.0
CHEMBL2374220,Ledipasvir,COC(=O)N[C@H](C(=O)N1CC2(CC2)C[C@H]1c1nc(-c2ccc3c(c2)C(F)(F)c2cc(-c4ccc5[nH]c([C@@H]6[C@H]7CC[C@H](C7)N6C(=O)[C@@H](NC(=O)OC)C(C)C)nc5c4)ccc2-3)c[nH]1)C(C)C,2014.0
CHEMBL2396661,Alpelisib,Cc1nc(NC(=O)N2CCC[C@H]2C(N)=O)sc1-c1ccnc(C(C)(C)C(F)(F)F)c1,2019.0
CHEMBL2397415,Zavegepant,Cc1cc(C[C@@H](NC(=O)N2CCC(c3cc4ccccc4[nH]c3=O)CC2)C(=O)N2CCN(C3CCN(C)CC3)CC2)cc2cn[nH]c12,2023.0
CHEMBL2403108,Ceritinib,Cc1cc(Nc2ncc(Cl)c(Nc3ccccc3S(=O)(=O)C(C)C)n2)c(OC(C)C)cc1C1CCNCC1,2014.0
CHEMBL2403238,Cabotegravir,C[C@H]1CO[C@@H]2Cn3cc(C(=O)NCc4ccc(F)cc4F)c(=O)c(O)c3C(=O)N12,2021.0
CHEMBL2443262,Oliceridine,COc1ccsc1CNCC[C@@]1(c2ccccn2)CCOC2(CCCC2)C1,2020.0
CHEMBL2448612,Ergotamine Tartrate,CN1C[C@H](C(=O)N[C@]2(C)O[C@@]3(O)[C@@H]4CCCN4C(=O)[C@H](Cc4ccccc4)N3C2=O)C=C2c3cccc4[nH]cc(c34)C[C@H]21.CN1C[C@H](C(=O)N[C@]2(C)O[C@@]3(O)[C@@H]4CCCN4C(=O)[C@H](Cc4ccccc4)N3C2=O)C=C2c3cccc4[nH]cc(c34)C[C@H]21.O=C(O)C(O)C(O)C(=O)O,1948.0
CHEMBL2448613,Pimavanserin Tartrate,CC(C)COc1ccc(CNC(=O)N(Cc2ccc(F)cc2)C2CCN(C)CC2)cc1.CC(C)COc1ccc(CNC(=O)N(Cc2ccc(F)cc2)C2CCN(C)CC2)cc1.O=C(O)C(O)C(O)C(=O)O,2016.0
CHEMBL3039502,Duvelisib,C[C@H](Nc1ncnc2nc[nH]c12)c1cc2cccc(Cl)c2c(=O)n1-c1ccccc1,2018.0
CHEMBL3039504,Nintedanib Esylate,CCS(=O)(=O)O.COC(=O)c1ccc2c(c1)NC(=O)/C2=C(\Nc1ccc(N(C)C(=O)CN2CCN(C)CC2)cc1)c1ccccc1,2014.0
CHEMBL3039507,Sotagliflozin,CCOc1ccc(Cc2cc([C@@H]3O[C@H](SC)[C@@H](O)[C@H](O)[C@H]3O)ccc2Cl)cc1,2019.0
CHEMBL3039508,Naldemedine Tosylate,CC(C)(NC(=O)C1=C(O)[C@@H]2Oc3c(O)ccc4c3[C@@]23CCN(CC2CC2)[C@H](C4)[C@]3(O)C1)c1nc(-c2ccccc2)no1.Cc1ccc(S(=O)(=O)O)cc1,2017.0
CHEMBL3039514,Elbasvir,COC(=O)N[C@H](C(=O)N1CCC[C@H]1c1nc(-c2ccc3c(c2)O[C@@H](c2ccccc2)n2c-3cc3cc(-c4c[nH]c([C@@H]5CCCN5C(=O)[C@@H](NC(=O)OC)C(C)C)n4)ccc32)c[nH]1)C(C)C,2016.0
CHEMBL3039520,Lasmiditan,CN1CCC(C(=O)c2cccc(NC(=O)c3c(F)cc(F)cc3F)n2)CC1,2020.0
CHEMBL3039526,Lasmiditan Succinate,CN1CCC(C(=O)c2cccc(NC(=O)c3c(F)cc(F)cc3F)n2)CC1.CN1CCC(C(=O)c2cccc(NC(=O)c3c(F)cc(F)cc3F)n2)CC1.O=C(O)CCC(=O)O,2020.0
CHEMBL3039596,Fosinopril Sodium,CCC(=O)O[C@@H](O[P@](=O)(CCCCc1ccccc1)CC(=O)N1C[C@H](C2CCCCC2)C[C@H]1C(=O)[O-])C(C)C.[Na+],1991.0
CHEMBL3039598,Fosinopril,CCC(=O)O[C@@H](O[P@](=O)(CCCCc1ccccc1)CC(=O)N1C[C@H](C2CCCCC2)C[C@H]1C(=O)O)C(C)C,1991.0
CHEMBL3084748,Trospium Chloride,O=C(O[C@H]1C[C@H]2CC[C@@H](C1)[N+]21CCCC1)C(O)(c1ccccc1)c1ccccc1.[Cl-],2004.0
CHEMBL3099695,Osilodrostat,N#Cc1ccc([C@H]2CCc3cncn32)c(F)c1,2020.0
CHEMBL3112741,Relebactam Anhydrous,O=C(NC1CCNCC1)[C@@H]1CC[C@@H]2CN1C(=O)N2OS(=O)(=O)O,2019.0
CHEMBL3127326,Ombitasvir,COC(=O)N[C@H](C(=O)N1CCC[C@H]1C(=O)Nc1ccc([C@@H]2CC[C@@H](c3ccc(NC(=O)[C@@H]4CCCN4C(=O)[C@@H](NC(=O)OC)C(C)C)cc3)N2c2ccc(C(C)(C)C)cc2)cc1)C(C)C,2014.0
CHEMBL3137301,Sacubitril,CCOC(=O)[C@H](C)C[C@@H](Cc1ccc(-c2ccccc2)cc1)NC(=O)CCC(=O)O,2015.0
CHEMBL3137308,Peficitinib,NC(=O)c1cnc2[nH]ccc2c1N[C@@H]1[C@@H]2CC3C[C@H]1C[C@@](O)(C3)C2,2019.0
CHEMBL3137309,Venetoclax,CC1(C)CCC(CN2CCN(c3ccc(C(=O)NS(=O)(=O)c4ccc(NCC5CCOCC5)c([N+](=O)[O-])c4)c(Oc4cnc5[nH]ccc5c4)c3)CC2)=C(c2ccc(Cl)cc2)C1,2016.0
CHEMBL3137310,Benzhydrocodone Hydrochloride,COc1ccc2c3c1O[C@H]1C(OC(=O)c4ccccc4)=CC[C@@H]4[C@@H](C2)N(C)CC[C@@]341.Cl,2018.0
CHEMBL3137312,Dasabuvir,COc1c(-c2ccc3cc(NS(C)(=O)=O)ccc3c2)cc(-n2ccc(=O)[nH]c2=O)cc1C(C)(C)C,2014.0
CHEMBL3137317,Sonidegib Phosphate,Cc1c(C(=O)Nc2ccc(N3C[C@@H](C)O[C@@H](C)C3)nc2)cccc1-c1ccc(OC(F)(F)F)cc1.O=P(O)(O)O.O=P(O)(O)O,2015.0
CHEMBL3137318,Talazoparib Tosylate,Cc1ccc(S(=O)(=O)O)cc1.Cn1ncnc1[C@H]1c2n[nH]c(=O)c3cc(F)cc(c23)N[C@@H]1c1ccc(F)cc1,2018.0
CHEMBL3137320,Talazoparib,Cn1ncnc1[C@H]1c2n[nH]c(=O)c3cc(F)cc(c23)N[C@@H]1c1ccc(F)cc1,2018.0
CHEMBL3137321,Benzhydrocodone,COc1ccc2c3c1O[C@H]1C(OC(=O)c4ccccc4)=CC[C@@H]4[C@@H](C2)N(C)CC[C@@]341,2018.0
CHEMBL3137326,Deutetrabenazine,[2H]C([2H])([2H])Oc1cc2c(cc1OC([2H])([2H])[2H])C1CC(=O)C(CC(C)C)CN1CC2,2017.0
CHEMBL3137329,Peficitinib Hydrobromide,Br.NC(=O)c1cnc2[nH]ccc2c1N[C@@H]1[C@@H]2CC3C[C@H]1C[C@@](O)(C3)C2,2019.0
CHEMBL3137330,Cabotegravir Sodium,C[C@H]1CO[C@@H]2Cn3cc(C(=O)NCc4ccc(F)cc4F)c(=O)c([O-])c3C(=O)N12.[Na+],2021.0
CHEMBL3137333,Isavuconazonium Sulfate,CNCC(=O)OCc1cccnc1N(C)C(=O)OC(C)[n+]1cnn(C[C@](O)(c2cc(F)ccc2F)[C@@H](C)c2nc(-c3ccc(C#N)cc3)cs2)c1.O=S(=O)([O-])O,2015.0
CHEMBL3137358,Simeprevir Sodium,COc1ccc2c(O[C@@H]3C[C@H]4C(=O)N[C@]5(C(=O)[N-]S(=O)(=O)C6CC6)C[C@H]5/C=C\CCCCN(C)C(=O)[C@@H]4C3)cc(-c3nc(C(C)C)cs3)nc2c1C.[Na+],2013.0
CHEMBL3140361,Ethambutol Hydrochloride,CC[C@@H](CO)NCCN[C@@H](CC)CO.Cl.Cl,1967.0
CHEMBL3142541,Butamben Picrate,CCCCOC(=O)c1ccc(N)cc1.CCCCOC(=O)c1ccc(N)cc1.O=[N+]([O-])c1cc([N+](=O)[O-])c(O)c([N+](=O)[O-])c1,
CHEMBL3181832,Methicillin Sodium,COc1cccc(OC)c1C(=O)N[C@@H]1C(=O)N2[C@@H]1SC(C)(C)[C@@H]2C(=O)[O-].O.[Na+],1982.0
CHEMBL3181841,Ramosetron Hydrochloride,Cl.Cn1cc(C(=O)[C@@H]2CCc3[nH]cnc3C2)c2ccccc21,2015.0
CHEMBL3181947,Bromfenac Sodium,Nc1c(CC(=O)[O-])cccc1C(=O)c1ccc(Br)cc1.Nc1c(CC(=O)[O-])cccc1C(=O)c1ccc(Br)cc1.O.O.O.[Na+].[Na+],1997.0
CHEMBL3182320,Troxerutin,C[C@@H]1O[C@@H](OC[C@H]2O[C@@H](Oc3c(-c4ccc(OCCO)c(OCCO)c4)oc4cc(OCCO)cc(O)c4c3=O)[C@H](O)[C@@H](O)[C@@H]2O)[C@H](O)[C@H](O)[C@H]1O,
CHEMBL3182343,Pivampicillin,CC(C)(C)C(=O)OCOC(=O)[C@@H]1N2C(=O)[C@@H](NC(=O)[C@H](N)c3ccccc3)[C@H]2SC1(C)C,
CHEMBL3182733,Pramipexole Dihydrochloride,CCCN[C@H]1CCc2nc(N)sc2C1.Cl.Cl.O,1997.0
CHEMBL3183075,Nizatidine,CNC(=C[N+](=O)[O-])NCCSCc1csc(CN(C)C)n1,1988.0
CHEMBL3183184,Octinoxate,CCCCC(CC)COC(=O)C=Cc1ccc(OC)cc1,1992.0
CHEMBL3183193,Cefmenoxime Hydrochloride,CO/N=C(\C(=O)N[C@@H]1C(=O)N2C(C(=O)O)=C(CSc3nnnn3C)CS[C@H]12)c1csc(N)n1.CO/N=C(\C(=O)N[C@@H]1C(=O)N2C(C(=O)O)=C(CSc3nnnn3C)CS[C@H]12)c1csc(N)n1.Cl,1987.0
CHEMBL3183409,Apalutamide,CNC(=O)c1ccc(N2C(=S)N(c3cnc(C#N)c(C(F)(F)F)c3)C(=O)C23CCC3)cc1F,2018.0
CHEMBL3183451,Garenoxacin Mesylate,CS(=O)(=O)O.C[C@H]1NCc2cc(-c3ccc4c(=O)c(C(=O)O)cn(C5CC5)c4c3OC(F)F)ccc21.O,2007.0
CHEMBL3183453,Novobiocin Sodium,CO[C@@H]1[C@@H](OC(N)=O)[C@@H](O)[C@H](Oc2ccc3c([O-])c(NC(=O)c4ccc(O)c(CC=C(C)C)c4)c(=O)oc3c2C)OC1(C)C.[Na+],1964.0
CHEMBL3184143,Guanadrel Sulfate,N=C(N)NCC1COC2(CCCCC2)O1.N=C(N)NCC1COC2(CCCCC2)O1.O=S(=O)(O)O,1982.0
CHEMBL3184512,Clindamycin Phosphate,CCC[C@@H]1C[C@@H](C(=O)N[C@@H]([C@H]2O[C@H](SC)[C@H](OP(=O)(O)O)[C@@H](O)[C@H]2O)[C@H](C)Cl)N(C)C1,1972.0
CHEMBL3184791,Streptomycin Sulfate,CN[C@@H]1[C@H](O[C@H]2[C@H](O[C@H]3[C@H](O)[C@@H](O)[C@H](N=C(N)N)[C@@H](O)[C@@H]3N=C(N)N)O[C@@H](C)[C@]2(O)C=O)O[C@@H](CO)[C@H](O)[C@H]1O.CN[C@@H]1[C@H](O[C@H]2[C@H](O[C@H]3[C@H](O)[C@@H](O)[C@H](N=C(N)N)[C@@H](O)[C@@H]3N=C(N)N)O[C@@H](C)[C@]2(O)C=O)O[C@@H](CO)[C@H](O)[C@H]1O.O=S(=O)(O)O.O=S(=O)(O)O.O=S(=O)(O)O,1946.0
CHEMBL3184799,Mephentermine Sulfate,CNC(C)(C)Cc1ccccc1.CNC(C)(C)Cc1ccccc1.O=S(=O)(O)O,1951.0
CHEMBL3184986,Zinc Acetate,CC(=O)[O-].CC(=O)[O-].O.O.[Zn+2],1982.0
CHEMBL3185229,Magnesium Chloride,O.O.O.O.O.O.[Cl-].[Cl-].[Mg+2],1982.0
CHEMBL3185958,Clomiphene Citrate,CCN(CC)CCOc1ccc(C(=C(Cl)c2ccccc2)c2ccccc2)cc1.O=C(O)CC(O)(CC(=O)O)C(=O)O,1967.0
CHEMBL3186492,Ondansetron Hydrochloride,Cc1nccn1CC1CCc2c(c3ccccc3n2C)C1=O.Cl.O.O,1991.0
CHEMBL3186993,Hydroxyzine Hydrochloride,Cl.Cl.OCCOCCN1CCN(C(c2ccccc2)c2ccc(Cl)cc2)CC1,1956.0
CHEMBL3187246,Methapyrilene Fumarate,CN(C)CCN(Cc1cccs1)c1ccccn1.CN(C)CCN(Cc1cccs1)c1ccccn1.O=C(O)/C=C/C(=O)O.O=C(O)/C=C/C(=O)O.O=C(O)/C=C/C(=O)O,
CHEMBL3187365,Asenapine,CN1CC2c3ccccc3Oc3ccc(Cl)cc3C2C1,2009.0
CHEMBL3187723,Binimetinib,Cn1cnc2c(F)c(Nc3ccc(Br)cc3F)c(C(=O)NOCCO)cc21,2018.0
CHEMBL3187985,Apomorphine Hydrochloride,CN1CCc2cccc3c2[C@H]1Cc1ccc(O)c(O)c1-3.CN1CCc2cccc3c2[C@H]1Cc1ccc(O)c(O)c1-3.Cl.Cl.O,2001.0
CHEMBL3188034,Triprolidine Hydrochloride,Cc1ccc(/C(=C\CN2CCCC2)c2ccccn2)cc1.Cl.O,1982.0
CHEMBL3188267,Capmatinib,CNC(=O)c1ccc(-c2cnc3ncc(Cc4ccc5ncccc5c4)n3n2)cc1F,2020.0
CHEMBL3188576,Dihydrostreptomycin Sulfate,CN[C@@H]1[C@H](O[C@H]2[C@H](O[C@H]3[C@H](O)[C@@H](O)[C@H](NC(=N)N)[C@@H](O)[C@@H]3NC(=N)N)O[C@@H](C)[C@]2(O)CO)O[C@@H](CO)[C@H](O)[C@H]1O.CN[C@@H]1[C@H](O[C@H]2[C@H](O[C@H]3[C@H](O)[C@@H](O)[C@H](NC(=N)N)[C@@H](O)[C@@H]3NC(=N)N)O[C@@H](C)[C@]2(O)CO)O[C@@H](CO)[C@H](O)[C@H]1O.O=S(=O)(O)O.O=S(=O)(O)O.O=S(=O)(O)O,
CHEMBL3188993,Quetiapine Fumarate,O=C(O)/C=C/C(=O)O.OCCOCCN1CCN(C2=Nc3ccccc3Sc3ccccc32)CC1.OCCOCCN1CCN(C2=Nc3ccccc3Sc3ccccc32)CC1,1997.0
CHEMBL3189072,Tirofiban Hydrochloride,CCCCS(=O)(=O)N[C@@H](Cc1ccc(OCCCCC2CCNCC2)cc1)C(=O)O.Cl.O,1998.0
CHEMBL3218576,Copanlisib,COc1c(OCCCN2CCOCC2)ccc2c1N=C(NC(=O)c1cnc(N)nc1)N1CCN=C21,2017.0
CHEMBL3233142,Lumateperone Tosylate,CN1CCN2c3c(cccc31)[C@@H]1CN(CCCC(=O)c3ccc(F)cc3)CC[C@@H]12.Cc1ccc(S(=O)(=O)O)cc1,2019.0
CHEMBL3237547,Cedazuridine,O=C1N[C@H](O)CCN1[C@@H]1O[C@H](CO)[C@@H](O)C1(F)F,2020.0
CHEMBL3244648,Methotrexate Sodium,CN(Cc1cnc2nc(N)nc(N)c2n1)c1ccc(C(=O)N[C@@H](CCC(=O)[O-])C(=O)[O-])cc1.[Na+].[Na+],1953.0
CHEMBL3261331,Resmetirom,CC(C)c1cc(Oc2c(Cl)cc(-n3nc(C#N)c(=O)[nH]c3=O)cc2Cl)n[nH]c1=O,2024.0
CHEMBL3286830,Lorlatinib,C[C@H]1Oc2cc(cnc2N)-c2c(nn(C)c2C#N)CN(C)C(=O)c2ccc(F)cc21,2018.0
CHEMBL3291398,Lefamulin,C=C[C@]1(C)C[C@@H](OC(=O)CS[C@@H]2CC[C@@H](N)C[C@H]2O)[C@]2(C)[C@H](C)CC[C@]3(CCC(=O)[C@H]32)[C@@H](C)[C@@H]1O,2019.0
CHEMBL3301594,Fostemsavir,COc1cnc(-n2cnc(C)n2)c2c1c(C(=O)C(=O)N1CCN(C(=O)c3ccccc3)CC1)cn2COP(=O)(O)O,2020.0
CHEMBL3301598,Fostemsavir Tromethamine,COc1cnc(-n2cnc(C)n2)c2c1c(C(=O)C(=O)N1CCN(C(=O)c3ccccc3)CC1)cn2COP(=O)(O)O.NC(CO)(CO)CO,2020.0
CHEMBL3301603,Gilteritinib Fumarate,CCc1nc(C(N)=O)c(Nc2ccc(N3CCC(N4CCN(C)CC4)CC3)c(OC)c2)nc1NC1CCOCC1.CCc1nc(C(N)=O)c(Nc2ccc(N3CCC(N4CCN(C)CC4)CC3)c(OC)c2)nc1NC1CCOCC1.O=C(O)/C=C/C(=O)O,2018.0
CHEMBL3301605,Relebactam,O.O=C(NC1CCNCC1)[C@@H]1CC[C@@H]2CN1C(=O)N2OS(=O)(=O)O,2019.0
CHEMBL3301607,Filgotinib,O=C(Nc1nc2cccc(-c3ccc(CN4CCS(=O)(=O)CC4)cc3)n2n1)C1CC1,2020.0
CHEMBL3301610,Abemaciclib,CCN1CCN(Cc2ccc(Nc3ncc(F)c(-c4cc(F)c5nc(C)n(C(C)C)c5c4)n3)nc2)CC1,2017.0
CHEMBL3301611,Amifampridine Phosphate,Nc1ccncc1N.O=P(O)(O)O,2009.0
CHEMBL3301612,Encorafenib,COC(=O)N[C@@H](C)CNc1nccc(-c2cn(C(C)C)nc2-c2cc(Cl)cc(NS(C)(=O)=O)c2F)n1,2018.0
CHEMBL3301622,Gilteritinib,CCc1nc(C(N)=O)c(Nc2ccc(N3CCC(N4CCN(C)CC4)CC3)c(OC)c2)nc1NC1CCOCC1,2018.0
CHEMBL3301627,Tenapanor Hydrochloride,CN1Cc2c(Cl)cc(Cl)cc2[C@H](c2cccc(S(=O)(=O)NCCOCCOCCNC(=O)NCCCCNC(=O)NCCOCCOCCNS(=O)(=O)c3cccc([C@@H]4CN(C)Cc5c(Cl)cc(Cl)cc54)c3)c2)C1.Cl.Cl,2019.0
CHEMBL3301670,Difemerine Hydrochloride,CN(C)CC(C)(C)OC(=O)C(O)(c1ccccc1)c1ccccc1.Cl,
CHEMBL3304485,Tenapanor,CN1Cc2c(Cl)cc(Cl)cc2[C@H](c2cccc(S(=O)(=O)NCCOCCOCCNC(=O)NCCCCNC(=O)NCCOCCOCCNS(=O)(=O)c3cccc([C@@H]4CN(C)Cc5c(Cl)cc(Cl)cc54)c3)c2)C1,2019.0
CHEMBL3304486,Difemerine,CN(C)CC(C)(C)OC(=O)C(O)(c1ccccc1)c1ccccc1,
CHEMBL3306803,Lumateperone,CN1CCN2c3c(cccc31)[C@@H]1CN(CCCC(=O)c3ccc(F)cc3)CC[C@@H]12,2019.0
CHEMBL3311228,Oteseconazole,O[C@@](Cn1cnnn1)(c1ccc(F)cc1F)C(F)(F)c1ccc(-c2ccc(OCC(F)(F)F)cc2)cn1,2022.0
CHEMBL3317857,Vaborbactam,O=C(O)C[C@@H]1CC[C@H](NC(=O)Cc2cccs2)B(O)O1,2017.0
CHEMBL3348923,Tovorafenib,C[C@@H](NC(=O)c1ncnc(N)c1Cl)c1ncc(C(=O)Nc2cc(C(F)(F)F)c(Cl)cn2)s1,2024.0
CHEMBL3348963,Telotristat Etiprate,CCOC(=O)[C@@H](N)Cc1ccc(-c2cc(O[C@H](c3ccc(Cl)cc3-n3ccc(C)n3)C(F)(F)F)nc(N)n2)cc1.O=C(O)CNC(=O)c1ccccc1,2017.0
CHEMBL3353410,Osimertinib,C=CC(=O)Nc1cc(Nc2nccc(-c3cn(C)c4ccccc34)n2)c(OC)cc1N(C)CCN(C)C,2015.0
CHEMBL3358920,Etrasimod,O=C(O)C[C@H]1CCc2c1[nH]c1ccc(OCc3ccc(C4CCCC4)c(C(F)(F)F)c3)cc21,2023.0
CHEMBL3391662,Paritaprevir,Cc1cnc(C(=O)N[C@H]2CCCCC/C=C\[C@@H]3C[C@@]3(C(=O)NS(=O)(=O)C3CC3)NC(=O)[C@@H]3C[C@@H](Oc4nc5ccccc5c5ccccc45)CN3C2=O)cn1,2014.0
CHEMBL3400972,Fluorodopa F 18,N[C@@H](Cc1cc(O)c(O)cc1[18F])C(=O)O,2019.0
CHEMBL3402762,Tepotinib,CN1CCC(COc2cnc(-c3cccc(Cn4nc(-c5cccc(C#N)c5)ccc4=O)c3)nc2)CC1,2021.0
CHEMBL3414621,Tazemetostat,CCN(c1cc(-c2ccc(CN3CCOCC3)cc2)cc(C(=O)NCc2c(C)cc(C)[nH]c2=O)c1C)C1CCOCC1,2020.0
CHEMBL3544906,Benzphetamine Hydrochloride,C[C@@H](Cc1ccccc1)N(C)Cc1ccccc1.Cl,1960.0
CHEMBL3544908,Azatadine Maleate,CN1CCC(=C2c3ccccc3CCc3cccnc32)CC1.O=C(O)/C=C\C(=O)O.O=C(O)/C=C\C(=O)O,1977.0
CHEMBL3544909,Calcifediol,C=C1CC[C@H](O)C/C1=C/C=C1\CCC[C@]2(C)[C@@H]([C@H](C)CCCC(C)(C)O)CC[C@@H]12.O,1980.0
CHEMBL3544914,Tezacaftor,CC(C)(CO)c1cc2cc(NC(=O)C3(c4ccc5c(c4)OC(F)(F)O5)CC3)c(F)cc2n1C[C@@H](O)CO,2018.0
CHEMBL3544971,Dextroamphetamine Sulfate,C[C@H](N)Cc1ccccc1.C[C@H](N)Cc1ccccc1.O=S(=O)(O)O,1960.0
CHEMBL3544973,Ceftaroline Fosamil Acetate,CC(=O)O.CCO/N=C(\C(=O)N[C@@H]1C(=O)N2C(C(=O)[O-])=C(Sc3nc(-c4cc[n+](C)cc4)cs3)CS[C@H]12)c1nsc(NP(=O)(O)O)n1.O,2010.0
CHEMBL3544974,Asenapine Maleate,CN1CC2c3ccccc3Oc3ccc(Cl)cc3C2C1.O=C(O)/C=C\C(=O)O,2009.0
CHEMBL3544985,Dasabuvir Sodium Monohydrate,COc1c(-c2ccc3cc(NS(C)(=O)=O)ccc3c2)cc(-n2ccc(=O)[n-]c2=O)cc1C(C)(C)C.O.[Na+],2014.0
CHEMBL3544986,Perindopril Arginine,CCC[C@H](N[C@@H](C)C(=O)N1[C@H](C(=O)O)C[C@@H]2CCCC[C@@H]21)C(=O)OCC.N=C(N)NCCC[C@H](N)C(=O)O,2015.0
CHEMBL3544988,Daprodustat,O=C(O)CNC(=O)C1C(=O)N(C2CCCCC2)C(=O)N(C2CCCCC2)C1=O,2023.0
CHEMBL3545057,Acetyldigitoxin,CC(=O)O[C@H]1C[C@H](O[C@H]2[C@@H](O)C[C@H](O[C@H]3[C@@H](O)C[C@H](O[C@H]4CC[C@@]5(C)[C@H](CC[C@@H]6[C@@H]5CC[C@]5(C)[C@@H](C7=CC(=O)OC7)CC[C@]65O)C4)O[C@@H]3C)O[C@@H]2C)O[C@H](C)[C@H]1O,1982.0
CHEMBL3545058,Dextrothyroxine Sodium,N[C@H](Cc1cc(I)c(Oc2cc(I)c(O)c(I)c2)c(I)c1)C(=O)[O-].O.[Na+],1967.0
CHEMBL3545059,Aliskiren Fumarate,COCCCOc1cc(C[C@@H](C[C@H](N)[C@@H](O)C[C@H](C(=O)NCC(C)(C)C(N)=O)C(C)C)C(C)C)ccc1OC.COCCCOc1cc(C[C@@H](C[C@H](N)[C@@H](O)C[C@H](C(=O)NCC(C)(C)C(N)=O)C(C)C)C(C)C)ccc1OC.O=C(O)/C=C/C(=O)O,2007.0
CHEMBL3545060,Erythromycin Gluceptate,CC[C@H]1OC(=O)[C@H](C)[C@@H](O[C@H]2C[C@@](C)(OC)[C@@H](O)[C@H](C)O2)[C@H](C)[C@@H](O[C@@H]2O[C@H](C)C[C@H](N(C)C)[C@H]2O)[C@](C)(O)C[C@@H](C)C(=O)[C@H](C)[C@@H](O)[C@]1(C)O.O=C(O)[C@H](O)[C@H](O)[C@@H](O)[C@H](O)[C@H](O)CO,1982.0
CHEMBL3545062,Velpatasvir,COC[C@H]1C[C@@H](c2nc(-c3ccc4c(c3)COc3cc5c(ccc6nc([C@@H]7CC[C@H](C)N7C(=O)[C@@H](NC(=O)OC)C(C)C)[nH]c65)cc3-4)c[nH]2)N(C(=O)[C@H](NC(=O)OC)c2ccccc2)C1,2016.0
CHEMBL3545063,Osimertinib Mesylate,C=CC(=O)Nc1cc(Nc2nccc(-c3cn(C)c4ccccc34)n2)c(OC)cc1N(C)CCN(C)C.CS(=O)(=O)O,2015.0
CHEMBL3545068,Copanlisib Hydrochloride,COc1c(OCCCN2CCOCC2)ccc2c1N=C(NC(=O)c1cnc(N)nc1)N1CCN=C21.Cl.Cl,2017.0
CHEMBL3545110,Ribociclib,CN(C)C(=O)c1cc2cnc(Nc3ccc(N4CCNCC4)cn3)nc2n1C1CCCC1,2017.0
CHEMBL3545123,Pibrentasvir,COC(=O)N[C@H](C(=O)N1CCC[C@H]1c1nc2cc([C@H]3CC[C@H](c4cc5nc([C@@H]6CCCN6C(=O)[C@@H](NC(=O)OC)[C@@H](C)OC)[nH]c5cc4F)N3c3cc(F)c(N4CCC(c5ccc(F)cc5)CC4)c(F)c3)c(F)cc2[nH]1)[C@@H](C)OC,2017.0
CHEMBL3545181,Tiotropium Bromide,C[N+]1(C)[C@@H]2C[C@@H](OC(=O)C(O)(c3cccs3)c3cccs3)C[C@H]1[C@@H]1O[C@@H]12.O.[Br-],2004.0
CHEMBL3545185,Selinexor,O=C(/C=C\n1cnc(-c2cc(C(F)(F)F)cc(C(F)(F)F)c2)n1)NNc1cnccn1,2019.0
CHEMBL3545252,Docetaxel,CC(=O)O[C@@]12CO[C@@H]1C[C@H](O)[C@@]1(C)C(=O)[C@H](O)C3=C(C)[C@@H](OC(=O)[C@H](O)[C@@H](NC(=O)OC(C)(C)C)c4ccccc4)C[C@@](O)([C@@H](OC(=O)c4ccccc4)[C@H]21)C3(C)C.O.O.O,1995.0
CHEMBL3545253,Flortaucipir F 18,[18F]c1ccc(-c2ccc3c(c2)[nH]c2ccncc23)cn1,2020.0
CHEMBL3545309,Lefamulin Acetate,C=C[C@]1(C)C[C@@H](OC(=O)CS[C@@H]2CC[C@@H](N)C[C@H]2O)[C@]2(C)[C@H](C)CC[C@]3(CCC(=O)[C@H]32)[C@@H](C)[C@@H]1O.CC(=O)O,2019.0
CHEMBL3545311,Brigatinib,COc1cc(N2CCC(N3CCN(C)CC3)CC2)ccc1Nc1ncc(Cl)c(Nc2ccccc2P(C)(C)=O)n1,2017.0
CHEMBL3545313,Bempedoic Acid,CC(C)(CCCCCC(O)CCCCCC(C)(C)C(=O)O)C(=O)O,2020.0
CHEMBL3545363,Glecaprevir,CC(C)(C)[C@@H]1NC(=O)O[C@@H]2CCC[C@H]2OC/C=C/C(F)(F)c2nc3ccccc3nc2O[C@@H]2C[C@@H](C(=O)N[C@]3(C(=O)NS(=O)(=O)C4(C)CC4)C[C@H]3C(F)F)N(C2)C1=O,2017.0
CHEMBL3545367,Lemborexant,Cc1ncc(OC[C@@]2(c3cccc(F)c3)C[C@H]2C(=O)Nc2ccc(F)cn2)c(C)n1,2020.0
CHEMBL3545368,Panobinostat Lactate,CC(O)C(=O)O.Cc1[nH]c2ccccc2c1CCNCc1ccc(/C=C/C(=O)NO)cc1,2015.0
CHEMBL3545376,Erdafitinib,COc1cc(OC)cc(N(CCNC(C)C)c2ccc3ncc(-c4cnn(C)c4)nc3c2)c1,2019.0
CHEMBL3545432,Ixazomib Citrate,CC(C)C[C@H](NC(=O)CNC(=O)c1cc(Cl)ccc1Cl)B1OC(=O)C(CC(=O)O)(CC(=O)O)O1,2015.0
CHEMBL3545985,Benzphetamine,C[C@@H](Cc1ccccc1)N(C)Cc1ccccc1,1960.0
CHEMBL3546271,Flortaucipir,Fc1ccc(-c2ccc3c(c2)[nH]c2ccncc23)cn1,2020.0
CHEMBL3547132,Fluorodopa,N[C@@H](Cc1cc(O)c(O)cc1F)C(=O)O,2019.0
CHEMBL3561076,Trimetazidine Dihydrochloride,COc1ccc(CN2CCNCC2)c(OC)c1OC.Cl.Cl,
CHEMBL3578202,Gozetotide,O=C(O)CCc1ccc(O)c(CN(CCN(CC(=O)O)Cc2cc(CCC(=O)NCCCCCC(=O)NCCCC[C@H](NC(=O)N[C@@H](CCC(=O)O)C(=O)O)C(=O)O)ccc2O)CC(=O)O)c1,2020.0
CHEMBL3590187,Clascoterone,CCC(=O)O[C@]1(C(=O)CO)CC[C@H]2[C@@H]3CCC4=CC(=O)CC[C@]4(C)[C@H]3CC[C@@]21C,2020.0
CHEMBL3608680,Fezolinetant,Cc1nsc(-c2nnc3n2CCN(C(=O)c2ccc(F)cc2)[C@@H]3C)n1,2023.0
CHEMBL3622821,Upadacitinib,CC[C@@H]1CN(C(=O)NCC(F)(F)F)C[C@@H]1c1cnc2cnc3[nH]ccc3n12,2019.0
CHEMBL3643413,Leniolisib,CCC(=O)N1CC[C@H](Nc2ncnc3c2CN(c2cnc(OC)c(C(F)(F)F)c2)CC3)C1,2023.0
CHEMBL3646221,Vadadustat,O=C(O)CNC(=O)c1ncc(-c2cccc(Cl)c2)cc1O,2023.0
CHEMBL3655081,Abrocitinib,CCCS(=O)(=O)N[C@H]1C[C@@H](N(C)c2ncnc3[nH]ccc23)C1,2021.0
CHEMBL3668014,Linzagolix,COc1cc(F)c(-n2c(=O)[nH]c3csc(C(=O)O)c3c2=O)cc1OCc1c(OC)ccc(F)c1F,2022.0
CHEMBL3701238,Futibatinib,C=CC(=O)N1CC[C@H](n2nc(C#Cc3cc(OC)cc(OC)c3)c3c(N)ncnc32)C1,2022.0
CHEMBL3707183,Quinidine Sulfate,C=C[C@H]1CN2CC[C@H]1C[C@@H]2[C@@H](O)c1ccnc2ccc(OC)cc12.C=C[C@H]1CN2CC[C@H]1C[C@@H]2[C@@H](O)c1ccnc2ccc(OC)cc12.O.O.O=S(=O)(O)O,1962.0
CHEMBL3707223,Sofpironium Bromide,CCOC(=O)C[N+]1(C)CC[C@@H](OC(=O)[C@](O)(c2ccccc2)C2CCCC2)C1.[Br-],2024.0
CHEMBL3707224,Sofpironium,CCOC(=O)C[N+]1(C)CC[C@@H](OC(=O)[C@](O)(c2ccccc2)C2CCCC2)C1,2024.0
CHEMBL3707243,Glycopyrronium Tosylate,C[N+]1(C)CCC(OC(=O)C(O)(c2ccccc2)C2CCCC2)C1.Cc1ccc(S(=O)(=O)[O-])cc1.O,2018.0
CHEMBL3707246,Ozanimod Hydrochloride,CC(C)Oc1ccc(-c2nc(-c3cccc4c3CC[C@@H]4NCCO)no2)cc1C#N.Cl,2020.0
CHEMBL3707247,Ozanimod,CC(C)Oc1ccc(-c2nc(-c3cccc4c3CC[C@@H]4NCCO)no2)cc1C#N,2020.0
CHEMBL3707248,Valbenazine Tosylate,COc1cc2c(cc1OC)[C@H]1C[C@@H](OC(=O)[C@@H](N)C(C)C)[C@H](CC(C)C)CN1CC2.Cc1ccc(S(=O)(=O)O)cc1.Cc1ccc(S(=O)(=O)O)cc1,2017.0
CHEMBL3707266,Ribociclib Succinate,CN(C)C(=O)c1cc2cnc(Nc3ccc(N4CCNCC4)cn3)nc2n1C1CCCC1.O=C(O)CCC(=O)O,2017.0
CHEMBL3707290,Somapacitan,C=C(CCCCCCCCCCCCCCCc1nnn[nH]1)NS(=O)(=O)CCCC(=O)NCCOCCOCC(=O)N[C@@H](CCC(=O)N[C@@H](CCC(=O)NCCOCCOCC(=O)N[C@@H](CCCCNC(=O)CSC[C@H](N)C(=O)O)C(N)=O)C(=O)O)C(=O)O,2020.0
CHEMBL3707306,Strontium Ranelate,N#Cc1c(N(CC(=O)[O-])CC(=O)[O-])sc(C(=O)[O-])c1CC(=O)[O-].[Sr+2].[Sr+2],2004.0
CHEMBL3707310,Lotilaner,Cc1cc(C2=NO[C@@](c3cc(Cl)c(Cl)c(Cl)c3)(C(F)(F)F)C2)sc1C(=O)NCC(=O)NCC(F)(F)F,2017.0
CHEMBL3707313,Trifarotene,CC(C)(C)c1cc(-c2cc(-c3ccc(C(=O)O)cc3)ccc2OCCO)ccc1N1CCCC1,2019.0
CHEMBL3707320,Alectinib Hydrochloride,CCc1cc2c(cc1N1CCC(N3CCOCC3)CC1)C(C)(C)c1[nH]c3cc(C#N)ccc3c1C2=O.Cl,2015.0
CHEMBL3707330,Rolapitant Hydrochloride,C[C@@H](OC[C@@]1(c2ccccc2)CC[C@]2(CCC(=O)N2)CN1)c1cc(C(F)(F)F)cc(C(F)(F)F)c1.Cl.O,2015.0
CHEMBL3707331,Rolapitant,C[C@@H](OC[C@@]1(c2ccccc2)CC[C@]2(CCC(=O)N2)CN1)c1cc(C(F)(F)F)cc(C(F)(F)F)c1,2015.0
CHEMBL3707348,Acalabrutinib,CC#CC(=O)N1CCC[C@H]1c1nc(-c2ccc(C(=O)Nc3ccccn3)cc2)c2c(N)nccn12,2017.0
CHEMBL3707372,Voxilaprevir,CC[C@@H]1[C@@H]2CN(C(=O)[C@H](C(C)(C)C)NC(=O)O[C@@H]3C[C@H]3CCCCC(F)(F)c3nc4ccc(OC)cc4nc3O2)[C@@H]1C(=O)N[C@]1(C(=O)NS(=O)(=O)C2(C)CC2)C[C@H]1C(C)C,2017.0
CHEMBL3707377,Segesterone Acetate,C=C1C[C@H]2[C@@H]3CCC4=CC(=O)CC[C@@H]4[C@H]3CC[C@]2(C)[C@@]1(OC(C)=O)C(C)=O,2018.0
CHEMBL3707393,Osilodrostat Phosphate,N#Cc1ccc([C@H]2CCc3cncn32)c(F)c1.O=P(O)(O)O,2020.0
CHEMBL3707395,Elafibranor,CSc1ccc(C(=O)/C=C/c2cc(C)c(OC(C)(C)C(=O)O)c(C)c2)cc1,2024.0
CHEMBL3716057,Gefapixant,COc1cc(C(C)C)c(Oc2cnc(N)nc2N)cc1S(N)(=O)=O,2023.0
CHEMBL3786343,Olmutinib,C=CC(=O)Nc1cccc(Oc2nc(Nc3ccc(N4CCN(C)CC4)cc3)nc3ccsc23)c1,2016.0
CHEMBL3813873,Pexidartinib,FC(F)(F)c1ccc(CNc2ccc(Cc3c[nH]c4ncc(Cl)cc34)cn2)cn1,2019.0
CHEMBL3833301,Barbexaclone,CCC1(c2ccccc2)C(=O)NC(=O)NC1=O.CNC(C)CC1CCCCC1,
CHEMBL3833311,Dextromoramide Tartrate,C[C@@H](CC(C(=O)N1CCCC1)(c1ccccc1)c1ccccc1)N1CCOCC1.O=C(O)C(O)C(O)C(=O)O,
CHEMBL3833314,Aluminum Chloride,O.O.O.O.O.O.[Al+3].[Cl-].[Cl-].[Cl-],
CHEMBL3833319,Revefenacin,CN(CCN1CCC(OC(=O)Nc2ccccc2-c2ccccc2)CC1)C(=O)c1ccc(CN2CCC(C(N)=O)CC2)cc1,2018.0
CHEMBL3833335,Chloral Betaine,C[N+](C)(C)CC(=O)[O-].OC(O)C(Cl)(Cl)Cl,1988.0
CHEMBL3833340,Aztreonam Lysine,C[C@H]1[C@H](NC(=O)/C(=N\OC(C)(C)C(=O)O)c2csc(N)n2)C(=O)N1S(=O)(=O)O.NCCCC[C@H](N)C(=O)O,2009.0
CHEMBL3833350,Magaldrate,O.O=S(=O)([O-])[O-].O=S(=O)([O-])[O-].[Al+3].[Al+3].[Al+3].[Al+3].[Al+3].[Mg+2].[Mg+2].[Mg+2].[Mg+2].[Mg+2].[Mg+2].[Mg+2].[Mg+2].[Mg+2].[Mg+2].[OH-].[OH-].[OH-].[OH-].[OH-].[OH-].[OH-].[OH-].[OH-].[OH-].[OH-].[OH-].[OH-].[OH-].[OH-].[OH-].[OH-].[OH-].[OH-].[OH-].[OH-].[OH-].[OH-].[OH-].[OH-].[OH-].[OH-].[OH-].[OH-].[OH-].[OH-],
CHEMBL3833351,Hydrotalcite,O.O.O.O.O=C([O-])[O-].[Al+3].[Al+3].[Mg+2].[Mg+2].[Mg+2].[Mg+2].[Mg+2].[Mg+2].[OH-].[OH-].[OH-].[OH-].[OH-].[OH-].[OH-].[OH-].[OH-].[OH-].[OH-].[OH-].[OH-].[OH-].[OH-].[OH-],
CHEMBL3833368,Rucaparib Camsylate,CC1(C)[C@@H]2CC[C@@]1(CS(=O)(=O)O)C(=O)C2.CNCc1ccc(-c2[nH]c3cc(F)cc4c3c2CCNC4=O)cc1,2016.0
CHEMBL3833382,Prajmalium,CCC[N+]12[C@H](O)[C@@H](CC)[C@@H]3C[C@H]1[C@@H]1N(C)c4ccccc4[C@]14C[C@H]2[C@@H]3[C@H]4O,
CHEMBL3833388,Prajmalium Bitartrate,CCC[N+]12[C@H](O)[C@@H](CC)[C@@H]3C[C@H]1[C@@H]1N(C)c4ccccc4[C@]14C[C@H]2[C@@H]3[C@H]4O.O=C([O-])C(O)C(O)C(=O)O,
CHEMBL3833389,Dextromoramide,C[C@@H](CC(C(=O)N1CCCC1)(c1ccccc1)c1ccccc1)N1CCOCC1,
CHEMBL3833401,Aluminum Chloride Anhydrous,Cl[Al](Cl)Cl,
CHEMBL3833408,Magaldrate Anhydrous,O=S(=O)([O-])[O-].O=S(=O)([O-])[O-].[Al+3].[Al+3].[Al+3].[Al+3].[Al+3].[Mg+2].[Mg+2].[Mg+2].[Mg+2].[Mg+2].[Mg+2].[Mg+2].[Mg+2].[Mg+2].[Mg+2].[OH-].[OH-].[OH-].[OH-].[OH-].[OH-].[OH-].[OH-].[OH-].[OH-].[OH-].[OH-].[OH-].[OH-].[OH-].[OH-].[OH-].[OH-].[OH-].[OH-].[OH-].[OH-].[OH-].[OH-].[OH-].[OH-].[OH-].[OH-].[OH-].[OH-].[OH-],
CHEMBL3833409,Hydrotalcite Anhydrous,O=C([O-])[O-].[Al+3].[Al+3].[Mg+2].[Mg+2].[Mg+2].[Mg+2].[Mg+2].[Mg+2].[OH-].[OH-].[OH-].[OH-].[OH-].[OH-].[OH-].[OH-].[OH-].[OH-].[OH-].[OH-].[OH-].[OH-].[OH-].[OH-],
CHEMBL3889654,Larotrectinib,O=C(Nc1cnn2ccc(N3CCC[C@@H]3c3cc(F)ccc3F)nc12)N1CC[C@H](O)C1,2018.0
CHEMBL3894860,Trilaciclib,CN1CCN(c2ccc(Nc3ncc4cc5n(c4n3)C3(CCCCC3)CNC5=O)nc2)CC1,2021.0
CHEMBL3936761,Zanubrutinib,C=CC(=O)N1CCC([C@@H]2CCNc3c(C(N)=O)c(-c4ccc(Oc5ccccc5)cc4)nn32)CC1,2019.0
CHEMBL3940890,Acoramidis,Cc1n[nH]c(C)c1CCCOc1cc(C(=O)O)ccc1F,2024.0
CHEMBL3948730,Umbralisib,CC(C)Oc1ccc(-c2nn([C@@H](C)c3oc4ccc(F)cc4c(=O)c3-c3cccc(F)c3)c3ncnc(N)c23)cc1F,2021.0
CHEMBL3988900,Zinc Oxide,[O-2].[Zn+2],2006.0
CHEMBL3989401,Pamidronate Disodium,NCCC(O)(P(=O)([O-])O)P(=O)([O-])O.O.O.O.O.O.[Na+].[Na+],1991.0
CHEMBL3989402,Peramivir,CCC(CC)[C@H](NC(C)=O)[C@@H]1[C@H](O)[C@@H](C(=O)O)C[C@H]1NC(=N)N.O.O.O,2014.0
CHEMBL3989403,Zomepirac Sodium,Cc1cc(CC(=O)[O-])n(C)c1C(=O)c1ccc(Cl)cc1.O.O.[Na+],1980.0
CHEMBL3989406,Enalaprilat,C[C@H](N[C@@H](CCc1ccccc1)C(=O)O)C(=O)N1CCC[C@H]1C(=O)O.O.O,1988.0
CHEMBL3989408,Ibuprofen Sodium,CC(C)Cc1ccc(C(C)C(=O)[O-])cc1.O.O.[Na+],2012.0
CHEMBL3989410,Indomethacin Sodium,COc1ccc2c(c1)c(CC(=O)[O-])c(C)n2C(=O)c1ccc(Cl)cc1.O.O.O.[Na+],1985.0
CHEMBL3989461,Rose Bengal Sodium I 131,O=C([O-])c1c(Cl)c(Cl)c(Cl)c(Cl)c1-c1c2cc([131I])c(=O)c(I)c-2oc2c(I)c([O-])c([131I])cc12.[Na+].[Na+],1971.0
CHEMBL3989478,Thiethylperazine Maleate,CCSc1ccc2c(c1)N(CCCN1CCN(C)CC1)c1ccccc1S2.O=C(O)/C=C\C(=O)O.O=C(O)/C=C\C(=O)O,1961.0
CHEMBL3989480,Magnesium Citrate,O=C([O-])CC(O)(CC(=O)[O-])C(=O)[O-].O=C([O-])CC(O)(CC(=O)[O-])C(=O)[O-].[Mg+2].[Mg+2].[Mg+2],
CHEMBL3989507,Edetate Disodium,O.O.O=C([O-])CN(CCN(CC(=O)[O-])CC(=O)O)CC(=O)O.[Na+].[Na+],1982.0
CHEMBL3989509,Pentazocine Lactate,CC(C)=CCN1CCC2(C)c3cc(O)ccc3CC1C2C.CC(O)C(=O)O,1967.0
CHEMBL3989510,Pentazocine Hydrochloride,CC(C)=CCN1CCC2(C)c3cc(O)ccc3CC1C2C.Cl,1969.0
CHEMBL3989511,Iobenguane Sulfate I 131,N=C(N)NCc1cccc([131I])c1.N=C(N)NCc1cccc([131I])c1.O=S(=O)(O)O,1994.0
CHEMBL3989514,Irinotecan Hydrochloride,CCc1c2c(nc3ccc(OC(=O)N4CCC(N5CCCCC5)CC4)cc13)-c1cc3c(c(=O)n1C2)COC(=O)[C@]3(O)CC.Cl.O.O.O,1996.0
CHEMBL3989515,Penicillin G Benzathine,CC1(C)S[C@@H]2[C@H](NC(=O)Cc3ccccc3)C(=O)N2[C@H]1C(=O)O.CC1(C)S[C@@H]2[C@H](NC(=O)Cc3ccccc3)C(=O)N2[C@H]1C(=O)O.O.O.O.O.c1ccc(CNCCNCc2ccccc2)cc1,1952.0
CHEMBL3989516,Fostamatinib Disodium,COc1cc(Nc2ncc(F)c(Nc3ccc4c(n3)N(COP(=O)([O-])[O-])C(=O)C(C)(C)O4)n2)cc(OC)c1OC.O.O.O.O.O.O.[Na+].[Na+],2018.0
CHEMBL3989517,Ioflupane I 123,COC(=O)[C@H]1[C@@H](c2ccc([123I])cc2)C[C@@H]2CC[C@H]1N2CCCF,2000.0
CHEMBL3989519,Doxapram Hydrochloride,CCN1CC(CCN2CCOCC2)C(c2ccccc2)(c2ccccc2)C1=O.Cl.O,1965.0
CHEMBL3989520,Histamine Phosphate,NCCc1c[nH]cn1.O=P(O)(O)O.O=P(O)(O)O,1939.0
CHEMBL3989521,Isoproterenol Sulfate,CC(C)NCC(O)c1ccc(O)c(O)c1.CC(C)NCC(O)c1ccc(O)c(O)c1.O.O.O=S(=O)(O)O,1956.0
CHEMBL3989522,Edetate Calcium Disodium Monohydrate,O.O=C([O-])CN(CCN(CC(=O)[O-])CC(=O)[O-])CC(=O)[O-].[Ca+2].[Na+].[Na+],1953.0
CHEMBL3989523,Iobenguane Sulfate I 123,N=C(N)NCc1cccc([123I])c1.N=C(N)NCc1cccc([123I])c1.O=S(=O)(O)O,2008.0
CHEMBL3989529,Ethanolamine Oleate,CCCCCCCC/C=C\CCCCCCCC(=O)O.NCCO,1988.0
CHEMBL3989543,Vindesine Sulfate,CC[C@]1(O)C[C@@H]2CN(CCc3c([nH]c4ccccc34)[C@@](C(=O)OC)(c3cc4c(cc3OC)N(C)[C@H]3[C@@](O)(C(N)=O)[C@H](O)[C@]5(CC)C=CCN6CC[C@]43[C@@H]65)C2)C1.O=S(=O)(O)O,
CHEMBL3989551,Lincomycin Hydrochloride,CCC[C@@H]1C[C@@H](C(=O)N[C@@H]([C@H]2O[C@H](SC)[C@H](O)[C@@H](O)[C@H]2O)[C@@H](C)O)N(C)C1.Cl.O,1964.0
CHEMBL3989555,Meclizine Hydrochloride,Cc1cccc(CN2CCN(C(c3ccccc3)c3ccc(Cl)cc3)CC2)c1.Cl.Cl.O,1957.0
CHEMBL3989556,Remoxipride Hydrochloride,CCN1CCC[C@H]1CNC(=O)c1c(OC)ccc(Br)c1OC.Cl.O,1990.0
CHEMBL3989559,Pantoprazole Sodium,COc1ccnc(C[S+]([O-])c2nc3cc(OC(F)F)ccc3[n-]2)c1OC.O.[Na+],2000.0
CHEMBL3989562,Terazosin Hydrochloride,COc1cc2nc(N3CCN(C(=O)C4CCCO4)CC3)nc(N)c2cc1OC.Cl.O.O,1987.0
CHEMBL3989564,Tobramycin Sulfate,NC[C@H]1O[C@H](O[C@H]2[C@H](O)[C@@H](O[C@H]3O[C@H](CO)[C@@H](O)[C@H](N)[C@H]3O)[C@H](N)C[C@@H]2N)[C@H](N)C[C@@H]1O.NC[C@H]1O[C@H](O[C@H]2[C@H](O)[C@@H](O[C@H]3O[C@H](CO)[C@@H](O)[C@H](N)[C@H]3O)[C@H](N)C[C@@H]2N)[C@H](N)C[C@@H]1O.O=S(=O)(O)O.O=S(=O)(O)O.O=S(=O)(O)O.O=S(=O)(O)O.O=S(=O)(O)O,1975.0
CHEMBL3989566,Metoprolol Fumarate,COCCc1ccc(OCC(O)CNC(C)C)cc1.COCCc1ccc(OCC(O)CNC(C)C)cc1.O=C(O)/C=C/C(=O)O,1989.0
CHEMBL3989567,Oxacillin Sodium,Cc1onc(-c2ccccc2)c1C(=O)N[C@@H]1C(=O)N2[C@@H]1SC(C)(C)[C@@H]2C(=O)[O-].O.[Na+],1971.0
CHEMBL3989568,Oxytetracycline Calcium,CN(C)[C@@H]1C([O-])=C(C(N)=O)C(=O)[C@@]2(O)C(O)=C3C(=O)c4c(O)cccc4[C@@](C)(O)[C@H]3[C@H](O)[C@@H]12.CN(C)[C@@H]1C([O-])=C(C(N)=O)C(=O)[C@@]2(O)C(O)=C3C(=O)c4c(O)cccc4[C@@](C)(O)[C@H]3[C@H](O)[C@@H]12.[Ca+2],1982.0
CHEMBL3989569,Ibandronate Sodium,CCCCCN(C)CCC(O)(P(=O)([O-])O)P(=O)(O)O.O.[Na+],1996.0
CHEMBL3989571,Spectinomycin Hydrochloride,CN[C@@H]1[C@H](O)[C@H](NC)[C@H]2O[C@@]3(O)C(=O)C[C@@H](C)O[C@H]3O[C@@H]2[C@H]1O.Cl.Cl.O.O.O.O.O,1971.0
CHEMBL3989676,Oxyphenbutazone,CCCCC1C(=O)N(c2ccccc2)N(c2ccc(O)cc2)C1=O.O,1960.0
CHEMBL3989677,Hydrocodone Bitartrate,COc1ccc2c3c1O[C@H]1C(=O)CC[C@H]4[C@@H](C2)N(C)CC[C@]314.O.O.O=C(O)C(O)C(O)C(=O)O,1943.0
CHEMBL3989678,Piperazine Citrate,C1CNCCN1.C1CNCCN1.C1CNCCN1.O.O=C(O)CC(O)(CC(=O)O)C(=O)O.O=C(O)CC(O)(CC(=O)O)C(=O)O,1954.0
CHEMBL3989691,Eltrombopag Olamine,CC1=NN(c2ccc(C)c(C)c2)C(=O)/C1=N\Nc1cccc(-c2cccc(C(=O)O)c2)c1O.NCCO.NCCO,2008.0
CHEMBL3989693,Levalbuterol Tartrate,CC(C)(C)NC[C@H](O)c1ccc(O)c(CO)c1.CC(C)(C)NC[C@H](O)c1ccc(O)c(CO)c1.O=C(O)C(O)C(O)C(=O)O,2005.0
CHEMBL3989694,Olanzapine Pamoate,Cc1cc2c(s1)Nc1ccccc1N=C2N1CCN(C)CC1.O.O=C(O)c1cc2ccccc2c(Cc2c(O)c(C(=O)O)cc3ccccc23)c1O,2008.0
CHEMBL3989695,Regadenoson,CNC(=O)c1cnn(-c2nc(N)c3ncn([C@@H]4O[C@H](CO)[C@@H](O)[C@H]4O)c3n2)c1.O,2008.0
CHEMBL3989697,Riboflavin 5'-Phosphate Sodium,Cc1cc2nc3c(=O)[nH]c(=O)nc-3n(C[C@H](O)[C@H](O)[C@H](O)COP(=O)([O-])O)c2cc1C.O.O.[Na+],1985.0
CHEMBL3989698,Tranylcypromine Sulfate,N[C@@H]1C[C@H]1c1ccccc1.N[C@H]1C[C@@H]1c1ccccc1.O=S(=O)(O)O,1961.0
CHEMBL3989715,Mupirocin Calcium,C/C(=C\C(=O)OCCCCCCCCC(=O)[O-])C[C@@H]1OC[C@H](C[C@@H]2O[C@H]2[C@@H](C)[C@H](C)O)[C@@H](O)[C@H]1O.C/C(=C\C(=O)OCCCCCCCCC(=O)[O-])C[C@@H]1OC[C@H](C[C@@H]2O[C@H]2[C@@H](C)[C@H](C)O)[C@@H](O)[C@H]1O.O.O.[Ca+2],1995.0
CHEMBL3989716,Propoxyphene Napsylate,CCC(=O)O[C@](Cc1ccccc1)(c1ccccc1)[C@H](C)CN(C)C.O.O=S(=O)(O)c1ccc2ccccc2c1,1971.0
CHEMBL3989724,Flurazepam Hydrochloride,CCN(CC)CCN1C(=O)CN=C(c2ccccc2F)c2cc(Cl)ccc21.Cl.Cl,1970.0
CHEMBL3989725,Lodoxamide Tromethamine,N#Cc1cc(NC(=O)C(=O)O)c(Cl)c(NC(=O)C(=O)O)c1.NC(CO)(CO)CO.NC(CO)(CO)CO,1993.0
CHEMBL3989728,Menadiol Sodium Diphosphate,Cc1cc(OP(=O)([O-])[O-])c2ccccc2c1OP(=O)([O-])[O-].O.O.O.O.O.O.[Na+].[Na+].[Na+].[Na+],1982.0
CHEMBL3989740,Doxycycline Hyclate,CCO.C[C@H]1c2cccc(O)c2C(=O)C2=C(O)[C@]3(O)C(=O)C(C(N)=O)=C(O)[C@@H](N(C)C)[C@@H]3[C@@H](O)[C@@H]21.C[C@H]1c2cccc(O)c2C(=O)C2=C(O)[C@]3(O)C(=O)C(C(N)=O)=C(O)[C@@H](N(C)C)[C@@H]3[C@@H](O)[C@@H]21.Cl.Cl.O,1967.0
CHEMBL3989750,Glucosamine Sulfate,N[C@H]1C(O)O[C@H](CO)[C@@H](O)[C@@H]1O.N[C@H]1C(O)O[C@H](CO)[C@@H](O)[C@@H]1O.O=S(=O)(O)O,
CHEMBL3989754,Flurbiprofen Sodium,CC(C(=O)[O-])c1ccc(-c2ccccc2)c(F)c1.O.O.[Na+],1986.0
CHEMBL3989756,Talc,O.O=[Mg].O=[Mg].O=[Mg].O=[Si]=O.O=[Si]=O.O=[Si]=O.O=[Si]=O,1997.0
CHEMBL3989766,Oritavancin Diphosphate,CN[C@H](CC(C)C)C(=O)N[C@H]1C(=O)N[C@@H](CC(N)=O)C(=O)N[C@H]2C(=O)N[C@H]3C(=O)N[C@H](C(=O)N[C@H](C(=O)O)c4cc(O)cc(O)c4-c4cc3ccc4O)[C@H](O[C@H]3C[C@](C)(N)[C@@H](O)[C@H](C)O3)c3ccc(c(Cl)c3)Oc3cc2cc(c3O[C@@H]2O[C@H](CO)[C@@H](O)[C@H](O)[C@H]2O[C@H]2C[C@](C)(NCc3ccc(-c4ccc(Cl)cc4)cc3)[C@@H](O)[C@H](C)O2)Oc2ccc(cc2Cl)[C@H]1O.O=P(O)(O)O.O=P(O)(O)O,2014.0
CHEMBL3989768,Levorphanol Tartrate,CN1CC[C@]23CCCC[C@H]2[C@H]1Cc1ccc(O)cc13.O.O.O=C(O)C(O)C(O)C(=O)O,1991.0
CHEMBL3989777,Trientine Hydrochloride,Cl.Cl.NCCNCCNCCN,1985.0
CHEMBL3989798,Formoterol Fumarate,COc1ccc(CC(C)NCC(O)c2ccc(O)c(NC=O)c2)cc1.COc1ccc(CC(C)NCC(O)c2ccc(O)c(NC=O)c2)cc1.O.O.O=C(O)/C=C/C(=O)O,2001.0
CHEMBL3989803,Dipyrone,Cc1c(N(C)CS(=O)(=O)[O-])c(=O)n(-c2ccccc2)n1C.O.[Na+],
CHEMBL3989806,Iodipamide Meglumine,CNC[C@H](O)[C@@H](O)[C@H](O)[C@H](O)CO.CNC[C@H](O)[C@@H](O)[C@H](O)[C@H](O)CO.O=C(CCCCC(=O)Nc1c(I)cc(I)c(C(=O)O)c1I)Nc1c(I)cc(I)c(C(=O)O)c1I,1982.0
CHEMBL3989820,Zolpidem Tartrate,Cc1ccc(-c2nc3ccc(C)cn3c2CC(=O)N(C)C)cc1.Cc1ccc(-c2nc3ccc(C)cn3c2CC(=O)N(C)C)cc1.O=C(O)C(O)C(O)C(=O)O,1992.0
CHEMBL3989821,Tubocurarine Chloride,COc1cc2c3cc1Oc1cc(ccc1O)C[C@@H]1c4c(cc(OC)c(O)c4Oc4ccc(cc4)C[C@@H]3N(C)CC2)CC[N+]1(C)C.Cl.O.O.O.O.O.[Cl-],1945.0
CHEMBL3989822,Potassium Citrate,O.O=C([O-])CC(O)(CC(=O)[O-])C(=O)[O-].[K+].[K+].[K+],1985.0
CHEMBL3989824,Thiothixene Hydrochloride,CN1CCN(CC/C=C2/c3ccccc3Sc3ccc(S(=O)(=O)N(C)C)cc32)CC1.Cl.Cl.O.O,1970.0
CHEMBL3989826,Oxycodone Terephthalate,COc1ccc2c3c1O[C@H]1C(=O)CC[C@@]4(O)[C@@H](C2)N(C)CC[C@]314.COc1ccc2c3c1O[C@H]1C(=O)CC[C@@]4(O)[C@@H](C2)N(C)CC[C@]314.O=C(O)c1ccc(C(=O)O)cc1,1950.0
CHEMBL3989829,Netilmicin Sulfate,CCN[C@@H]1C[C@H](N)[C@@H](O[C@H]2OC(CN)=CC[C@H]2N)[C@H](O)[C@H]1O[C@H]1OC[C@](C)(O)[C@H](NC)[C@H]1O.CCN[C@@H]1C[C@H](N)[C@@H](O[C@H]2OC(CN)=CC[C@H]2N)[C@H](O)[C@H]1O[C@H]1OC[C@](C)(O)[C@H](NC)[C@H]1O.O=S(=O)(O)O.O=S(=O)(O)O.O=S(=O)(O)O.O=S(=O)(O)O.O=S(=O)(O)O,1983.0
CHEMBL3989830,Sibutramine Hydrochloride,CC(C)CC(N(C)C)C1(c2ccc(Cl)cc2)CCC1.Cl.O,1997.0
CHEMBL3989833,Ziprasidone Mesylate,CS(=O)(=O)O.O.O.O.O=C1Cc2cc(CCN3CCN(c4nsc5ccccc45)CC3)c(Cl)cc2N1,2002.0
CHEMBL3989843,Tranylcypromine,N[C@@H]1C[C@H]1c1ccccc1.N[C@H]1C[C@@H]1c1ccccc1,1961.0
CHEMBL3989844,Dextroamphetamine Saccharate,C[C@H](N)Cc1ccccc1.O=C(O)[C@@H](O)[C@@H](O)[C@H](O)[C@@H](O)C(=O)O,1996.0
CHEMBL3989845,Imipramine Pamoate,CN(C)CCCN1c2ccccc2CCc2ccccc21.CN(C)CCCN1c2ccccc2CCc2ccccc21.O=C(O)c1cc2ccccc2c(Cc2c(O)c(C(=O)O)cc3ccccc23)c1O,1973.0
CHEMBL3989850,Ecamsule,CC1(C)C2CCC1(CS(=O)(=O)O)C(=O)C2=Cc1ccc(C=C2C(=O)C3(CS(=O)(=O)O)CCC2C3(C)C)cc1,2006.0
CHEMBL3989855,Pseudoephedrine Sulfate,CN[C@@H](C)[C@@H](O)c1ccccc1.CN[C@@H](C)[C@@H](O)c1ccccc1.O=S(=O)(O)O,1963.0
CHEMBL3989856,Sodium Sulfate,O.O.O.O.O.O.O.O.O.O.O=S(=O)([O-])[O-].[Na+].[Na+],1984.0
CHEMBL3989857,Magnesium Sulfate,O.O.O.O.O.O.O.O=S(=O)([O-])[O-].[Mg+2],1981.0
CHEMBL3989858,Magnesium Acetate Tetrahydrate,CC(=O)[O-].CC(=O)[O-].O.O.O.O.[Mg+2],1982.0
CHEMBL3989859,Tocopherol Acetate,CC(=O)Oc1c(C)c(C)c2c(c1C)CCC(C)(CCC[C@H](C)CCC[C@H](C)CCCC(C)C)O2,2000.0
CHEMBL3989861,Desvenlafaxine Fumarate,CN(C)CC(c1ccc(O)cc1)C1(O)CCCCC1.O.O=C(O)/C=C/C(=O)O,2013.0
CHEMBL3989866,Bictegravir,O=C(NCc1c(F)cc(F)cc1F)c1cn2c(c(O)c1=O)C(=O)N1[C@H]3CC[C@H](C3)O[C@@H]1C2,2018.0
CHEMBL3989867,Bictegravir Sodium,O=C(NCc1c(F)cc(F)cc1F)c1cn2c(c([O-])c1=O)C(=O)N1[C@H]3CC[C@H](C3)O[C@@H]1C2.[Na+],2018.0
CHEMBL3989868,Tucatinib,Cc1cc(Nc2ncnc3ccc(NC4=NC(C)(C)CO4)cc23)ccc1Oc1ccn2ncnc2c1,2020.0
CHEMBL3989869,Umbralisib Tosylate,CC(C)Oc1ccc(-c2nn([C@@H](C)c3oc4ccc(F)cc4c(=O)c3-c3cccc(F)c3)c3ncnc(N)c23)cc1F.Cc1ccc(S(=O)(=O)O)cc1,2021.0
CHEMBL3989871,Avacopan,Cc1ccc(NC(=O)[C@H]2CCCN(C(=O)c3c(C)cccc3F)[C@H]2c2ccc(NC3CCCC3)cc2)cc1C(F)(F)F,2021.0
CHEMBL3989885,Trimeprazine Tartrate,CC(CN(C)C)CN1c2ccccc2Sc2ccccc21.CC(CN(C)C)CN1c2ccccc2Sc2ccccc21.O=C(O)C(O)C(O)C(=O)O,1982.0
CHEMBL3989887,Tacrolimus,C=CC[C@@H]1/C=C(\C)C[C@H](C)C[C@H](OC)[C@H]2O[C@@](O)(C(=O)C(=O)N3CCCC[C@H]3C(=O)O[C@H](/C(C)=C/[C@@H]3CC[C@@H](O)[C@H](OC)C3)[C@H](C)[C@@H](O)CC1=O)[C@H](C)C[C@@H]2OC.O,1994.0
CHEMBL3989908,Enasidenib,CC(C)(O)CNc1nc(Nc2ccnc(C(F)(F)F)c2)nc(-c2cccc(C(F)(F)F)n2)n1,2017.0
CHEMBL3989909,Leniolisib Phosphate,CCC(=O)N1CC[C@H](Nc2ncnc3c2CN(c2cnc(OC)c(C(F)(F)F)c2)CC3)C1.O=P(O)(O)O,2023.0
CHEMBL3989917,Fosnetupitant,Cc1ccccc1-c1cc(N2CC[N+](C)(COP(=O)([O-])O)CC2)ncc1N(C)C(=O)C(C)(C)c1cc(C(F)(F)F)cc(C(F)(F)F)c1,2018.0
CHEMBL3989919,Fosnetupitant Chloride Hydrochloride,Cc1ccccc1-c1cc(N2CC[N+](C)(COP(=O)(O)O)CC2)ncc1N(C)C(=O)C(C)(C)c1cc(C(F)(F)F)cc(C(F)(F)F)c1.Cl.[Cl-],2018.0
CHEMBL3989920,Pitavastatin Sodium,O=C([O-])C[C@H](O)C[C@H](O)/C=C/c1c(C2CC2)nc2ccccc2c1-c1ccc(F)cc1.[Na+],2017.0
CHEMBL3989921,Neratinib Maleate,CCOc1cc2ncc(C#N)c(Nc3ccc(OCc4ccccn4)c(Cl)c3)c2cc1NC(=O)/C=C/CN(C)C.O=C(O)/C=C\C(=O)O,2017.0
CHEMBL3989922,Niraparib Tosylate Monohydrate,Cc1ccc(S(=O)(=O)O)cc1.NC(=O)c1cccc2cn(-c3ccc([C@@H]4CCCNC4)cc3)nc12.O,2017.0
CHEMBL3989923,Pitavastatin Magnesium,O=C([O-])C[C@H](O)C[C@H](O)/C=C/c1c(C2CC2)nc2ccccc2c1-c1ccc(F)cc1.O=C([O-])C[C@H](O)C[C@H](O)/C=C/c1c(C2CC2)nc2ccccc2c1-c1ccc(F)cc1.[Mg+2],2017.0
CHEMBL3989928,Rezafungin Acetate,CC(=O)[O-].CCCCCOc1ccc(-c2ccc(-c3ccc(C(=O)N[C@H]4C[C@@H](O)[C@@H](OCC[N+](C)(C)C)NC(=O)[C@@H]5[C@@H](O)[C@@H](C)CN5C(=O)[C@H]([C@@H](C)O)NC(=O)[C@H]([C@H](O)[C@@H](O)c5ccc(O)cc5)NC(=O)[C@@H]5C[C@@H](O)CN5C(=O)[C@H]([C@@H](C)O)NC4=O)cc3)cc2)cc1,2023.0
CHEMBL3989931,Enasidenib Mesylate,CC(C)(O)CNc1nc(Nc2ccnc(C(F)(F)F)c2)nc(-c2cccc(C(F)(F)F)n2)n1.CS(=O)(=O)O,2017.0
CHEMBL3989933,Etrasimod Arginine,N=C(N)NCCC[C@@H](N)C(=O)O.O=C(O)C[C@H]1CCc2c1[nH]c1ccc(OCc3ccc(C4CCCC4)c(C(F)(F)F)c3)cc21,2023.0
CHEMBL3989937,Capmatinib Hydrochloride,CNC(=O)c1ccc(-c2cnc3ncc(Cc4ccc5ncccc5c4)n3n2)cc1F.Cl.Cl.O,2020.0
CHEMBL3989939,Larotrectinib Sulfate,O=C(Nc1cnn2ccc(N3CCC[C@@H]3c3cc(F)ccc3F)nc12)N1CC[C@H](O)C1.O=S(=O)(O)O,2018.0
CHEMBL3989944,Diroximel Fumarate,COC(=O)/C=C/C(=O)OCCN1C(=O)CCC1=O,2019.0
CHEMBL3989945,Rezafungin,CCCCCOc1ccc(-c2ccc(-c3ccc(C(=O)N[C@H]4C[C@@H](O)[C@@H](OCC[N+](C)(C)C)NC(=O)[C@@H]5[C@@H](O)[C@@H](C)CN5C(=O)[C@H]([C@@H](C)O)NC(=O)[C@H]([C@H](O)[C@@H](O)c5ccc(O)cc5)NC(=O)[C@@H]5C[C@@H](O)CN5C(=O)[C@H]([C@@H](C)O)NC4=O)cc3)cc2)cc1,2023.0
CHEMBL3989949,Cenobamate,NC(=O)O[C@@H](Cn1ncnn1)c1ccccc1Cl,2020.0
CHEMBL3989958,Ivosidenib,N#Cc1ccnc(N2C(=O)CC[C@H]2C(=O)N(c2cncc(F)c2)[C@H](C(=O)NC2CC(F)(F)C2)c2ccccc2Cl)c1,2018.0
CHEMBL3989960,Seladelpar Lysine,CCO[C@H](COc1ccc(C(F)(F)F)cc1)CSc1ccc(OCC(=O)O)c(C)c1.NCCCC[C@H](N)C(=O)O.O.O,2024.0
CHEMBL3989962,Pemetrexed Tromethamine,NC(CO)(CO)CO.NC(CO)(CO)CO.Nc1nc(=O)c2c(CCc3ccc(C(=O)N[C@@H](CCC(=O)O)C(=O)O)cc3)c[nH]c2[nH]1.O.O,2017.0
CHEMBL3989973,Pexidartinib Hydrochloride,Cl.FC(F)(F)c1ccc(CNc2ccc(Cc3c[nH]c4ncc(Cl)cc34)cn2)cn1,2019.0
CHEMBL3989974,Cefiderocol,CC(C)(O/N=C(\C(=O)N[C@@H]1C(=O)N2C(C(=O)[O-])=C(C[N+]3(CCNC(=O)c4ccc(O)c(O)c4Cl)CCCC3)CS[C@H]12)c1csc(N)n1)C(=O)O,2019.0
CHEMBL3990047,Ozenoxacin,CNc1ncc(-c2ccc3c(=O)c(C(=O)O)cn(C4CC4)c3c2C)cc1C,2017.0
CHEMBL3990276,Talc Anhydrous,O=[Mg].O=[Mg].O=[Mg].O=[Si]=O.O=[Si]=O.O=[Si]=O.O=[Si]=O,1997.0
CHEMBL3990694,Piperazine Citrate Anhydrous,C1CNCCN1.C1CNCCN1.C1CNCCN1.O=C(O)CC(O)(CC(=O)O)C(=O)O.O=C(O)CC(O)(CC(=O)O)C(=O)O,1954.0
CHEMBL3991065,Atogepant,C[C@@H]1[C@H](c2c(F)ccc(F)c2F)C[C@H](NC(=O)c2cnc3c(c2)C[C@@]2(C3)C(=O)Nc3ncccc32)C(=O)N1CC(F)(F)F,2021.0
CHEMBL4065616,Remdesivir,CCC(CC)COC(=O)[C@H](C)N[P@](=O)(OC[C@H]1O[C@@](C#N)(c2ccc3c(N)ncnn23)[C@H](O)[C@@H]1O)Oc1ccccc1,2020.0
CHEMBL4066936,Vericiguat,COC(=O)Nc1c(N)nc(-c2nn(Cc3ccccc3F)c3ncc(F)cc23)nc1N,2021.0
CHEMBL4071161,Tirabrutinib,CC#CC(=O)N1CC[C@@H](n2c(=O)n(-c3ccc(Oc4ccccc4)cc3)c3c(N)ncnc32)C1,2020.0
CHEMBL4085457,Ritlecitinib,C=CC(=O)N1C[C@H](Nc2ncnc3[nH]ccc23)CC[C@@H]1C,2023.0
CHEMBL4101807,Voxelotor,CC(C)n1nccc1-c1ncccc1COc1cccc(O)c1C=O,2019.0
CHEMBL4105630,Zuranolone,C[C@@]1(O)CC[C@H]2[C@H](CC[C@@H]3[C@@H]2CC[C@]2(C)[C@@H](C(=O)Cn4cc(C#N)cn4)CC[C@@H]32)C1,2023.0
CHEMBL4113131,Ensartinib,C[C@@H]1CN(C(=O)c2ccc(NC(=O)c3cc(O[C@H](C)c4c(Cl)ccc(F)c4Cl)c(N)nn3)cc2)C[C@H](C)N1,2024.0
CHEMBL4164059,Pitolisant Hydrochloride,Cl.Clc1ccc(CCCOCCCN2CCCCC2)cc1,2016.0
CHEMBL4173394,Brilliant Blue G,CCOc1ccc(Nc2ccc(/C(=C3/C=C/C(=[N+](/CC)Cc4cccc(S(=O)(=O)[O-])c4)C=C3C)c3ccc(N(CC)Cc4cccc(S(=O)(=O)[O-])c4)cc3C)cc2)cc1.[Na+],2019.0
CHEMBL4204794,Avapritinib,Cn1cc(-c2cc3c(N4CCN(c5ncc([C@@](C)(N)c6ccc(F)cc6)cn5)CC4)ncnn3c2)cn1,2020.0
CHEMBL4208229,Asciminib,O=C(Nc1ccc(OC(F)(F)Cl)cc1)c1cnc(N2CC[C@@H](O)C2)c(-c2cc[nH]n2)c1,2021.0
CHEMBL4208954,Amikacin Sulfate,NCC[C@H](O)C(=O)N[C@@H]1C[C@H](N)[C@@H](O[C@H]2O[C@H](CN)[C@@H](O)[C@H](O)[C@H]2O)[C@H](O)[C@H]1O[C@H]1O[C@H](CO)[C@@H](O)[C@H](N)[C@H]1O.O=S(=O)(O)O.O=S(=O)(O)O,1981.0
CHEMBL4216467,Ripretinib,CCn1c(=O)c(-c2cc(NC(=O)Nc3ccccc3)c(F)cc2Br)cc2cnc(NC)cc21,2020.0
CHEMBL4250860,Danicopan,CC(=O)c1nn(CC(=O)N2C[C@H](F)C[C@H]2C(=O)Nc2cccc(Br)n2)c2ccc(-c3cnc(C)nc3)cc12,2024.0
CHEMBL4279047,Vorasidenib,C[C@@H](Nc1nc(N[C@H](C)C(F)(F)F)nc(-c2cccc(Cl)n2)n1)C(F)(F)F,2024.0
CHEMBL4297064,Milnacipran Hydrochloride,CCN(CC)C(=O)C1(c2ccccc2)CC1CN.Cl,2009.0
CHEMBL4297065,Spinosad,CC[C@H]1CCC[C@H](O[C@H]2CC[C@H](N(C)C)[C@@H](C)O2)[C@@H](C)C(=O)C2=C[C@@H]3[C@@H](C=C(C)[C@@H]4C[C@@H](O[C@@H]5O[C@@H](C)[C@H](OC)[C@@H](OC)[C@H]5OC)C[C@@H]34)[C@@H]2CC(=O)O1.CC[C@H]1CCC[C@H](O[C@H]2CC[C@H](N(C)C)[C@@H](C)O2)[C@@H](C)C(=O)C2=C[C@H]3[C@@H]4C[C@H](O[C@@H]5O[C@@H](C)[C@H](OC)[C@@H](OC)[C@H]5OC)C[C@H]4C=C[C@H]3C2CC(=O)O1,2011.0
CHEMBL4297088,Chlorhexidine Gluconate,N=C(NCCCCCCNC(=N)NC(=N)Nc1ccc(Cl)cc1)NC(=N)Nc1ccc(Cl)cc1.O=C(O)[C@H](O)[C@@H](O)[C@H](O)[C@H](O)CO.O=C(O)[C@H](O)[C@@H](O)[C@H](O)[C@H](O)CO,1976.0
CHEMBL4297091,Codeine Sulfate,COc1ccc2c3c1O[C@H]1[C@@H](O)C=C[C@H]4[C@@H](C2)N(C)CC[C@@]341.COc1ccc2c3c1O[C@H]1[C@@H](O)C=C[C@H]4[C@@H](C2)N(C)CC[C@@]341.O.O.O.O=S(=O)(O)O,2009.0
CHEMBL4297101,Ceftobiprole Medocaril Sodium,Cc1oc(=O)oc1COC(=O)N1CC[C@@H](N2CC/C(=C\C3=C(C(=O)[O-])N4C(=O)[C@@H](NC(=O)/C(=N/O)c5nsc(N)n5)[C@H]4SC3)C2=O)C1.[Na+],2024.0
CHEMBL4297147,Haloperidol Lactate,CC(O)C(=O)O.O=C(CCCN1CCC(O)(c2ccc(Cl)cc2)CC1)c1ccc(F)cc1,1967.0
CHEMBL4297165,Chloroquine Hydrochloride,CCN(CC)CCCC(C)Nc1ccnc2cc(Cl)ccc12.Cl.Cl,1949.0
CHEMBL4297185,Darolutamide,CC(O)c1cc(C(=O)N[C@@H](C)Cn2ccc(-c3ccc(C#N)c(Cl)c3)n2)n[nH]1,2019.0
CHEMBL4297211,Cefiderocol Sulfate Tosylate,CC(C)(O/N=C(\C(=O)N[C@@H]1C(=O)N2C(C(=O)O)=C(C[N+]3(CCNC(=O)c4ccc(O)c(O)c4Cl)CCCC3)CS[C@H]12)c1csc(N)n1)C(=O)O.CC(C)(O/N=C(\C(=O)N[C@@H]1C(=O)N2C(C(=O)O)=C(C[N+]3(CCNC(=O)c4ccc(O)c(O)c4Cl)CCCC3)CS[C@H]12)c1csc(N)n1)C(=O)O.CC(C)(O/N=C(\C(=O)N[C@@H]1C(=O)N2C(C(=O)O)=C(C[N+]3(CCNC(=O)c4ccc(O)c(O)c4Cl)CCCC3)CS[C@H]12)c1csc(N)n1)C(=O)O.Cc1ccc(S(=O)(=O)O)cc1.Cc1ccc(S(=O)(=O)O)cc1.Cc1ccc(S(=O)(=O)O)cc1.Cc1ccc(S(=O)(=O)[O-])cc1.O.O=S(=O)([O-])[O-],2019.0
CHEMBL4297212,Solriamfetol Hydrochloride,Cl.NC(=O)OC[C@H](N)Cc1ccccc1,2019.0
CHEMBL4297216,Fedratinib Hydrochloride,Cc1cnc(Nc2ccc(OCCN3CCCC3)cc2)nc1Nc1cccc(S(=O)(=O)NC(C)(C)C)c1.Cl.Cl.O,2019.0
CHEMBL4297220,Asciminib Hydrochloride,Cl.O=C(Nc1ccc(OC(F)(F)Cl)cc1)c1cnc(N2CC[C@@H](O)C2)c(-c2cc[nH]n2)c1,2021.0
CHEMBL4297223,Mitapivat Sulfate,O.O.O.O=C(c1ccc(NS(=O)(=O)c2cccc3cccnc23)cc1)N1CCN(CC2CC2)CC1.O=C(c1ccc(NS(=O)(=O)c2cccc3cccnc23)cc1)N1CCN(CC2CC2)CC1.O=S(=O)(O)O,2022.0
CHEMBL4297334,Piflufolastat F18,O=C(O)CC[C@H](NC(=O)N[C@@H](CCCCNC(=O)c1ccc([18F])nc1)C(=O)O)C(=O)O,2021.0
CHEMBL4297378,Durlobactam Sodium,CC1=C[C@@H]2CN(C(=O)N2OS(=O)(=O)[O-])[C@@H]1C(N)=O.[Na+],2023.0
CHEMBL4297403,Melphalan Flufenamide Hydrochloride,CCOC(=O)[C@H](Cc1ccc(F)cc1)NC(=O)[C@@H](N)Cc1ccc(N(CCCl)CCCl)cc1.Cl,2021.0
CHEMBL4297412,Pafolacianine,CC1(C)C(/C=C/C2=C(Oc3ccc(C[C@H](NC(=O)c4ccc(NCc5cnc6nc(N)[nH]c(=O)c6n5)cc4)C(=O)[O-])cc3)/C(=C/C=C3\N(CCCCS(=O)(=O)[O-])c4ccc(S(=O)(=O)[O-])cc4C3(C)C)CCC2)=[N+](CCCCS(=O)(=O)[O-])c2ccc(S(=O)(=O)[O-])cc21.[H+].[H+].[H+].[H+],2021.0
CHEMBL4297503,Baloxavir Marboxil,COC(=O)OCOc1c2n(ccc1=O)N([C@@H]1c3ccccc3SCc3c1ccc(F)c3F)[C@@H]1COCCN1C2=O,2018.0
CHEMBL4297509,Elacestrant,CCNCCc1ccc(CN(CC)c2cc(OC)ccc2[C@@H]2CCc3cc(O)ccc3C2)cc1,2023.0
CHEMBL4297513,Ibrexafungerp,CC(C)[C@@H](C)[C@@]1(C)CC[C@]2(C)[C@H]3CC[C@@H]4[C@@]5(COC[C@@]4(C)[C@@H](OC[C@](C)(N)C(C)(C)C)[C@H](n4ncnc4-c4ccncc4)C5)C3=CC[C@@]2(C)[C@@H]1C(=O)O,2021.0
CHEMBL4297516,Lurbinectedin,COc1ccc2[nH]c3c(c2c1)CCN[C@]31CS[C@@H]2c3c(OC(C)=O)c(C)c4c(c3[C@H](COC1=O)N1[C@@H]2[C@H]2c3c(cc(C)c(OC)c3O)C[C@@H]([C@@H]1O)N2C)OCO4,2020.0
CHEMBL4297517,Mavacamten,CC(C)n1c(=O)cc(N[C@@H](C)c2ccccc2)[nH]c1=O,2022.0
CHEMBL4297522,Pemigatinib,CCN1C(=O)N(c2c(F)c(OC)cc(OC)c2F)Cc2cnc3[nH]c(CN4CCOCC4)cc3c21,2020.0
CHEMBL4297526,Remimazolam,COC(=O)CC[C@@H]1N=C(c2ccccn2)c2cc(Br)ccc2-n2c(C)cnc21,2020.0
CHEMBL4297528,Risdiplam,Cc1cn2nc(-c3cc(=O)n4cc(N5CCNC6(CC6)C5)ccc4n3)cc(C)c2n1,2020.0
CHEMBL4297534,Glasdegib Maleate,CN1CC[C@@H](NC(=O)Nc2ccc(C#N)cc2)C[C@@H]1c1nc2ccccc2[nH]1.O=C(O)/C=C\C(=O)O,2018.0
CHEMBL4297585,Triheptanoin,CCCCCCC(=O)OCC(COC(=O)CCCCCC)OC(=O)CCCCCC,2020.0
CHEMBL4297588,Odevixibat,CCCCC1(CCCC)CN(c2ccccc2)c2cc(SC)c(OCC(=O)N[C@@H](C(=O)N[C@@H](CC)C(=O)O)c3ccc(O)cc3)cc2S(=O)(=O)N1,2021.0
CHEMBL4297590,Daridorexant,COc1ccc(-n2nccn2)c(C(=O)N2CCC[C@@]2(C)c2nc3c(C)c(Cl)ccc3[nH]2)c1,2022.0
CHEMBL4297592,Amenamevir,Cc1cccc(C)c1N(CC(=O)Nc1ccc(-c2ncon2)cc1)C(=O)C1CCS(=O)(=O)CC1,2017.0
CHEMBL4297603,Deutivacaftor,[2H]C([2H])([2H])C(c1cc(C(C)(C)C)c(NC(=O)c2c[nH]c3ccccc3c2=O)cc1O)(C([2H])([2H])[2H])C([2H])([2H])[2H],2024.0
CHEMBL4297610,Olutasidenib,C[C@H](Nc1ccc(C#N)n(C)c1=O)c1cc2cc(Cl)ccc2[nH]c1=O,2022.0
CHEMBL4297620,Solriamfetol,NC(=O)OC[C@H](N)Cc1ccccc1,2019.0
CHEMBL4297666,Omidenepag Isopropyl,CC(C)OC(=O)CNc1cccc(CN(Cc2ccc(-n3cccn3)cc2)S(=O)(=O)c2cccnc2)n1,2022.0
CHEMBL4298128,Elexacaftor,Cc1nn(C)cc1S(=O)(=O)NC(=O)c1ccc(-n2ccc(OCC(C)(C)C(F)(F)F)n2)nc1N1C[C@@H](C)CC1(C)C,2019.0
CHEMBL4298137,Durlobactam,CC1=C[C@@H]2CN(C(=O)N2OS(=O)(=O)O)[C@@H]1C(N)=O,2023.0
CHEMBL4298138,Repotrectinib,C[C@H]1CNC(=O)c2cnn3ccc(nc23)N[C@H](C)c2cc(F)ccc2O1,2023.0
CHEMBL4298139,Serdexmethylphenidate Chloride,COC(=O)[C@H](c1ccccc1)[C@H]1CCCCN1C(=O)OC[n+]1cccc(C(=O)N[C@@H](CO)C(=O)O)c1.[Cl-],2021.0
CHEMBL4298149,Arimoclomol Citrate,O=C(O)CC(O)(CC(=O)O)C(=O)O.[O-][n+]1cccc(/C(Cl)=N/OC[C@H](O)CN2CCCCC2)c1,2024.0
CHEMBL4298150,Siponimod Fumaric Acid,CCc1cc(/C(C)=N/OCc2ccc(C3CCCCC3)c(C(F)(F)F)c2)ccc1CN1CC(C(=O)O)C1.CCc1cc(/C(C)=N/OCc2ccc(C3CCCCC3)c(C(F)(F)F)c2)ccc1CN1CC(C(=O)O)C1.O=C(O)/C=C/C(=O)O,2019.0
CHEMBL4298153,Nirogacestat Hydrobromide,Br.Br.CCC[C@H](N[C@H]1CCc2cc(F)cc(F)c2C1)C(=O)Nc1cn(C(C)(C)CNCC(C)(C)C)cn1,2023.0
CHEMBL4298167,Filgotinib Maleate,O=C(Nc1nc2cccc(-c3ccc(CN4CCS(=O)(=O)CC4)cc3)n2n1)C1CC1.O=C(O)/C=C\C(=O)O,2020.0
CHEMBL4298168,Ibrexafungerp Citrate,CC(C)[C@@H](C)[C@@]1(C)CC[C@]2(C)[C@H]3CC[C@@H]4[C@@]5(COC[C@@]4(C)[C@@H](OC[C@](C)(N)C(C)(C)C)[C@H](n4ncnc4-c4ccncc4)C5)C3=CC[C@@]2(C)[C@@H]1C(=O)O.O=C(O)CC(O)(CC(=O)O)C(=O)O,2021.0
CHEMBL4298171,Linzagolix Choline,COc1cc(F)c(-n2c(=O)[nH]c3csc(C(=O)[O-])c3c2=O)cc1OCc1c(OC)ccc(F)c1F.C[N+](C)(C)CCO,2022.0
CHEMBL4299851,Piflufolastat,O=C(O)CC[C@H](NC(=O)N[C@@H](CCCCNC(=O)c1ccc(F)nc1)C(=O)O)C(=O)O,2021.0
CHEMBL4299940,Mitapivat,O=C(c1ccc(NS(=O)(=O)c2cccc3cccnc23)cc1)N1CCN(CC2CC2)CC1,2022.0
CHEMBL4301162,Serdexmethylphenidate,COC(=O)[C@H](c1ccccc1)[C@H]1CCCCN1C(=O)OC[n+]1cccc(C(=O)N[C@@H](CO)C(=O)O)c1,2021.0
CHEMBL4301898,Brilliant Blue G Free Acid,CCOc1ccc(Nc2ccc(/C(=C3/C=C/C(=[N+](/CC)Cc4cccc(S(=O)(=O)[O-])c4)C=C3C)c3ccc(N(CC)Cc4cccc(S(=O)(=O)O)c4)cc3C)cc2)cc1,2019.0
CHEMBL4303060,Melphalan Flufenamide,CCOC(=O)[C@H](Cc1ccc(F)cc1)NC(=O)[C@@H](N)Cc1ccc(N(CCCl)CCCl)cc1,2021.0
CHEMBL4303214,Fruquintinib,CNC(=O)c1c(C)oc2cc(Oc3ncnc4cc(OC)c(OC)cc34)ccc12,2023.0
CHEMBL4303232,Cefotiam Hydrochloride,CN(C)CCn1nnnc1SCC1=C(C(=O)O)N2C(=O)[C@@H](NC(=O)Cc3csc(N)n3)[C@H]2SC1.Cl.Cl,1988.0
CHEMBL4303288,Abacavir Sulfate,Nc1nc(NC2CC2)c2ncn([C@H]3C=C[C@@H](CO)C3)c2n1.Nc1nc(NC2CC2)c2ncn([C@H]3C=C[C@@H](CO)C3)c2n1.O=S(=O)(O)O,1998.0
CHEMBL4303454,Doripenem Monohydrate,C[C@@H](O)[C@H]1C(=O)N2C(C(=O)O)=C(S[C@@H]3CN[C@H](CNS(N)(=O)=O)C3)[C@H](C)[C@H]12.O,2008.0
CHEMBL4303525,Omaveloxolone,CC1(C)CC[C@]2(NC(=O)C(C)(F)F)CC[C@]3(C)[C@H](C(=O)C=C4[C@@]5(C)C=C(C#N)C(=O)C(C)(C)[C@@H]5CC[C@]43C)[C@@H]2C1,2023.0
CHEMBL4303669,Zoledronic Acid,O.O=P(O)(O)C(O)(Cn1ccnc1)P(=O)(O)O,2001.0
CHEMBL4435170,Deucravacitinib,[2H]C([2H])([2H])NC(=O)c1nnc(NC(=O)C2CC2)cc1Nc1cccc(-c2ncn(C)n2)c1OC,2022.0
CHEMBL4458276,Enmetazobactam,Cn1cc[n+](C[C@@]2(C)[C@H](C(=O)[O-])N3C(=O)C[C@H]3S2(=O)=O)n1,2024.0
CHEMBL4535757,Sotorasib,C=CC(=O)N1CCN(c2nc(=O)n(-c3c(C)ccnc3C(C)C)c3nc(-c4c(O)cccc4F)c(F)cc23)[C@@H](C)C1,2021.0
CHEMBL4558324,Lazertinib,C=CC(=O)Nc1cc(Nc2nccc(-n3cc(CN(C)C)c(-c4ccccc4)n3)n2)c(OC)cc1N1CCOCC1,2024.0
CHEMBL4559134,Selpercatinib,COc1ccc(CN2C3CC2CN(c2ccc(-c4cc(OCC(C)(C)O)cn5ncc(C#N)c45)cn2)C3)cn1,2020.0
CHEMBL4582651,Pralsetinib,CO[C@]1(C(=O)N[C@@H](C)c2ccc(-n3cc(F)cn3)nc2)CC[C@H](c2nc(C)cc(Nc3cc(C)[nH]n3)n2)CC1,2020.0
CHEMBL4585668,Belzutifan,CS(=O)(=O)c1ccc(Oc2cc(F)cc(C#N)c2)c2c1[C@H](O)[C@H](F)[C@@H]2F,2021.0
CHEMBL4594217,Canagliflozin,Cc1ccc([C@@H]2O[C@H](CO)[C@@H](O)[C@H](O)[C@H]2O)cc1Cc1ccc(-c2ccc(F)cc2)s1.O,2011.0
CHEMBL4594231,Iodoxamate Meglumine,CNC[C@H](O)[C@@H](O)[C@H](O)[C@H](O)CO.CNC[C@H](O)[C@@H](O)[C@H](O)[C@H](O)CO.O=C(CCOCCOCCOCCOCCC(=O)Nc1c(I)cc(I)c(C(=O)O)c1I)Nc1c(I)cc(I)c(C(=O)O)c1I,1982.0
CHEMBL4594246,Sulopenem Etzadroxil,CCC(CC)C(=O)OCOC(=O)C1=C(S[C@H]2CC[S+]([O-])C2)S[C@@H]2[C@@H]([C@@H](C)O)C(=O)N12,2024.0
CHEMBL4594250,Netarsudil,Cc1ccc(C(=O)OCc2ccc([C@@H](CN)C(=O)Nc3ccc4cnccc4c3)cc2)c(C)c1,2017.0
CHEMBL4594251,Netarsudil Dimesylate,CS(=O)(=O)O.CS(=O)(=O)O.Cc1ccc(C(=O)OCc2ccc([C@@H](CN)C(=O)Nc3ccc4cnccc4c3)cc2)c(C)c1,2017.0
CHEMBL4594260,Tazemetostat Hydrobromide,Br.CCN(c1cc(-c2ccc(CN3CCOCC3)cc2)cc(C(=O)NCc2c(C)cc(C)[nH]c2=O)c1C)C1CCOCC1,2020.0
CHEMBL4594261,Fluoroestradiol F-18,C[C@]12CC[C@@H]3c4ccc(O)cc4CC[C@H]3[C@@H]1C[C@@H]([18F])[C@@H]2O,2020.0
CHEMBL4594262,Amlodipine Benzoate,CCOC(=O)C1=C(COCCN)NC(C)=C(C(=O)OC)C1c1ccccc1Cl.O=C(O)c1ccccc1,2019.0
CHEMBL4594273,Elacestrant Hydrochloride,CCNCCc1ccc(CN(CC)c2cc(OC)ccc2[C@@H]2CCc3cc(O)ccc3C2)cc1.Cl.Cl,2023.0
CHEMBL4594278,Gefapixant Citrate,COc1cc(C(C)C)c(Oc2cnc(N)nc2N)cc1S(N)(=O)=O.O=C(O)CC(O)(CC(=O)O)C(=O)O,2023.0
CHEMBL4594287,Ensifentrine,COc1cc2c(cc1OC)-c1c/c(=N\c3c(C)cc(C)cc3C)n(CCNC(N)=O)c(=O)n1CC2,2024.0
CHEMBL4594288,Levamlodipine Maleate,CCOC(=O)C1=C(COCCN)NC(C)=C(C(=O)OC)[C@@H]1c1ccccc1Cl.O=C(O)/C=C\C(=O)O,2019.0
CHEMBL4594292,Tepotinib Hydrochloride,CN1CCC(COc2cnc(-c3cccc(Cn4nc(-c5cccc(C#N)c5)ccc4=O)c3)nc2)CC1.Cl.O,2021.0
CHEMBL4594293,Acalabrutinib Maleate,CC#CC(=O)N1CCC[C@H]1c1nc(-c2ccc(C(=O)Nc3ccccn3)cc2)c2c(N)nccn12.O=C(O)/C=C\C(=O)O,2020.0
CHEMBL4594300,Fosdenopterin Hydrobromide,Br.Nc1nc(=O)c2c([nH]1)N[C@@H]1O[C@@H]3COP(=O)(O)O[C@@H]3C(O)(O)[C@@H]1N2.O.O,2021.0
CHEMBL4594301,Remimazolam Besylate,COC(=O)CC[C@@H]1N=C(c2ccccn2)c2cc(Br)ccc2-n2c(C)cnc21.O=S(=O)(O)c1ccccc1,2020.0
CHEMBL4594350,Adagrasib,C=C(F)C(=O)N1CCN(c2nc(OC[C@@H]3CCCN3C)nc3c2CCN(c2cccc4cccc(Cl)c24)C3)C[C@@H]1CC#N,2022.0
CHEMBL4594379,Foslevodopa,N[C@@H](Cc1ccc(OP(=O)(O)O)c(O)c1)C(=O)O,2024.0
CHEMBL4594382,Deuruxolitinib Phosphate,O=P(O)(O)O.[2H]C1([2H])C([C@@H](CC#N)n2cc(-c3ncnc4[nH]ccc34)cn2)C([2H])([2H])C([2H])([2H])C1([2H])[2H],2024.0
CHEMBL4594383,Pafolacianine Sodium,CC1(C)C(/C=C/C2=C(Oc3ccc(C[C@H](NC(=O)c4ccc(NCc5cnc6nc(N)[nH]c(=O)c6n5)cc4)C(=O)[O-])cc3)/C(=C/C=C3\N(CCCCS(=O)(=O)[O-])c4ccc(S(=O)(=O)[O-])cc4C3(C)C)CCC2)=[N+](CCCCS(=O)(=O)[O-])c2ccc(S(=O)(=O)[O-])cc21.[Na+].[Na+].[Na+].[Na+],2021.0
CHEMBL4594393,Calcium Oxybate,O=C([O-])CCCO.O=C([O-])CCCO.[Ca+2],2020.0
CHEMBL4594394,Magnesium Oxybate,O=C([O-])CCCO.O=C([O-])CCCO.[Mg+2],2020.0
CHEMBL4594395,Potassium Oxybate,O=C([O-])CCCO.[K+],2020.0
CHEMBL4594411,"Xenon Xe-129, Hyperpolarized",[129Xe],2022.0
CHEMBL4594438,Lenacapavir,CC(C)(C#Cc1ccc(-c2ccc(Cl)c3c(NS(C)(=O)=O)nn(CC(F)(F)F)c23)c([C@H](Cc2cc(F)cc(F)c2)NC(=O)Cn2nc(C(F)(F)F)c3c2C(F)(F)[C@@H]2C[C@H]32)n1)S(C)(=O)=O,2022.0
CHEMBL4594448,Iptacopan,CCO[C@H]1CCN(Cc2c(OC)cc(C)c3[nH]ccc23)[C@H](c2ccc(C(=O)O)cc2)C1,2023.0
CHEMBL4596392,Cravacitinib,CNC(=O)c1nnc(NC(=O)C2CC2)cc1Nc1cccc(-c2ncn(C)n2)c1OC,2022.0
CHEMBL4650215,Inavolisib,C[C@H](Nc1ccc2c(c1)OCCn1cc(N3C(=O)OC[C@H]3C(F)F)nc1-2)C(N)=O,2024.0
CHEMBL4650216,Daridorexant Hydrochloride,COc1ccc(-n2nccn2)c(C(=O)N2CCC[C@@]2(C)c2nc3c(C)c(Cl)ccc3[nH]2)c1.Cl,2022.0
CHEMBL4650220,Zavegepant Hydrochloride,Cc1cc(C[C@@H](NC(=O)N2CCC(c3cc4ccccc4[nH]c3=O)CC2)C(=O)N2CCN(C3CCN(C)CC3)CC2)cc2cn[nH]c12.Cl,2023.0
CHEMBL4650226,Acoramidis Hydrochloride,Cc1n[nH]c(C)c1CCCOc1cc(C(=O)O)ccc1F.Cl,2024.0
CHEMBL4650272,Trilaciclib Dihydrochloride,CN1CCN(c2ccc(Nc3ncc4cc5n(c4n3)C3(CCCCC3)CNC5=O)nc2)CC1.Cl.Cl,2021.0
CHEMBL4650319,Mobocertinib,C=CC(=O)Nc1cc(Nc2ncc(C(=O)OC(C)C)c(-c3cn(C)c4ccccc34)n2)c(OC)cc1N(C)CCN(C)C,2021.0
CHEMBL4650485,Pirtobrutinib,COc1ccc(F)cc1C(=O)NCc1ccc(-c2nn([C@@H](C)C(F)(F)F)c(N)c2C(N)=O)cc1,2023.0
CHEMBL4650827,Revumenib,CCN(C(=O)c1cc(F)ccc1Oc1cncnc1N1CC2(CCN(C[C@H]3CC[C@H](NS(=O)(=O)CC)CC3)CC2)C1)C(C)C,2024.0
CHEMBL4802130,Belumosudil Mesylate,CC(C)NC(=O)COc1cccc(-c2nc(Nc3ccc4[nH]ncc4c3)c3ccccc3n2)c1.CS(=O)(=O)O,2021.0
CHEMBL4802135,Nirmatrelvir,CC(C)(C)[C@H](NC(=O)C(F)(F)F)C(=O)N1C[C@H]2[C@@H]([C@H]1C(=O)N[C@H](C#N)C[C@@H]1CCNC1=O)C2(C)C,2023.0
CHEMBL4802239,Mobocertinib Succinate,C=CC(=O)Nc1cc(Nc2ncc(C(=O)OC(C)C)c(-c3cn(C)c4ccccc34)n2)c(OC)cc1N(C)CCN(C)C.O=C(O)CCC(=O)O,2021.0
CHEMBL4802240,Foscarbidopa,C[C@@](Cc1ccc(OP(=O)(O)O)c(O)c1)(NN)C(=O)O,2024.0
CHEMBL4802249,Lenacapavir Sodium,CC(C)(C#Cc1ccc(-c2ccc(Cl)c3c([N-]S(C)(=O)=O)nn(CC(F)(F)F)c23)c([C@H](Cc2cc(F)cc(F)c2)NC(=O)Cn2nc(C(F)(F)F)c3c2C(F)(F)[C@@H]2C[C@H]32)n1)S(C)(=O)=O.[Na+],2022.0
CHEMBL5095039,Gallium Ga 68 Gozetotide,O=C([O-])CN(CCN(CC(=O)[O-])Cc1cc(CCC(=O)NCCCCCC(=O)NCCCC[C@H](NC(=O)N[C@@H](CCC(=O)O)C(=O)O)C(=O)O)ccc1[O-])Cc1cc(CCC(=O)O)ccc1[O-].[68Ga+3].[OH3+],2020.0
CHEMBL5095048,Amphetamine Aspartate/Dextroamphetamine Sulfate,CC(N)Cc1ccccc1.C[C@H](N)Cc1ccccc1.C[C@H](N)Cc1ccccc1.NC(CC(=O)O)C(=O)O.O=S(=O)(O)O,2015.0
CHEMBL5095049,Pacritinib Citrate,C1=C/COCc2cc(ccc2OCCN2CCCC2)Nc2nccc(n2)-c2cccc(c2)COC/1.O=C(O)CC(O)(CC(=O)O)C(=O)O,2022.0
CHEMBL5095050,Fingolimod Lauryl Sulfate,CCCCCCCCCCCCOS(=O)(=O)O.CCCCCCCCc1ccc(CCC(N)(CO)CO)cc1,2021.0
CHEMBL5095051,Venlafaxine Besylate,COc1ccc(C(CN(C)C)C2(O)CCCCC2)cc1.O=S(=O)(O)c1ccccc1,2022.0
CHEMBL5095056,Benzgalantamine,COc1ccc2c3c1O[C@H]1C[C@@H](OC(=O)c4ccccc4)C=C[C@@]31CCN(C)C2,2024.0
CHEMBL5095401,Iptacopan Hydrochloride,CCO[C@H]1CCN(Cc2c(OC)cc(C)c3[nH]ccc23)[C@H](c2ccc(C(=O)O)cc2)C1.Cl.O,2023.0
CHEMBL5095420,Trientine Tetrahydrochloride,Cl.Cl.Cl.Cl.NCCNCCNCCN,2017.0
CHEMBL5095505,Amphetamine/Dextroamphetamine,CC(N)Cc1ccccc1.C[C@H](N)Cc1ccccc1.C[C@H](N)Cc1ccccc1,2015.0
CHEMBL5189739,Berotralstat,N#Cc1cccc([C@@H](NCC2CC2)c2ccc(F)c(NC(=O)c3cc(C(F)(F)F)nn3-c3cccc(CN)c3)c2)c1,2020.0
CHEMBL5314362,Entecavir,C=C1[C@H](CO)[C@@H](O)C[C@@H]1n1cnc2c(=O)[nH]c(N)nc21.O,2005.0
CHEMBL5314365,Monensin Sodium,CC[C@@]1([C@H]2O[C@H]([C@H]3O[C@@](O)(CO)[C@H](C)C[C@@H]3C)C[C@H]2C)CC[C@H]([C@@]2(C)CC[C@]3(C[C@H](O)[C@@H](C)[C@@H]([C@H](C)[C@H](OC)[C@@H](C)C(=O)[O-])O3)O2)O1.[Na+],
CHEMBL5314366,Esomeprazole Magnesium,COc1ccc2[nH]c([S@@+]([O-])Cc3ncc(C)c(OC)c3C)nc2c1.COc1ccc2[nH]c([S@@+]([O-])Cc3ncc(C)c(OC)c3C)nc2c1.O.O.O.[Mg+2],2001.0
CHEMBL5314373,"Cefprozil, (E)-",C/C=C/C1=C(C(=O)O)N2C(=O)[C@@H](NC(=O)[C@H](N)c3ccc(O)cc3)[C@H]2SC1.O,1991.0
CHEMBL5314375,Cidofovir,Nc1ccn(C[C@@H](CO)OCP(=O)(O)O)c(=O)n1.O.O,1996.0
CHEMBL5314378,Caspofungin Acetate,CC(=O)O.CC(=O)O.CC[C@H](C)C[C@H](C)CCCCCCCCC(=O)N[C@H]1C[C@@H](O)[C@@H](NCCN)NC(=O)[C@@H]2[C@@H](O)CCN2C(=O)[C@H]([C@H](O)CCN)NC(=O)[C@H]([C@H](O)[C@@H](O)c2ccc(O)cc2)NC(=O)[C@@H]2C[C@@H](O)CN2C(=O)[C@H]([C@@H](C)O)NC1=O,2001.0
CHEMBL5314588,Perfluorohexyloctane,CCCCCCCCC(F)(F)C(F)(F)C(F)(F)C(F)(F)C(F)(F)C(F)(F)F,2023.0
CHEMBL5314600,Tirabrutinib Hydrochloride,CC#CC(=O)N1CC[C@@H](n2c(=O)n(-c3ccc(Oc4ccccc4)cc3)c3c(N)ncnc32)C1.Cl,2020.0
CHEMBL5314649,Ritlecitinib Tosylate,C=CC(=O)N1C[C@H](Nc2ncnc3[nH]ccc23)CC[C@@H]1C.Cc1ccc(S(=O)(=O)O)cc1,2023.0
CHEMBL5314934,Vanzacaftor,CC1(C)C[C@@H]2CCCNc3cccc(n3)S(=O)(=O)NC(=O)c3ccc(-n4ccc(OCCC5C6(CC6)C56CC6)n4)nc3N1C2,2024.0
CHEMBL5315049,Sitagliptin Fumarate,N[C@@H](CC(=O)N1CCn2c(nnc2C(F)(F)F)C1)Cc1cc(F)c(F)cc1F.O=C(O)/C=C\C(=O)O,2021.0
CHEMBL5315053,Pemetrexed Monohydrate,Nc1nc2[nH]cc(CCc3ccc(C(=O)N[C@@H](CCC(=O)O)C(=O)O)cc3)c2c(=O)[nH]1.O,2016.0
CHEMBL5315054,Ertugliflozin Pidolate,CCOc1ccc(Cc2cc([C@]34OC[C@](CO)(O3)[C@@H](O)[C@H](O)[C@H]4O)ccc2Cl)cc1.O=C1CC[C@@H](C(=O)O)N1,2017.0
CHEMBL5315055,Nalmefene Hydrochloride Dihydrate,C=C1CC[C@@]2(O)[C@H]3Cc4ccc(O)c5c4[C@@]2(CCN3CC2CC2)[C@H]1O5.Cl.O.O,2013.0
CHEMBL5315056,Naloxone Hydrochloride Dihydrate,C=CCN1CC[C@]23c4c5ccc(O)c4O[C@H]2C(=O)CC[C@@]3(O)[C@H]1C5.Cl.O.O,2017.0
CHEMBL5315117,Zanamivir Hydrate,CC(=O)N[C@H]1[C@H]([C@H](O)[C@H](O)CO)OC(C(=O)O)=C[C@@H]1NC(=N)N.O,2019.0
CHEMBL5315118,Iloprost Tromethamine,CC#CCC(C)[C@H](O)/C=C/[C@@H]1[C@H]2C/C(=C/CCCC(=O)O)C[C@H]2C[C@H]1O.NC(CO)(CO)CO,2003.0
CHEMBL5315119,Upadacitinib Hemihydrate,CC[C@@H]1CN(C(=O)NCC(F)(F)F)C[C@@H]1c1cnc2cnc3[nH]ccc3n12.CC[C@@H]1CN(C(=O)NCC(F)(F)F)C[C@@H]1c1cnc2cnc3[nH]ccc3n12.O,2019.0
CHEMBL5315120,Odevixibat Sesquihydrate,CCCCC1(CCCC)CN(c2ccccc2)c2cc(SC)c(OCC(=O)N[C@@H](C(=O)N[C@@H](CC)C(=O)O)c3ccc(O)cc3)cc2S(=O)(=O)N1.CCCCC1(CCCC)CN(c2ccccc2)c2cc(SC)c(OCC(=O)N[C@@H](C(=O)N[C@@H](CC)C(=O)O)c3ccc(O)cc3)cc2S(=O)(=O)N1.O.O.O,2021.0
CHEMBL5315121,Tecovirimat Monohydrate,O.O=C(NN1C(=O)[C@@H]2[C@@H]3C=C[C@@H]([C@H]4C[C@@H]34)[C@@H]2C1=O)c1ccc(C(F)(F)F)cc1,2018.0
CHEMBL5315122,Bortezomib D-Mannitol,CC(C)C[C@H](NC(=O)[C@H](Cc1ccccc1)NC(=O)c1cnccn1)B1O[C@H]([C@H](O)CO)[C@@H]([C@H](O)CO)O1,2003.0
CHEMBL5315124,Levofloxacin,C[C@H]1COc2c(N3CCN(C)CC3)c(F)cc3c(=O)c(C(=O)O)cn1c23.C[C@H]1COc2c(N3CCN(C)CC3)c(F)cc3c(=O)c(C(=O)O)cn1c23.O,1996.0
CHEMBL5315125,Duvelisib Monohydrate,C[C@H](Nc1ncnc2nc[nH]c12)c1cc2cccc(Cl)c2c(=O)n1-c1ccccc1.O,2018.0
CHEMBL5416410,Dasatinib,Cc1nc(Nc2ncc(C(=O)Nc3c(C)cccc3Cl)s2)cc(N2CCN(CCO)CC2)n1.O,2006.0
CHEMBL5483015,Arsenic Trioxide,O=[As][As+](=O)[O-],2000.0
CHEMBL5723563,Eliglustat Tartrate,CCCCCCCC(=O)N[C@H](CN1CCCC1)[C@H](O)c1ccc2c(c1)OCCO2.CCCCCCCC(=O)N[C@H](CN1CCCC1)[C@H](O)c1ccc2c(c1)OCCO2.O=C(O)[C@H](O)[C@@H](O)C(=O)O,2014.0
CHEMBL6067642,Codeine Phosphate,COc1ccc2c3c1O[C@H]1[C@@H](O)C=C[C@H]4[C@@H](C2)N(C)CC[C@@]341.COc1ccc2c3c1O[C@H]1[C@@H](O)C=C[C@H]4[C@@H](C2)N(C)CC[C@@]341.O.O=P(O)(O)O.O=P(O)(O)O,1952.0
CHEMBL6067650,Paroxetine Hydrochloride,Cl.Cl.Fc1ccc([C@@H]2CCNC[C@H]2COc2ccc3c(c2)OCO3)cc1.Fc1ccc([C@@H]2CCNC[C@H]2COc2ccc3c(c2)OCO3)cc1.O,1992.0
CHEMBL6067656,Ceftriaxone Sodium,CO/N=C(\C(=O)N[C@@H]1C(=O)N2C(C(=O)[O-])=C(CSc3nc(=O)c([O-])nn3C)CS[C@H]12)c1csc(N)n1.CO/N=C(\C(=O)N[C@@H]1C(=O)N2C(C(=O)[O-])=C(CSc3nc(=O)c([O-])nn3C)CS[C@H]12)c1csc(N)n1.O.O.O.O.O.O.O.[Na+].[Na+].[Na+].[Na+],1984.0
CHEMBL6067972,Varenicline Tartrate,O=C(O)[C@H](O)[C@@H](O)C(=O)O.c1cnc2cc3c(cc2n1)[C@@H]1CNC[C@H]3C1,2006.0
CHEMBL6067988,Rasagiline Tartrate,C#CCN[C@@H]1CCc2ccccc21.C#CCN[C@@H]1CCc2ccccc21.O=C(O)[C@H](O)[C@@H](O)C(=O)O,2016.0
CHEMBL6067995,Berotralstat Hydrochloride,Cl.Cl.N#Cc1cccc([C@@H](NCC2CC2)c2ccc(F)c(NC(=O)c3cc(C(F)(F)F)nn3-c3cccc(CN)c3)c2)c1,2020.0
CHEMBL6067998,Lasofoxifene Tartrate,O=C(O)C(O)C(O)C(=O)O.Oc1ccc2c(c1)CC[C@H](c1ccccc1)[C@@H]2c1ccc(OCCN2CCCC2)cc1,2009.0
CHEMBL6068327,Acetylcysteine Lysine,CC(=O)N[C@@H](CS)C(=O)O.NCCCC[C@H](N)C(=O)O,2024.0
CHEMBL6068328,Eltrombopag Choline,CC1=NN(c2ccc(C)c(C)c2)C(=O)/C1=N\Nc1cccc(-c2cccc(C(=O)[O-])c2)c1O.C[N+](C)(C)CCO,2023.0
CHEMBL6068329,Pemetrexed Dipotassium,Nc1nc2[nH]cc(CCc3ccc(C(=O)N[C@@H](CCC(=O)[O-])C(=O)[O-])cc3)c2c(=O)[nH]1.[K+].[K+],2024.0
CHEMBL6068332,Tenofovir Disoproxil Maleate,CC(C)OC(=O)OCOP(=O)(CO[C@H](C)Cn1cnc2c(N)ncnc21)OCOC(=O)OC(C)C.O=C(O)/C=C\C(=O)O,2016.0
CHEMBL6068333,Clopidogrel Besilate,COC(=O)[C@H](c1ccccc1Cl)N1CCc2sccc2C1.O=S(=O)(O)c1ccccc1,2009.0
CHEMBL6068334,Sitagliptin Hydrochloride Monohydrate,Cl.N[C@@H](CC(=O)N1CCn2c(nnc2C(F)(F)F)C1)Cc1cc(F)c(F)cc1F.O,2022.0
CHEMBL6068335,Pemetrexed Disodium Hemipentahydrate,Nc1nc2[nH]cc(CCc3ccc(C(=O)N[C@@H](CCC(=O)[O-])C(=O)[O-])cc3)c2c(=O)[nH]1.Nc1nc2[nH]cc(CCc3ccc(C(=O)N[C@@H](CCC(=O)[O-])C(=O)[O-])cc3)c2c(=O)[nH]1.O.O.O.O.O.[Na+].[Na+].[Na+].[Na+],2015.0
CHEMBL6068336,Momelotinib Dihydrochloride Monohydrate,Cl.Cl.N#CCNC(=O)c1ccc(-c2ccnc(Nc3ccc(N4CCOCC4)cc3)n2)cc1.O,2024.0
CHEMBL6068337,Lenalidomide Hydrochloride Monohydrate,Cl.Nc1cccc2c1CN(C1CCC(=O)NC1=O)C2=O.O,2021.0
CHEMBL6068338,Clopidogrel Hydrochloride,COC(=O)[C@H](c1ccccc1Cl)N1CCc2sccc2C1.Cl,2009.0
CHEMBL6068339,Irbesartan Hydrochloride,CCCCC1=NC2(CCCC2)C(=O)N1Cc1ccc(-c2ccccc2-c2nnn[nH]2)cc1.Cl,2008.0
CHEMBL6068340,Prasugrel Besylate,CC(=O)Oc1cc2c(s1)CCN(C(C(=O)C1CC1)c1ccccc1F)C2.O=S(=O)(O)c1ccccc1,2018.0
CHEMBL6068341,Tenofovir Disoproxil Phosphate,CC(C)OC(=O)OCOP(=O)(CO[C@H](C)Cn1cnc2c(N)ncnc21)OCOC(=O)OC(C)C.O=P(O)(O)O,2016.0
CHEMBL6068343,Clopidogrel Hydrobromide,Br.COC(=O)[C@H](c1ccccc1Cl)N1CCc2sccc2C1,2011.0
CHEMBL6068395,Revumenib Citrate,CCN(C(=O)c1cc(F)ccc1Oc1cncnc1N1CC2(CCN(C[C@H]3CC[C@H](NS(=O)(=O)CC)CC3)CC2)C1)C(C)C.O.O=C(O)CC(O)(CC(=O)O)C(=O)O,2024.0
CHEMBL6068400,Givinostat Hydrochloride,CCN(CC)Cc1ccc2cc(COC(=O)Nc3ccc(C(=O)NO)cc3)ccc2c1.Cl.O,2024.0
CHEMBL6068423,Estetrol,C[C@]12CC[C@@H]3c4ccc(O)cc4CC[C@H]3[C@@H]1[C@@H](O)[C@@H](O)[C@@H]2O.O,2021.0
CHEMBL6068431,Benzgalantamine Gluconate,COc1ccc2c3c1O[C@H]1C[C@@H](OC(=O)c4ccccc4)C=C[C@@]31CCN(C)C2.O=C(O)C(O)C(O)C(O)C(O)CO,2024.0
CHEMBL6068478,Lazertinib Mesylate,C=CC(=O)Nc1cc(Nc2nccc(-n3cc(CN(C)C)c(-c4ccccc4)n3)n2)c(OC)cc1N1CCOCC1.CS(=O)(=O)O.O,2024.0
